﻿<?xml version="1.0" encoding="utf-8"?>
<abapGit version="v1.0.0" serializer="LCL_OBJECT_TRAN" serializer_version="v1.0.0">
 <asx:abap xmlns:asx="http://www.sap.com/abapxml" version="1.0">
  <asx:values>
   <TSTC>
    <TCODE>ZAG_EXTRACAO</TCODE>
    <PGMNA>ZRAG_EXTRATOR_GENERICO</PGMNA>
    <DYPNO>1000</DYPNO>
    <CINFO>gA==</CINFO>
   </TSTC>
   <TSTCC>
    <TCODE>ZAG_EXTRACAO</TCODE>
    <S_WEBGUI>1</S_WEBGUI>
   </TSTCC>
   <TSTCT>
    <SPRSL>P</SPRSL>
    <TCODE>ZAG_EXTRACAO</TCODE>
    <TTEXT>AGIR - Extração de dados p/ Migração</TTEXT>
   </TSTCT>
  </asx:values>
 </asx:abap>
</abapGit>
