﻿<?xml version="1.0" encoding="utf-8"?>
<abapGit version="v1.0.0" serializer="LCL_OBJECT_TABL" serializer_version="v1.0.0">
 <asx:abap xmlns:asx="http://www.sap.com/abapxml" version="1.0">
  <asx:values>
   <DD02V>
    <TABNAME>ZEAGIR_EQUIPAMENTOS</TABNAME>
    <DDLANGUAGE>P</DDLANGUAGE>
    <TABCLASS>INTTAB</TABCLASS>
    <DDTEXT>Estrutura equipamentos - Cockpit de migração</DDTEXT>
   </DD02V>
   <DD03P_TABLE>
    <DD03P>
     <TABNAME>ZEAGIR_EQUIPAMENTOS</TABNAME>
     <FIELDNAME>EQUNR</FIELDNAME>
     <POSITION>0001</POSITION>
     <ROLLNAME>EQUNR</ROLLNAME>
     <ADMINFIELD>0</ADMINFIELD>
     <SHLPORIGIN>D</SHLPORIGIN>
     <COMPTYPE>E</COMPTYPE>
    </DD03P>
    <DD03P>
     <TABNAME>ZEAGIR_EQUIPAMENTOS</TABNAME>
     <FIELDNAME>EQTYP</FIELDNAME>
     <POSITION>0002</POSITION>
     <ROLLNAME>EQTYP</ROLLNAME>
     <ADMINFIELD>0</ADMINFIELD>
     <COMPTYPE>E</COMPTYPE>
    </DD03P>
    <DD03P>
     <TABNAME>ZEAGIR_EQUIPAMENTOS</TABNAME>
     <FIELDNAME>EQKTX</FIELDNAME>
     <POSITION>0003</POSITION>
     <ROLLNAME>KTX01</ROLLNAME>
     <ADMINFIELD>0</ADMINFIELD>
     <COMPTYPE>E</COMPTYPE>
    </DD03P>
    <DD03P>
     <TABNAME>ZEAGIR_EQUIPAMENTOS</TABNAME>
     <FIELDNAME>EQART</FIELDNAME>
     <POSITION>0004</POSITION>
     <ROLLNAME>EQART</ROLLNAME>
     <ADMINFIELD>0</ADMINFIELD>
     <COMPTYPE>E</COMPTYPE>
    </DD03P>
    <DD03P>
     <TABNAME>ZEAGIR_EQUIPAMENTOS</TABNAME>
     <FIELDNAME>BEGRU</FIELDNAME>
     <POSITION>0005</POSITION>
     <ROLLNAME>IAUTG</ROLLNAME>
     <ADMINFIELD>0</ADMINFIELD>
     <COMPTYPE>E</COMPTYPE>
    </DD03P>
    <DD03P>
     <TABNAME>ZEAGIR_EQUIPAMENTOS</TABNAME>
     <FIELDNAME>DATAB</FIELDNAME>
     <POSITION>0006</POSITION>
     <ROLLNAME>DATAB</ROLLNAME>
     <ADMINFIELD>0</ADMINFIELD>
     <SHLPORIGIN>T</SHLPORIGIN>
     <COMPTYPE>E</COMPTYPE>
    </DD03P>
    <DD03P>
     <TABNAME>ZEAGIR_EQUIPAMENTOS</TABNAME>
     <FIELDNAME>INBDT</FIELDNAME>
     <POSITION>0007</POSITION>
     <ROLLNAME>ILOM_DATAB</ROLLNAME>
     <ADMINFIELD>0</ADMINFIELD>
     <SHLPORIGIN>T</SHLPORIGIN>
     <COMPTYPE>E</COMPTYPE>
    </DD03P>
    <DD03P>
     <TABNAME>ZEAGIR_EQUIPAMENTOS</TABNAME>
     <FIELDNAME>WAERS</FIELDNAME>
     <POSITION>0008</POSITION>
     <ROLLNAME>WAERS</ROLLNAME>
     <ADMINFIELD>0</ADMINFIELD>
     <COMPTYPE>E</COMPTYPE>
    </DD03P>
    <DD03P>
     <TABNAME>ZEAGIR_EQUIPAMENTOS</TABNAME>
     <FIELDNAME>ANSDT</FIELDNAME>
     <POSITION>0009</POSITION>
     <ROLLNAME>ANDTI</ROLLNAME>
     <ADMINFIELD>0</ADMINFIELD>
     <SHLPORIGIN>T</SHLPORIGIN>
     <COMPTYPE>E</COMPTYPE>
    </DD03P>
    <DD03P>
     <TABNAME>ZEAGIR_EQUIPAMENTOS</TABNAME>
     <FIELDNAME>HERST</FIELDNAME>
     <POSITION>0010</POSITION>
     <ROLLNAME>HERST</ROLLNAME>
     <ADMINFIELD>0</ADMINFIELD>
     <COMPTYPE>E</COMPTYPE>
    </DD03P>
    <DD03P>
     <TABNAME>ZEAGIR_EQUIPAMENTOS</TABNAME>
     <FIELDNAME>HERLD</FIELDNAME>
     <POSITION>0011</POSITION>
     <ROLLNAME>HERLD</ROLLNAME>
     <ADMINFIELD>0</ADMINFIELD>
     <COMPTYPE>E</COMPTYPE>
    </DD03P>
    <DD03P>
     <TABNAME>ZEAGIR_EQUIPAMENTOS</TABNAME>
     <FIELDNAME>TYPBZ</FIELDNAME>
     <POSITION>0012</POSITION>
     <ROLLNAME>TYPBZ</ROLLNAME>
     <ADMINFIELD>0</ADMINFIELD>
     <COMPTYPE>E</COMPTYPE>
    </DD03P>
    <DD03P>
     <TABNAME>ZEAGIR_EQUIPAMENTOS</TABNAME>
     <FIELDNAME>BAUJJ</FIELDNAME>
     <POSITION>0013</POSITION>
     <ROLLNAME>BAUJJ</ROLLNAME>
     <ADMINFIELD>0</ADMINFIELD>
     <COMPTYPE>E</COMPTYPE>
    </DD03P>
    <DD03P>
     <TABNAME>ZEAGIR_EQUIPAMENTOS</TABNAME>
     <FIELDNAME>BAUMM</FIELDNAME>
     <POSITION>0014</POSITION>
     <ROLLNAME>BAUMM</ROLLNAME>
     <ADMINFIELD>0</ADMINFIELD>
     <VALEXI>X</VALEXI>
     <SHLPORIGIN>F</SHLPORIGIN>
     <COMPTYPE>E</COMPTYPE>
    </DD03P>
    <DD03P>
     <TABNAME>ZEAGIR_EQUIPAMENTOS</TABNAME>
     <FIELDNAME>SERGE</FIELDNAME>
     <POSITION>0015</POSITION>
     <ROLLNAME>SERGE</ROLLNAME>
     <ADMINFIELD>0</ADMINFIELD>
     <COMPTYPE>E</COMPTYPE>
    </DD03P>
    <DD03P>
     <TABNAME>ZEAGIR_EQUIPAMENTOS</TABNAME>
     <FIELDNAME>SWERK</FIELDNAME>
     <POSITION>0016</POSITION>
     <ROLLNAME>SWERK</ROLLNAME>
     <ADMINFIELD>0</ADMINFIELD>
     <COMPTYPE>E</COMPTYPE>
    </DD03P>
    <DD03P>
     <TABNAME>ZEAGIR_EQUIPAMENTOS</TABNAME>
     <FIELDNAME>STORT</FIELDNAME>
     <POSITION>0017</POSITION>
     <ROLLNAME>PMLOC</ROLLNAME>
     <ADMINFIELD>0</ADMINFIELD>
     <COMPTYPE>E</COMPTYPE>
    </DD03P>
    <DD03P>
     <TABNAME>ZEAGIR_EQUIPAMENTOS</TABNAME>
     <FIELDNAME>SORTFIELD</FIELDNAME>
     <POSITION>0018</POSITION>
     <ROLLNAME>EQFNR</ROLLNAME>
     <ADMINFIELD>0</ADMINFIELD>
     <COMPTYPE>E</COMPTYPE>
    </DD03P>
    <DD03P>
     <TABNAME>ZEAGIR_EQUIPAMENTOS</TABNAME>
     <FIELDNAME>BUKRS</FIELDNAME>
     <POSITION>0019</POSITION>
     <ROLLNAME>BUKRS</ROLLNAME>
     <ADMINFIELD>0</ADMINFIELD>
     <SHLPORIGIN>D</SHLPORIGIN>
     <COMPTYPE>E</COMPTYPE>
    </DD03P>
    <DD03P>
     <TABNAME>ZEAGIR_EQUIPAMENTOS</TABNAME>
     <FIELDNAME>GSBER</FIELDNAME>
     <POSITION>0020</POSITION>
     <ROLLNAME>GSBER</ROLLNAME>
     <ADMINFIELD>0</ADMINFIELD>
     <COMPTYPE>E</COMPTYPE>
    </DD03P>
    <DD03P>
     <TABNAME>ZEAGIR_EQUIPAMENTOS</TABNAME>
     <FIELDNAME>KOSTL</FIELDNAME>
     <POSITION>0021</POSITION>
     <ROLLNAME>KOSTL</ROLLNAME>
     <ADMINFIELD>0</ADMINFIELD>
     <COMPTYPE>E</COMPTYPE>
    </DD03P>
    <DD03P>
     <TABNAME>ZEAGIR_EQUIPAMENTOS</TABNAME>
     <FIELDNAME>IWERK</FIELDNAME>
     <POSITION>0022</POSITION>
     <ROLLNAME>IWERK</ROLLNAME>
     <ADMINFIELD>0</ADMINFIELD>
     <COMPTYPE>E</COMPTYPE>
    </DD03P>
    <DD03P>
     <TABNAME>ZEAGIR_EQUIPAMENTOS</TABNAME>
     <FIELDNAME>INGRP</FIELDNAME>
     <POSITION>0023</POSITION>
     <ROLLNAME>INGRP</ROLLNAME>
     <ADMINFIELD>0</ADMINFIELD>
     <COMPTYPE>E</COMPTYPE>
    </DD03P>
    <DD03P>
     <TABNAME>ZEAGIR_EQUIPAMENTOS</TABNAME>
     <FIELDNAME>GEWRK</FIELDNAME>
     <POSITION>0024</POSITION>
     <ROLLNAME>GEWRK</ROLLNAME>
     <ADMINFIELD>0</ADMINFIELD>
     <COMPTYPE>E</COMPTYPE>
    </DD03P>
    <DD03P>
     <TABNAME>ZEAGIR_EQUIPAMENTOS</TABNAME>
     <FIELDNAME>WERGW</FIELDNAME>
     <POSITION>0025</POSITION>
     <ROLLNAME>WERKS_D</ROLLNAME>
     <ADMINFIELD>0</ADMINFIELD>
     <SHLPORIGIN>D</SHLPORIGIN>
     <COMPTYPE>E</COMPTYPE>
    </DD03P>
    <DD03P>
     <TABNAME>ZEAGIR_EQUIPAMENTOS</TABNAME>
     <FIELDNAME>RBNR</FIELDNAME>
     <POSITION>0026</POSITION>
     <ROLLNAME>RBNR</ROLLNAME>
     <ADMINFIELD>0</ADMINFIELD>
     <COMPTYPE>E</COMPTYPE>
    </DD03P>
    <DD03P>
     <TABNAME>ZEAGIR_EQUIPAMENTOS</TABNAME>
     <FIELDNAME>TPLNR</FIELDNAME>
     <POSITION>0027</POSITION>
     <ROLLNAME>TPLNR</ROLLNAME>
     <ADMINFIELD>0</ADMINFIELD>
     <SHLPORIGIN>D</SHLPORIGIN>
     <COMPTYPE>E</COMPTYPE>
    </DD03P>
    <DD03P>
     <TABNAME>ZEAGIR_EQUIPAMENTOS</TABNAME>
     <FIELDNAME>HEQUI</FIELDNAME>
     <POSITION>0028</POSITION>
     <ROLLNAME>HEQUI</ROLLNAME>
     <ADMINFIELD>0</ADMINFIELD>
     <COMPTYPE>E</COMPTYPE>
    </DD03P>
   </DD03P_TABLE>
  </asx:values>
 </asx:abap>
</abapGit>
