﻿<?xml version="1.0" encoding="utf-8"?>
<abapGit version="v1.0.0" serializer="LCL_OBJECT_TABL" serializer_version="v1.0.0">
 <asx:abap xmlns:asx="http://www.sap.com/abapxml" version="1.0">
  <asx:values>
   <DD02V>
    <TABNAME>ZEAGIR_PONT_MED</TABNAME>
    <DDLANGUAGE>P</DDLANGUAGE>
    <TABCLASS>INTTAB</TABCLASS>
    <DDTEXT>Estrutura para extração de dados  - Pontos de Medição</DDTEXT>
   </DD02V>
   <DD03P_TABLE>
    <DD03P>
     <TABNAME>ZEAGIR_PONT_MED</TABNAME>
     <FIELDNAME>POINT</FIELDNAME>
     <POSITION>0001</POSITION>
     <ROLLNAME>IMRC_POINT</ROLLNAME>
     <ADMINFIELD>0</ADMINFIELD>
     <SHLPORIGIN>D</SHLPORIGIN>
     <COMPTYPE>E</COMPTYPE>
    </DD03P>
    <DD03P>
     <TABNAME>ZEAGIR_PONT_MED</TABNAME>
     <FIELDNAME>MDOCM</FIELDNAME>
     <POSITION>0002</POSITION>
     <ROLLNAME>IMRC_MDOCM</ROLLNAME>
     <ADMINFIELD>0</ADMINFIELD>
     <SHLPORIGIN>D</SHLPORIGIN>
     <COMPTYPE>E</COMPTYPE>
    </DD03P>
    <DD03P>
     <TABNAME>ZEAGIR_PONT_MED</TABNAME>
     <FIELDNAME>EQUNR</FIELDNAME>
     <POSITION>0003</POSITION>
     <ROLLNAME>EQUNR</ROLLNAME>
     <ADMINFIELD>0</ADMINFIELD>
     <SHLPORIGIN>D</SHLPORIGIN>
     <COMPTYPE>E</COMPTYPE>
    </DD03P>
    <DD03P>
     <TABNAME>ZEAGIR_PONT_MED</TABNAME>
     <FIELDNAME>MPTYP</FIELDNAME>
     <POSITION>0004</POSITION>
     <ROLLNAME>IMRC_MPTYP</ROLLNAME>
     <ADMINFIELD>0</ADMINFIELD>
     <COMPTYPE>E</COMPTYPE>
    </DD03P>
    <DD03P>
     <TABNAME>ZEAGIR_PONT_MED</TABNAME>
     <FIELDNAME>INDCT</FIELDNAME>
     <POSITION>0005</POSITION>
     <ROLLNAME>IMRC_INDCT</ROLLNAME>
     <ADMINFIELD>0</ADMINFIELD>
     <VALEXI>X</VALEXI>
     <SHLPORIGIN>F</SHLPORIGIN>
     <COMPTYPE>E</COMPTYPE>
    </DD03P>
    <DD03P>
     <TABNAME>ZEAGIR_PONT_MED</TABNAME>
     <FIELDNAME>PTTXT</FIELDNAME>
     <POSITION>0006</POSITION>
     <ROLLNAME>IMRC_PTTXT</ROLLNAME>
     <ADMINFIELD>0</ADMINFIELD>
     <COMPTYPE>E</COMPTYPE>
    </DD03P>
    <DD03P>
     <TABNAME>ZEAGIR_PONT_MED</TABNAME>
     <FIELDNAME>ATNAM</FIELDNAME>
     <POSITION>0007</POSITION>
     <ROLLNAME>ATNAM</ROLLNAME>
     <ADMINFIELD>0</ADMINFIELD>
     <COMPTYPE>E</COMPTYPE>
    </DD03P>
    <DD03P>
     <TABNAME>ZEAGIR_PONT_MED</TABNAME>
     <FIELDNAME>DESIR</FIELDNAME>
     <POSITION>0008</POSITION>
     <ROLLNAME>IMRC_DESIR</ROLLNAME>
     <ADMINFIELD>0</ADMINFIELD>
     <COMPTYPE>E</COMPTYPE>
    </DD03P>
   </DD03P_TABLE>
  </asx:values>
 </asx:abap>
</abapGit>
