﻿<?xml version="1.0" encoding="utf-8"?>
<abapGit version="v1.0.0" serializer="LCL_OBJECT_TABL" serializer_version="v1.0.0">
 <asx:abap xmlns:asx="http://www.sap.com/abapxml" version="1.0">
  <asx:values>
   <DD02V>
    <TABNAME>ZEAGIR_LOCAL_INST</TABNAME>
    <DDLANGUAGE>P</DDLANGUAGE>
    <TABCLASS>INTTAB</TABCLASS>
    <DDTEXT>Estrutura para extração - Local de Instalação</DDTEXT>
   </DD02V>
   <DD03P_TABLE>
    <DD03P>
     <TABNAME>ZEAGIR_LOCAL_INST</TABNAME>
     <FIELDNAME>TPLNR</FIELDNAME>
     <POSITION>0001</POSITION>
     <ROLLNAME>TPLNR</ROLLNAME>
     <ADMINFIELD>0</ADMINFIELD>
     <SHLPORIGIN>D</SHLPORIGIN>
     <COMPTYPE>E</COMPTYPE>
    </DD03P>
    <DD03P>
     <TABNAME>ZEAGIR_LOCAL_INST</TABNAME>
     <FIELDNAME>TPLKZ</FIELDNAME>
     <POSITION>0002</POSITION>
     <ROLLNAME>TPLKZ</ROLLNAME>
     <ADMINFIELD>0</ADMINFIELD>
     <COMPTYPE>E</COMPTYPE>
    </DD03P>
    <DD03P>
     <TABNAME>ZEAGIR_LOCAL_INST</TABNAME>
     <FIELDNAME>FLTYP</FIELDNAME>
     <POSITION>0003</POSITION>
     <ROLLNAME>FLTYP</ROLLNAME>
     <ADMINFIELD>0</ADMINFIELD>
     <COMPTYPE>E</COMPTYPE>
    </DD03P>
    <DD03P>
     <TABNAME>ZEAGIR_LOCAL_INST</TABNAME>
     <FIELDNAME>TPLMA</FIELDNAME>
     <POSITION>0004</POSITION>
     <ROLLNAME>TPLMA</ROLLNAME>
     <ADMINFIELD>0</ADMINFIELD>
     <SHLPORIGIN>D</SHLPORIGIN>
     <COMPTYPE>E</COMPTYPE>
    </DD03P>
    <DD03P>
     <TABNAME>ZEAGIR_LOCAL_INST</TABNAME>
     <FIELDNAME>PLTXT</FIELDNAME>
     <POSITION>0005</POSITION>
     <ROLLNAME>PLTXT</ROLLNAME>
     <ADMINFIELD>0</ADMINFIELD>
     <COMPTYPE>E</COMPTYPE>
    </DD03P>
    <DD03P>
     <TABNAME>ZEAGIR_LOCAL_INST</TABNAME>
     <FIELDNAME>SWERK</FIELDNAME>
     <POSITION>0006</POSITION>
     <ROLLNAME>SWERK</ROLLNAME>
     <ADMINFIELD>0</ADMINFIELD>
     <COMPTYPE>E</COMPTYPE>
    </DD03P>
    <DD03P>
     <TABNAME>ZEAGIR_LOCAL_INST</TABNAME>
     <FIELDNAME>STORT</FIELDNAME>
     <POSITION>0007</POSITION>
     <ROLLNAME>PMLOC</ROLLNAME>
     <ADMINFIELD>0</ADMINFIELD>
     <COMPTYPE>E</COMPTYPE>
    </DD03P>
    <DD03P>
     <TABNAME>ZEAGIR_LOCAL_INST</TABNAME>
     <FIELDNAME>BUKRS</FIELDNAME>
     <POSITION>0008</POSITION>
     <ROLLNAME>BUKRS</ROLLNAME>
     <ADMINFIELD>0</ADMINFIELD>
     <SHLPORIGIN>D</SHLPORIGIN>
     <COMPTYPE>E</COMPTYPE>
    </DD03P>
    <DD03P>
     <TABNAME>ZEAGIR_LOCAL_INST</TABNAME>
     <FIELDNAME>KOSTL</FIELDNAME>
     <POSITION>0009</POSITION>
     <ROLLNAME>KOSTL</ROLLNAME>
     <ADMINFIELD>0</ADMINFIELD>
     <COMPTYPE>E</COMPTYPE>
    </DD03P>
    <DD03P>
     <TABNAME>ZEAGIR_LOCAL_INST</TABNAME>
     <FIELDNAME>IWERK</FIELDNAME>
     <POSITION>0010</POSITION>
     <ROLLNAME>IWERK</ROLLNAME>
     <ADMINFIELD>0</ADMINFIELD>
     <COMPTYPE>E</COMPTYPE>
    </DD03P>
    <DD03P>
     <TABNAME>ZEAGIR_LOCAL_INST</TABNAME>
     <FIELDNAME>INGRP</FIELDNAME>
     <POSITION>0011</POSITION>
     <ROLLNAME>INGRP</ROLLNAME>
     <ADMINFIELD>0</ADMINFIELD>
     <COMPTYPE>E</COMPTYPE>
    </DD03P>
    <DD03P>
     <TABNAME>ZEAGIR_LOCAL_INST</TABNAME>
     <FIELDNAME>ARBPL</FIELDNAME>
     <POSITION>0012</POSITION>
     <ROLLNAME>ZEPM_ARBPL_RESP</ROLLNAME>
     <ADMINFIELD>0</ADMINFIELD>
     <COMPTYPE>E</COMPTYPE>
    </DD03P>
    <DD03P>
     <TABNAME>ZEAGIR_LOCAL_INST</TABNAME>
     <FIELDNAME>WERKS</FIELDNAME>
     <POSITION>0013</POSITION>
     <ROLLNAME>WERKS_D</ROLLNAME>
     <ADMINFIELD>0</ADMINFIELD>
     <SHLPORIGIN>D</SHLPORIGIN>
     <COMPTYPE>E</COMPTYPE>
    </DD03P>
    <DD03P>
     <TABNAME>ZEAGIR_LOCAL_INST</TABNAME>
     <FIELDNAME>EQART</FIELDNAME>
     <POSITION>0014</POSITION>
     <ROLLNAME>EQART</ROLLNAME>
     <ADMINFIELD>0</ADMINFIELD>
     <COMPTYPE>E</COMPTYPE>
    </DD03P>
    <DD03P>
     <TABNAME>ZEAGIR_LOCAL_INST</TABNAME>
     <FIELDNAME>GSBER</FIELDNAME>
     <POSITION>0015</POSITION>
     <ROLLNAME>GSBER</ROLLNAME>
     <ADMINFIELD>0</ADMINFIELD>
     <COMPTYPE>E</COMPTYPE>
    </DD03P>
   </DD03P_TABLE>
  </asx:values>
 </asx:abap>
</abapGit>
