﻿<?xml version="1.0" encoding="utf-8"?>
<abapGit version="v1.0.0" serializer="LCL_OBJECT_TABL" serializer_version="v1.0.0">
 <asx:abap xmlns:asx="http://www.sap.com/abapxml" version="1.0">
  <asx:values>
   <DD02V>
    <TABNAME>ZEAGIR_NOTAS</TABNAME>
    <DDLANGUAGE>P</DDLANGUAGE>
    <TABCLASS>INTTAB</TABCLASS>
    <DDTEXT>Dados de todas as notas.</DDTEXT>
   </DD02V>
   <DD03P_TABLE>
    <DD03P>
     <TABNAME>ZEAGIR_NOTAS</TABNAME>
     <FIELDNAME>QMART</FIELDNAME>
     <POSITION>0001</POSITION>
     <ROLLNAME>QMART</ROLLNAME>
     <ADMINFIELD>0</ADMINFIELD>
     <COMPTYPE>E</COMPTYPE>
    </DD03P>
    <DD03P>
     <TABNAME>ZEAGIR_NOTAS</TABNAME>
     <FIELDNAME>QMNUM</FIELDNAME>
     <POSITION>0002</POSITION>
     <ROLLNAME>QMNUM</ROLLNAME>
     <ADMINFIELD>0</ADMINFIELD>
     <COMPTYPE>E</COMPTYPE>
    </DD03P>
    <DD03P>
     <TABNAME>ZEAGIR_NOTAS</TABNAME>
     <FIELDNAME>QMTXT</FIELDNAME>
     <POSITION>0003</POSITION>
     <ROLLNAME>QMTXT</ROLLNAME>
     <ADMINFIELD>0</ADMINFIELD>
     <COMPTYPE>E</COMPTYPE>
    </DD03P>
    <DD03P>
     <TABNAME>ZEAGIR_NOTAS</TABNAME>
     <FIELDNAME>QMDAT</FIELDNAME>
     <POSITION>0004</POSITION>
     <ROLLNAME>QMDAT</ROLLNAME>
     <ADMINFIELD>0</ADMINFIELD>
     <SHLPORIGIN>T</SHLPORIGIN>
     <COMPTYPE>E</COMPTYPE>
    </DD03P>
    <DD03P>
     <TABNAME>ZEAGIR_NOTAS</TABNAME>
     <FIELDNAME>MZEIT</FIELDNAME>
     <POSITION>0005</POSITION>
     <ROLLNAME>MZEIT</ROLLNAME>
     <ADMINFIELD>0</ADMINFIELD>
     <SHLPORIGIN>T</SHLPORIGIN>
     <COMPTYPE>E</COMPTYPE>
    </DD03P>
    <DD03P>
     <TABNAME>ZEAGIR_NOTAS</TABNAME>
     <FIELDNAME>ERDAT</FIELDNAME>
     <POSITION>0006</POSITION>
     <ROLLNAME>ERDAT</ROLLNAME>
     <ADMINFIELD>0</ADMINFIELD>
     <SHLPORIGIN>T</SHLPORIGIN>
     <COMPTYPE>E</COMPTYPE>
    </DD03P>
    <DD03P>
     <TABNAME>ZEAGIR_NOTAS</TABNAME>
     <FIELDNAME>AEDAT</FIELDNAME>
     <POSITION>0007</POSITION>
     <ROLLNAME>AEDAT</ROLLNAME>
     <ADMINFIELD>0</ADMINFIELD>
     <SHLPORIGIN>T</SHLPORIGIN>
     <COMPTYPE>E</COMPTYPE>
    </DD03P>
    <DD03P>
     <TABNAME>ZEAGIR_NOTAS</TABNAME>
     <FIELDNAME>AEZEIT</FIELDNAME>
     <POSITION>0008</POSITION>
     <ROLLNAME>AEZEIT</ROLLNAME>
     <ADMINFIELD>0</ADMINFIELD>
     <SHLPORIGIN>T</SHLPORIGIN>
     <COMPTYPE>E</COMPTYPE>
    </DD03P>
    <DD03P>
     <TABNAME>ZEAGIR_NOTAS</TABNAME>
     <FIELDNAME>AUFNR</FIELDNAME>
     <POSITION>0009</POSITION>
     <ROLLNAME>AUFNR</ROLLNAME>
     <ADMINFIELD>0</ADMINFIELD>
     <COMPTYPE>E</COMPTYPE>
    </DD03P>
    <DD03P>
     <TABNAME>ZEAGIR_NOTAS</TABNAME>
     <FIELDNAME>SWERK</FIELDNAME>
     <POSITION>0010</POSITION>
     <ROLLNAME>SWERK</ROLLNAME>
     <ADMINFIELD>0</ADMINFIELD>
     <COMPTYPE>E</COMPTYPE>
    </DD03P>
    <DD03P>
     <TABNAME>ZEAGIR_NOTAS</TABNAME>
     <FIELDNAME>STORT</FIELDNAME>
     <POSITION>0011</POSITION>
     <ROLLNAME>STORT</ROLLNAME>
     <ADMINFIELD>0</ADMINFIELD>
     <COMPTYPE>E</COMPTYPE>
    </DD03P>
    <DD03P>
     <TABNAME>ZEAGIR_NOTAS</TABNAME>
     <FIELDNAME>KTXT40</FIELDNAME>
     <POSITION>0012</POSITION>
     <ROLLNAME>TEXT40</ROLLNAME>
     <ADMINFIELD>0</ADMINFIELD>
     <COMPTYPE>E</COMPTYPE>
    </DD03P>
    <DD03P>
     <TABNAME>ZEAGIR_NOTAS</TABNAME>
     <FIELDNAME>TPLNR</FIELDNAME>
     <POSITION>0013</POSITION>
     <ROLLNAME>TPLNR</ROLLNAME>
     <ADMINFIELD>0</ADMINFIELD>
     <SHLPORIGIN>D</SHLPORIGIN>
     <COMPTYPE>E</COMPTYPE>
    </DD03P>
    <DD03P>
     <TABNAME>ZEAGIR_NOTAS</TABNAME>
     <FIELDNAME>EQUNR</FIELDNAME>
     <POSITION>0014</POSITION>
     <ROLLNAME>EQUNR</ROLLNAME>
     <ADMINFIELD>0</ADMINFIELD>
     <SHLPORIGIN>D</SHLPORIGIN>
     <COMPTYPE>E</COMPTYPE>
    </DD03P>
    <DD03P>
     <TABNAME>ZEAGIR_NOTAS</TABNAME>
     <FIELDNAME>EQFNR</FIELDNAME>
     <POSITION>0015</POSITION>
     <ROLLNAME>EQFNR</ROLLNAME>
     <ADMINFIELD>0</ADMINFIELD>
     <COMPTYPE>E</COMPTYPE>
    </DD03P>
    <DD03P>
     <TABNAME>ZEAGIR_NOTAS</TABNAME>
     <FIELDNAME>EQART</FIELDNAME>
     <POSITION>0016</POSITION>
     <ROLLNAME>EQART</ROLLNAME>
     <ADMINFIELD>0</ADMINFIELD>
     <COMPTYPE>E</COMPTYPE>
    </DD03P>
    <DD03P>
     <TABNAME>ZEAGIR_NOTAS</TABNAME>
     <FIELDNAME>GSBER</FIELDNAME>
     <POSITION>0017</POSITION>
     <ROLLNAME>GSBER</ROLLNAME>
     <ADMINFIELD>0</ADMINFIELD>
     <COMPTYPE>E</COMPTYPE>
    </DD03P>
    <DD03P>
     <TABNAME>ZEAGIR_NOTAS</TABNAME>
     <FIELDNAME>INGRP</FIELDNAME>
     <POSITION>0018</POSITION>
     <ROLLNAME>INGRP</ROLLNAME>
     <ADMINFIELD>0</ADMINFIELD>
     <COMPTYPE>E</COMPTYPE>
    </DD03P>
    <DD03P>
     <TABNAME>ZEAGIR_NOTAS</TABNAME>
     <FIELDNAME>IWERK</FIELDNAME>
     <POSITION>0019</POSITION>
     <ROLLNAME>IWERK</ROLLNAME>
     <ADMINFIELD>0</ADMINFIELD>
     <COMPTYPE>E</COMPTYPE>
    </DD03P>
    <DD03P>
     <TABNAME>ZEAGIR_NOTAS</TABNAME>
     <FIELDNAME>ARBPLWERK</FIELDNAME>
     <POSITION>0020</POSITION>
     <ROLLNAME>QARBPWERKS</ROLLNAME>
     <ADMINFIELD>0</ADMINFIELD>
     <COMPTYPE>E</COMPTYPE>
    </DD03P>
    <DD03P>
     <TABNAME>ZEAGIR_NOTAS</TABNAME>
     <FIELDNAME>ARBPL</FIELDNAME>
     <POSITION>0021</POSITION>
     <ROLLNAME>LGWID</ROLLNAME>
     <ADMINFIELD>0</ADMINFIELD>
     <COMPTYPE>E</COMPTYPE>
    </DD03P>
    <DD03P>
     <TABNAME>ZEAGIR_NOTAS</TABNAME>
     <FIELDNAME>KTEXT</FIELDNAME>
     <POSITION>0022</POSITION>
     <ROLLNAME>CR_KTEXT</ROLLNAME>
     <ADMINFIELD>0</ADMINFIELD>
     <COMPTYPE>E</COMPTYPE>
    </DD03P>
    <DD03P>
     <TABNAME>ZEAGIR_NOTAS</TABNAME>
     <FIELDNAME>PRIOK</FIELDNAME>
     <POSITION>0023</POSITION>
     <ROLLNAME>PRIOK</ROLLNAME>
     <ADMINFIELD>0</ADMINFIELD>
     <COMPTYPE>E</COMPTYPE>
    </DD03P>
    <DD03P>
     <TABNAME>ZEAGIR_NOTAS</TABNAME>
     <FIELDNAME>RBNR</FIELDNAME>
     <POSITION>0024</POSITION>
     <ROLLNAME>RBNR</ROLLNAME>
     <ADMINFIELD>0</ADMINFIELD>
     <COMPTYPE>E</COMPTYPE>
    </DD03P>
    <DD03P>
     <TABNAME>ZEAGIR_NOTAS</TABNAME>
     <FIELDNAME>QMNAM</FIELDNAME>
     <POSITION>0025</POSITION>
     <ROLLNAME>QMNAM</ROLLNAME>
     <ADMINFIELD>0</ADMINFIELD>
     <COMPTYPE>E</COMPTYPE>
    </DD03P>
    <DD03P>
     <TABNAME>ZEAGIR_NOTAS</TABNAME>
     <FIELDNAME>AUSVN</FIELDNAME>
     <POSITION>0026</POSITION>
     <ROLLNAME>AUSVN</ROLLNAME>
     <ADMINFIELD>0</ADMINFIELD>
     <SHLPORIGIN>T</SHLPORIGIN>
     <COMPTYPE>E</COMPTYPE>
    </DD03P>
    <DD03P>
     <TABNAME>ZEAGIR_NOTAS</TABNAME>
     <FIELDNAME>AUZTV</FIELDNAME>
     <POSITION>0027</POSITION>
     <ROLLNAME>AUZTV</ROLLNAME>
     <ADMINFIELD>0</ADMINFIELD>
     <SHLPORIGIN>T</SHLPORIGIN>
     <COMPTYPE>E</COMPTYPE>
    </DD03P>
    <DD03P>
     <TABNAME>ZEAGIR_NOTAS</TABNAME>
     <FIELDNAME>AUSBS</FIELDNAME>
     <POSITION>0028</POSITION>
     <ROLLNAME>AUSBS</ROLLNAME>
     <ADMINFIELD>0</ADMINFIELD>
     <SHLPORIGIN>T</SHLPORIGIN>
     <COMPTYPE>E</COMPTYPE>
    </DD03P>
    <DD03P>
     <TABNAME>ZEAGIR_NOTAS</TABNAME>
     <FIELDNAME>AUZTB</FIELDNAME>
     <POSITION>0029</POSITION>
     <ROLLNAME>AUZTB</ROLLNAME>
     <ADMINFIELD>0</ADMINFIELD>
     <SHLPORIGIN>T</SHLPORIGIN>
     <COMPTYPE>E</COMPTYPE>
    </DD03P>
    <DD03P>
     <TABNAME>ZEAGIR_NOTAS</TABNAME>
     <FIELDNAME>MSAUS</FIELDNAME>
     <POSITION>0030</POSITION>
     <ROLLNAME>MSAUS</ROLLNAME>
     <ADMINFIELD>0</ADMINFIELD>
     <VALEXI>X</VALEXI>
     <SHLPORIGIN>F</SHLPORIGIN>
     <COMPTYPE>E</COMPTYPE>
    </DD03P>
    <DD03P>
     <TABNAME>ZEAGIR_NOTAS</TABNAME>
     <FIELDNAME>AUSZT</FIELDNAME>
     <POSITION>0031</POSITION>
     <ROLLNAME>CHAR16</ROLLNAME>
     <ADMINFIELD>0</ADMINFIELD>
     <COMPTYPE>E</COMPTYPE>
    </DD03P>
    <DD03P>
     <TABNAME>ZEAGIR_NOTAS</TABNAME>
     <FIELDNAME>STRMN</FIELDNAME>
     <POSITION>0032</POSITION>
     <ROLLNAME>STRMN</ROLLNAME>
     <ADMINFIELD>0</ADMINFIELD>
     <SHLPORIGIN>T</SHLPORIGIN>
     <COMPTYPE>E</COMPTYPE>
    </DD03P>
    <DD03P>
     <TABNAME>ZEAGIR_NOTAS</TABNAME>
     <FIELDNAME>STRUR</FIELDNAME>
     <POSITION>0033</POSITION>
     <ROLLNAME>STRUR</ROLLNAME>
     <ADMINFIELD>0</ADMINFIELD>
     <SHLPORIGIN>T</SHLPORIGIN>
     <COMPTYPE>E</COMPTYPE>
    </DD03P>
    <DD03P>
     <TABNAME>ZEAGIR_NOTAS</TABNAME>
     <FIELDNAME>LTRMN</FIELDNAME>
     <POSITION>0034</POSITION>
     <ROLLNAME>LTRMN</ROLLNAME>
     <ADMINFIELD>0</ADMINFIELD>
     <SHLPORIGIN>T</SHLPORIGIN>
     <COMPTYPE>E</COMPTYPE>
    </DD03P>
    <DD03P>
     <TABNAME>ZEAGIR_NOTAS</TABNAME>
     <FIELDNAME>LTRUR</FIELDNAME>
     <POSITION>0035</POSITION>
     <ROLLNAME>LTRUR</ROLLNAME>
     <ADMINFIELD>0</ADMINFIELD>
     <SHLPORIGIN>T</SHLPORIGIN>
     <COMPTYPE>E</COMPTYPE>
    </DD03P>
    <DD03P>
     <TABNAME>ZEAGIR_NOTAS</TABNAME>
     <FIELDNAME>FEGRP</FIELDNAME>
     <POSITION>0036</POSITION>
     <ROLLNAME>FEGRP</ROLLNAME>
     <ADMINFIELD>0</ADMINFIELD>
     <COMPTYPE>E</COMPTYPE>
    </DD03P>
    <DD03P>
     <TABNAME>ZEAGIR_NOTAS</TABNAME>
     <FIELDNAME>FECOD</FIELDNAME>
     <POSITION>0037</POSITION>
     <ROLLNAME>FECOD</ROLLNAME>
     <ADMINFIELD>0</ADMINFIELD>
     <COMPTYPE>E</COMPTYPE>
    </DD03P>
    <DD03P>
     <TABNAME>ZEAGIR_NOTAS</TABNAME>
     <FIELDNAME>OTGRP</FIELDNAME>
     <POSITION>0038</POSITION>
     <ROLLNAME>OTGRP</ROLLNAME>
     <ADMINFIELD>0</ADMINFIELD>
     <COMPTYPE>E</COMPTYPE>
    </DD03P>
    <DD03P>
     <TABNAME>ZEAGIR_NOTAS</TABNAME>
     <FIELDNAME>OTEIL</FIELDNAME>
     <POSITION>0039</POSITION>
     <ROLLNAME>OTEIL</ROLLNAME>
     <ADMINFIELD>0</ADMINFIELD>
     <COMPTYPE>E</COMPTYPE>
    </DD03P>
    <DD03P>
     <TABNAME>ZEAGIR_NOTAS</TABNAME>
     <FIELDNAME>URGRP</FIELDNAME>
     <POSITION>0040</POSITION>
     <ROLLNAME>URGRP</ROLLNAME>
     <ADMINFIELD>0</ADMINFIELD>
     <COMPTYPE>E</COMPTYPE>
    </DD03P>
    <DD03P>
     <TABNAME>ZEAGIR_NOTAS</TABNAME>
     <FIELDNAME>URCOD</FIELDNAME>
     <POSITION>0041</POSITION>
     <ROLLNAME>URCOD</ROLLNAME>
     <ADMINFIELD>0</ADMINFIELD>
     <COMPTYPE>E</COMPTYPE>
    </DD03P>
    <DD03P>
     <TABNAME>ZEAGIR_NOTAS</TABNAME>
     <FIELDNAME>MNGRP</FIELDNAME>
     <POSITION>0042</POSITION>
     <ROLLNAME>MFGRP</ROLLNAME>
     <ADMINFIELD>0</ADMINFIELD>
     <COMPTYPE>E</COMPTYPE>
    </DD03P>
    <DD03P>
     <TABNAME>ZEAGIR_NOTAS</TABNAME>
     <FIELDNAME>MNCOD</FIELDNAME>
     <POSITION>0043</POSITION>
     <ROLLNAME>MFCOD</ROLLNAME>
     <ADMINFIELD>0</ADMINFIELD>
     <COMPTYPE>E</COMPTYPE>
    </DD03P>
    <DD03P>
     <TABNAME>ZEAGIR_NOTAS</TABNAME>
     <FIELDNAME>TXT04</FIELDNAME>
     <POSITION>0044</POSITION>
     <ROLLNAME>STTXT</ROLLNAME>
     <ADMINFIELD>0</ADMINFIELD>
     <COMPTYPE>E</COMPTYPE>
    </DD03P>
    <DD03P>
     <TABNAME>ZEAGIR_NOTAS</TABNAME>
     <FIELDNAME>BUKRS</FIELDNAME>
     <POSITION>0045</POSITION>
     <ROLLNAME>BUKRS</ROLLNAME>
     <ADMINFIELD>0</ADMINFIELD>
     <SHLPORIGIN>D</SHLPORIGIN>
     <COMPTYPE>E</COMPTYPE>
    </DD03P>
    <DD03P>
     <TABNAME>ZEAGIR_NOTAS</TABNAME>
     <FIELDNAME>ANLNR</FIELDNAME>
     <POSITION>0046</POSITION>
     <ROLLNAME>ANLNR</ROLLNAME>
     <ADMINFIELD>0</ADMINFIELD>
     <COMPTYPE>E</COMPTYPE>
    </DD03P>
    <DD03P>
     <TABNAME>ZEAGIR_NOTAS</TABNAME>
     <FIELDNAME>ANLUN</FIELDNAME>
     <POSITION>0047</POSITION>
     <ROLLNAME>ANLN2</ROLLNAME>
     <ADMINFIELD>0</ADMINFIELD>
     <COMPTYPE>E</COMPTYPE>
    </DD03P>
    <DD03P>
     <TABNAME>ZEAGIR_NOTAS</TABNAME>
     <FIELDNAME>GSBER_D</FIELDNAME>
     <POSITION>0048</POSITION>
     <ROLLNAME>GSBER</ROLLNAME>
     <ADMINFIELD>0</ADMINFIELD>
     <COMPTYPE>E</COMPTYPE>
    </DD03P>
    <DD03P>
     <TABNAME>ZEAGIR_NOTAS</TABNAME>
     <FIELDNAME>KOSTL</FIELDNAME>
     <POSITION>0049</POSITION>
     <ROLLNAME>KOSTL</ROLLNAME>
     <ADMINFIELD>0</ADMINFIELD>
     <COMPTYPE>E</COMPTYPE>
    </DD03P>
    <DD03P>
     <TABNAME>ZEAGIR_NOTAS</TABNAME>
     <FIELDNAME>KOKRS</FIELDNAME>
     <POSITION>0050</POSITION>
     <ROLLNAME>KOKRS</ROLLNAME>
     <ADMINFIELD>0</ADMINFIELD>
     <COMPTYPE>E</COMPTYPE>
    </DD03P>
   </DD03P_TABLE>
  </asx:values>
 </asx:abap>
</abapGit>
