﻿<?xml version="1.0" encoding="utf-8"?>
<abapGit version="v1.0.0" serializer="LCL_OBJECT_TABL" serializer_version="v1.0.0">
 <asx:abap xmlns:asx="http://www.sap.com/abapxml" version="1.0">
  <asx:values>
   <DD02V>
    <TABNAME>ZEAGIR_PLAN_MANUT</TABNAME>
    <DDLANGUAGE>P</DDLANGUAGE>
    <TABCLASS>INTTAB</TABCLASS>
    <DDTEXT>Estrutura para extração - Plano de Manutenção</DDTEXT>
    <EXCLASS>4</EXCLASS>
   </DD02V>
   <DD03P_TABLE>
    <DD03P>
     <TABNAME>ZEAGIR_PLAN_MANUT</TABNAME>
     <FIELDNAME>WARPL</FIELDNAME>
     <POSITION>0001</POSITION>
     <ROLLNAME>WARPL</ROLLNAME>
     <ADMINFIELD>0</ADMINFIELD>
     <SHLPORIGIN>D</SHLPORIGIN>
     <COMPTYPE>E</COMPTYPE>
    </DD03P>
    <DD03P>
     <TABNAME>ZEAGIR_PLAN_MANUT</TABNAME>
     <FIELDNAME>WAPOS</FIELDNAME>
     <POSITION>0002</POSITION>
     <ROLLNAME>WAPOS</ROLLNAME>
     <ADMINFIELD>0</ADMINFIELD>
     <SHLPORIGIN>D</SHLPORIGIN>
     <COMPTYPE>E</COMPTYPE>
    </DD03P>
    <DD03P>
     <TABNAME>ZEAGIR_PLAN_MANUT</TABNAME>
     <FIELDNAME>MPTYP</FIELDNAME>
     <POSITION>0003</POSITION>
     <ROLLNAME>MPTYP</ROLLNAME>
     <ADMINFIELD>0</ADMINFIELD>
     <COMPTYPE>E</COMPTYPE>
    </DD03P>
    <DD03P>
     <TABNAME>ZEAGIR_PLAN_MANUT</TABNAME>
     <FIELDNAME>WPTXT</FIELDNAME>
     <POSITION>0004</POSITION>
     <ROLLNAME>WPTXT</ROLLNAME>
     <ADMINFIELD>0</ADMINFIELD>
     <COMPTYPE>E</COMPTYPE>
    </DD03P>
    <DD03P>
     <TABNAME>ZEAGIR_PLAN_MANUT</TABNAME>
     <FIELDNAME>ZYKL1</FIELDNAME>
     <POSITION>0005</POSITION>
     <ROLLNAME>DZYK_ZEIT</ROLLNAME>
     <ADMINFIELD>0</ADMINFIELD>
     <COMPTYPE>E</COMPTYPE>
    </DD03P>
    <DD03P>
     <TABNAME>ZEAGIR_PLAN_MANUT</TABNAME>
     <FIELDNAME>ZYKL1_CONV</FIELDNAME>
     <POSITION>0006</POSITION>
     <ROLLNAME>ZEPM_ZYKL1</ROLLNAME>
     <ADMINFIELD>0</ADMINFIELD>
     <COMPTYPE>E</COMPTYPE>
    </DD03P>
    <DD03P>
     <TABNAME>ZEAGIR_PLAN_MANUT</TABNAME>
     <FIELDNAME>ZEIEH</FIELDNAME>
     <POSITION>0007</POSITION>
     <ROLLNAME>DZEIEH</ROLLNAME>
     <ADMINFIELD>0</ADMINFIELD>
     <COMPTYPE>E</COMPTYPE>
    </DD03P>
    <DD03P>
     <TABNAME>ZEAGIR_PLAN_MANUT</TABNAME>
     <FIELDNAME>PAK_TEXT</FIELDNAME>
     <POSITION>0008</POSITION>
     <ROLLNAME>TXZYKLUS</ROLLNAME>
     <ADMINFIELD>0</ADMINFIELD>
     <COMPTYPE>E</COMPTYPE>
    </DD03P>
    <DD03P>
     <TABNAME>ZEAGIR_PLAN_MANUT</TABNAME>
     <FIELDNAME>TPLNR</FIELDNAME>
     <POSITION>0009</POSITION>
     <ROLLNAME>TPLNR</ROLLNAME>
     <ADMINFIELD>0</ADMINFIELD>
     <SHLPORIGIN>D</SHLPORIGIN>
     <COMPTYPE>E</COMPTYPE>
    </DD03P>
    <DD03P>
     <TABNAME>ZEAGIR_PLAN_MANUT</TABNAME>
     <FIELDNAME>EQUNR</FIELDNAME>
     <POSITION>0010</POSITION>
     <ROLLNAME>EQUNR</ROLLNAME>
     <ADMINFIELD>0</ADMINFIELD>
     <SHLPORIGIN>D</SHLPORIGIN>
     <COMPTYPE>E</COMPTYPE>
    </DD03P>
    <DD03P>
     <TABNAME>ZEAGIR_PLAN_MANUT</TABNAME>
     <FIELDNAME>IWERK</FIELDNAME>
     <POSITION>0011</POSITION>
     <ROLLNAME>IWERK</ROLLNAME>
     <ADMINFIELD>0</ADMINFIELD>
     <COMPTYPE>E</COMPTYPE>
    </DD03P>
    <DD03P>
     <TABNAME>ZEAGIR_PLAN_MANUT</TABNAME>
     <FIELDNAME>AUART</FIELDNAME>
     <POSITION>0012</POSITION>
     <ROLLNAME>AUFART</ROLLNAME>
     <ADMINFIELD>0</ADMINFIELD>
     <COMPTYPE>E</COMPTYPE>
    </DD03P>
    <DD03P>
     <TABNAME>ZEAGIR_PLAN_MANUT</TABNAME>
     <FIELDNAME>GEWRK</FIELDNAME>
     <POSITION>0013</POSITION>
     <ROLLNAME>LGWID</ROLLNAME>
     <ADMINFIELD>0</ADMINFIELD>
     <COMPTYPE>E</COMPTYPE>
    </DD03P>
    <DD03P>
     <TABNAME>ZEAGIR_PLAN_MANUT</TABNAME>
     <FIELDNAME>ARBPL</FIELDNAME>
     <POSITION>0014</POSITION>
     <ROLLNAME>ARBPL</ROLLNAME>
     <ADMINFIELD>0</ADMINFIELD>
     <COMPTYPE>E</COMPTYPE>
    </DD03P>
    <DD03P>
     <TABNAME>ZEAGIR_PLAN_MANUT</TABNAME>
     <FIELDNAME>WERKS</FIELDNAME>
     <POSITION>0015</POSITION>
     <ROLLNAME>WERKS_D</ROLLNAME>
     <ADMINFIELD>0</ADMINFIELD>
     <SHLPORIGIN>D</SHLPORIGIN>
     <COMPTYPE>E</COMPTYPE>
    </DD03P>
    <DD03P>
     <TABNAME>ZEAGIR_PLAN_MANUT</TABNAME>
     <FIELDNAME>PRIOK</FIELDNAME>
     <POSITION>0016</POSITION>
     <ROLLNAME>PRIOK</ROLLNAME>
     <ADMINFIELD>0</ADMINFIELD>
     <COMPTYPE>E</COMPTYPE>
    </DD03P>
    <DD03P>
     <TABNAME>ZEAGIR_PLAN_MANUT</TABNAME>
     <FIELDNAME>PRIOKX</FIELDNAME>
     <POSITION>0017</POSITION>
     <ROLLNAME>PRIOKX</ROLLNAME>
     <ADMINFIELD>0</ADMINFIELD>
     <COMPTYPE>E</COMPTYPE>
    </DD03P>
    <DD03P>
     <TABNAME>ZEAGIR_PLAN_MANUT</TABNAME>
     <FIELDNAME>WPGRP</FIELDNAME>
     <POSITION>0018</POSITION>
     <ROLLNAME>INGRP</ROLLNAME>
     <ADMINFIELD>0</ADMINFIELD>
     <COMPTYPE>E</COMPTYPE>
    </DD03P>
    <DD03P>
     <TABNAME>ZEAGIR_PLAN_MANUT</TABNAME>
     <FIELDNAME>ILART</FIELDNAME>
     <POSITION>0019</POSITION>
     <ROLLNAME>ILA</ROLLNAME>
     <ADMINFIELD>0</ADMINFIELD>
     <SHLPORIGIN>D</SHLPORIGIN>
     <COMPTYPE>E</COMPTYPE>
    </DD03P>
    <DD03P>
     <TABNAME>ZEAGIR_PLAN_MANUT</TABNAME>
     <FIELDNAME>GSBER</FIELDNAME>
     <POSITION>0020</POSITION>
     <ROLLNAME>GSBER</ROLLNAME>
     <ADMINFIELD>0</ADMINFIELD>
     <COMPTYPE>E</COMPTYPE>
    </DD03P>
    <DD03P>
     <TABNAME>ZEAGIR_PLAN_MANUT</TABNAME>
     <FIELDNAME>PLNTY</FIELDNAME>
     <POSITION>0021</POSITION>
     <ROLLNAME>PLNTY</ROLLNAME>
     <ADMINFIELD>0</ADMINFIELD>
     <SHLPORIGIN>D</SHLPORIGIN>
     <COMPTYPE>E</COMPTYPE>
    </DD03P>
    <DD03P>
     <TABNAME>ZEAGIR_PLAN_MANUT</TABNAME>
     <FIELDNAME>PLNNR</FIELDNAME>
     <POSITION>0022</POSITION>
     <ROLLNAME>PLNNR</ROLLNAME>
     <ADMINFIELD>0</ADMINFIELD>
     <SHLPORIGIN>D</SHLPORIGIN>
     <COMPTYPE>E</COMPTYPE>
    </DD03P>
    <DD03P>
     <TABNAME>ZEAGIR_PLAN_MANUT</TABNAME>
     <FIELDNAME>PLNAL</FIELDNAME>
     <POSITION>0023</POSITION>
     <ROLLNAME>PLNAL</ROLLNAME>
     <ADMINFIELD>0</ADMINFIELD>
     <COMPTYPE>E</COMPTYPE>
    </DD03P>
    <DD03P>
     <TABNAME>ZEAGIR_PLAN_MANUT</TABNAME>
     <FIELDNAME>SWERK</FIELDNAME>
     <POSITION>0024</POSITION>
     <ROLLNAME>SWERK</ROLLNAME>
     <ADMINFIELD>0</ADMINFIELD>
     <COMPTYPE>E</COMPTYPE>
    </DD03P>
    <DD03P>
     <TABNAME>ZEAGIR_PLAN_MANUT</TABNAME>
     <FIELDNAME>STORT</FIELDNAME>
     <POSITION>0025</POSITION>
     <ROLLNAME>PMLOC</ROLLNAME>
     <ADMINFIELD>0</ADMINFIELD>
     <COMPTYPE>E</COMPTYPE>
    </DD03P>
    <DD03P>
     <TABNAME>ZEAGIR_PLAN_MANUT</TABNAME>
     <FIELDNAME>EQFNR</FIELDNAME>
     <POSITION>0026</POSITION>
     <ROLLNAME>EQFNR</ROLLNAME>
     <ADMINFIELD>0</ADMINFIELD>
     <COMPTYPE>E</COMPTYPE>
    </DD03P>
    <DD03P>
     <TABNAME>ZEAGIR_PLAN_MANUT</TABNAME>
     <FIELDNAME>BUKRS</FIELDNAME>
     <POSITION>0027</POSITION>
     <ROLLNAME>BUKRS</ROLLNAME>
     <ADMINFIELD>0</ADMINFIELD>
     <SHLPORIGIN>D</SHLPORIGIN>
     <COMPTYPE>E</COMPTYPE>
    </DD03P>
    <DD03P>
     <TABNAME>ZEAGIR_PLAN_MANUT</TABNAME>
     <FIELDNAME>ANLNR</FIELDNAME>
     <POSITION>0028</POSITION>
     <ROLLNAME>ANLN1</ROLLNAME>
     <ADMINFIELD>0</ADMINFIELD>
     <COMPTYPE>E</COMPTYPE>
    </DD03P>
    <DD03P>
     <TABNAME>ZEAGIR_PLAN_MANUT</TABNAME>
     <FIELDNAME>ANLUN</FIELDNAME>
     <POSITION>0029</POSITION>
     <ROLLNAME>ANLN2</ROLLNAME>
     <ADMINFIELD>0</ADMINFIELD>
     <COMPTYPE>E</COMPTYPE>
    </DD03P>
    <DD03P>
     <TABNAME>ZEAGIR_PLAN_MANUT</TABNAME>
     <FIELDNAME>KOSTL</FIELDNAME>
     <POSITION>0030</POSITION>
     <ROLLNAME>KOSTL</ROLLNAME>
     <ADMINFIELD>0</ADMINFIELD>
     <COMPTYPE>E</COMPTYPE>
    </DD03P>
    <DD03P>
     <TABNAME>ZEAGIR_PLAN_MANUT</TABNAME>
     <FIELDNAME>KOKRS</FIELDNAME>
     <POSITION>0031</POSITION>
     <ROLLNAME>KOKRS</ROLLNAME>
     <ADMINFIELD>0</ADMINFIELD>
     <COMPTYPE>E</COMPTYPE>
    </DD03P>
    <DD03P>
     <TABNAME>ZEAGIR_PLAN_MANUT</TABNAME>
     <FIELDNAME>VSPOS</FIELDNAME>
     <POSITION>0032</POSITION>
     <ROLLNAME>VERSCHPLUS</ROLLNAME>
     <ADMINFIELD>0</ADMINFIELD>
     <COMPTYPE>E</COMPTYPE>
    </DD03P>
    <DD03P>
     <TABNAME>ZEAGIR_PLAN_MANUT</TABNAME>
     <FIELDNAME>TOPOS</FIELDNAME>
     <POSITION>0033</POSITION>
     <ROLLNAME>TOLERPLUS</ROLLNAME>
     <ADMINFIELD>0</ADMINFIELD>
     <COMPTYPE>E</COMPTYPE>
    </DD03P>
    <DD03P>
     <TABNAME>ZEAGIR_PLAN_MANUT</TABNAME>
     <FIELDNAME>VSNEG</FIELDNAME>
     <POSITION>0034</POSITION>
     <ROLLNAME>VERSCHNEG</ROLLNAME>
     <ADMINFIELD>0</ADMINFIELD>
     <COMPTYPE>E</COMPTYPE>
    </DD03P>
    <DD03P>
     <TABNAME>ZEAGIR_PLAN_MANUT</TABNAME>
     <FIELDNAME>TONEG</FIELDNAME>
     <POSITION>0035</POSITION>
     <ROLLNAME>TOLERNEG</ROLLNAME>
     <ADMINFIELD>0</ADMINFIELD>
     <COMPTYPE>E</COMPTYPE>
    </DD03P>
    <DD03P>
     <TABNAME>ZEAGIR_PLAN_MANUT</TABNAME>
     <FIELDNAME>SFAKT</FIELDNAME>
     <POSITION>0036</POSITION>
     <ROLLNAME>SFAKT</ROLLNAME>
     <ADMINFIELD>0</ADMINFIELD>
     <COMPTYPE>E</COMPTYPE>
    </DD03P>
    <DD03P>
     <TABNAME>ZEAGIR_PLAN_MANUT</TABNAME>
     <FIELDNAME>HORIZ</FIELDNAME>
     <POSITION>0037</POSITION>
     <ROLLNAME>HORIZONT</ROLLNAME>
     <ADMINFIELD>0</ADMINFIELD>
     <COMPTYPE>E</COMPTYPE>
    </DD03P>
    <DD03P>
     <TABNAME>ZEAGIR_PLAN_MANUT</TABNAME>
     <FIELDNAME>ABRHO</FIELDNAME>
     <POSITION>0038</POSITION>
     <ROLLNAME>ABRHO</ROLLNAME>
     <ADMINFIELD>0</ADMINFIELD>
     <COMPTYPE>E</COMPTYPE>
    </DD03P>
    <DD03P>
     <TABNAME>ZEAGIR_PLAN_MANUT</TABNAME>
     <FIELDNAME>HUNIT</FIELDNAME>
     <POSITION>0039</POSITION>
     <ROLLNAME>HUNIT</ROLLNAME>
     <ADMINFIELD>0</ADMINFIELD>
     <COMPTYPE>E</COMPTYPE>
    </DD03P>
    <DD03P>
     <TABNAME>ZEAGIR_PLAN_MANUT</TABNAME>
     <FIELDNAME>CALL_CONFIRM</FIELDNAME>
     <POSITION>0040</POSITION>
     <ROLLNAME>CALL_CONFIRM</ROLLNAME>
     <ADMINFIELD>0</ADMINFIELD>
     <COMPTYPE>E</COMPTYPE>
    </DD03P>
    <DD03P>
     <TABNAME>ZEAGIR_PLAN_MANUT</TABNAME>
     <FIELDNAME>STICH</FIELDNAME>
     <POSITION>0041</POSITION>
     <ROLLNAME>TERMKNZ</ROLLNAME>
     <ADMINFIELD>0</ADMINFIELD>
     <VALEXI>X</VALEXI>
     <SHLPORIGIN>F</SHLPORIGIN>
     <COMPTYPE>E</COMPTYPE>
    </DD03P>
   </DD03P_TABLE>
  </asx:values>
 </asx:abap>
</abapGit>
