﻿<?xml version="1.0" encoding="utf-8"?>
<abapGit version="v1.0.0" serializer="LCL_OBJECT_TABL" serializer_version="v1.0.0">
 <asx:abap xmlns:asx="http://www.sap.com/abapxml" version="1.0">
  <asx:values>
   <DD02V>
    <TABNAME>ZEAGIR_TASKS_LIST</TABNAME>
    <DDLANGUAGE>P</DDLANGUAGE>
    <TABCLASS>INTTAB</TABCLASS>
    <DDTEXT>Estrutura para extração de informações - Lista de Tarefas</DDTEXT>
   </DD02V>
   <DD03P_TABLE>
    <DD03P>
     <TABNAME>ZEAGIR_TASKS_LIST</TABNAME>
     <FIELDNAME>PLNTY</FIELDNAME>
     <POSITION>0001</POSITION>
     <ROLLNAME>PLNTY</ROLLNAME>
     <ADMINFIELD>0</ADMINFIELD>
     <SHLPORIGIN>D</SHLPORIGIN>
     <COMPTYPE>E</COMPTYPE>
    </DD03P>
    <DD03P>
     <TABNAME>ZEAGIR_TASKS_LIST</TABNAME>
     <FIELDNAME>PLNNR</FIELDNAME>
     <POSITION>0002</POSITION>
     <ROLLNAME>PLNNR</ROLLNAME>
     <ADMINFIELD>0</ADMINFIELD>
     <SHLPORIGIN>D</SHLPORIGIN>
     <COMPTYPE>E</COMPTYPE>
    </DD03P>
    <DD03P>
     <TABNAME>ZEAGIR_TASKS_LIST</TABNAME>
     <FIELDNAME>VORNR</FIELDNAME>
     <POSITION>0003</POSITION>
     <ROLLNAME>VORNR</ROLLNAME>
     <ADMINFIELD>0</ADMINFIELD>
     <COMPTYPE>E</COMPTYPE>
    </DD03P>
    <DD03P>
     <TABNAME>ZEAGIR_TASKS_LIST</TABNAME>
     <FIELDNAME>PROFIDNETZ</FIELDNAME>
     <POSITION>0004</POSITION>
     <ROLLNAME>PROFID_STD</ROLLNAME>
     <ADMINFIELD>0</ADMINFIELD>
     <COMPTYPE>E</COMPTYPE>
    </DD03P>
    <DD03P>
     <TABNAME>ZEAGIR_TASKS_LIST</TABNAME>
     <FIELDNAME>PLNAL</FIELDNAME>
     <POSITION>0005</POSITION>
     <ROLLNAME>PLNAL</ROLLNAME>
     <ADMINFIELD>0</ADMINFIELD>
     <COMPTYPE>E</COMPTYPE>
    </DD03P>
    <DD03P>
     <TABNAME>ZEAGIR_TASKS_LIST</TABNAME>
     <FIELDNAME>DATUV</FIELDNAME>
     <POSITION>0006</POSITION>
     <ROLLNAME>DATUV</ROLLNAME>
     <ADMINFIELD>0</ADMINFIELD>
     <SHLPORIGIN>T</SHLPORIGIN>
     <COMPTYPE>E</COMPTYPE>
    </DD03P>
    <DD03P>
     <TABNAME>ZEAGIR_TASKS_LIST</TABNAME>
     <FIELDNAME>KTEXT</FIELDNAME>
     <POSITION>0007</POSITION>
     <ROLLNAME>PLANTEXT</ROLLNAME>
     <ADMINFIELD>0</ADMINFIELD>
     <COMPTYPE>E</COMPTYPE>
    </DD03P>
    <DD03P>
     <TABNAME>ZEAGIR_TASKS_LIST</TABNAME>
     <FIELDNAME>WERKS</FIELDNAME>
     <POSITION>0008</POSITION>
     <ROLLNAME>WERKS_D</ROLLNAME>
     <ADMINFIELD>0</ADMINFIELD>
     <SHLPORIGIN>D</SHLPORIGIN>
     <COMPTYPE>E</COMPTYPE>
    </DD03P>
    <DD03P>
     <TABNAME>ZEAGIR_TASKS_LIST</TABNAME>
     <FIELDNAME>VERWE</FIELDNAME>
     <POSITION>0009</POSITION>
     <ROLLNAME>PLN_VERWE</ROLLNAME>
     <ADMINFIELD>0</ADMINFIELD>
     <SHLPORIGIN>D</SHLPORIGIN>
     <COMPTYPE>E</COMPTYPE>
    </DD03P>
    <DD03P>
     <TABNAME>ZEAGIR_TASKS_LIST</TABNAME>
     <FIELDNAME>VAGRP</FIELDNAME>
     <POSITION>0010</POSITION>
     <ROLLNAME>VAGRP</ROLLNAME>
     <ADMINFIELD>0</ADMINFIELD>
     <SHLPORIGIN>D</SHLPORIGIN>
     <COMPTYPE>E</COMPTYPE>
    </DD03P>
    <DD03P>
     <TABNAME>ZEAGIR_TASKS_LIST</TABNAME>
     <FIELDNAME>ANLZU</FIELDNAME>
     <POSITION>0011</POSITION>
     <ROLLNAME>ANLZU</ROLLNAME>
     <ADMINFIELD>0</ADMINFIELD>
     <COMPTYPE>E</COMPTYPE>
    </DD03P>
    <DD03P>
     <TABNAME>ZEAGIR_TASKS_LIST</TABNAME>
     <FIELDNAME>STATU</FIELDNAME>
     <POSITION>0012</POSITION>
     <ROLLNAME>PLNST</ROLLNAME>
     <ADMINFIELD>0</ADMINFIELD>
     <SHLPORIGIN>D</SHLPORIGIN>
     <COMPTYPE>E</COMPTYPE>
    </DD03P>
    <DD03P>
     <TABNAME>ZEAGIR_TASKS_LIST</TABNAME>
     <FIELDNAME>STRAT</FIELDNAME>
     <POSITION>0013</POSITION>
     <ROLLNAME>STRAT</ROLLNAME>
     <ADMINFIELD>0</ADMINFIELD>
     <SHLPORIGIN>D</SHLPORIGIN>
     <COMPTYPE>E</COMPTYPE>
    </DD03P>
    <DD03P>
     <TABNAME>ZEAGIR_TASKS_LIST</TABNAME>
     <FIELDNAME>ISTRU</FIELDNAME>
     <POSITION>0014</POSITION>
     <ROLLNAME>ISTRU</ROLLNAME>
     <ADMINFIELD>0</ADMINFIELD>
     <COMPTYPE>E</COMPTYPE>
    </DD03P>
    <DD03P>
     <TABNAME>ZEAGIR_TASKS_LIST</TABNAME>
     <FIELDNAME>EXTNUM</FIELDNAME>
     <POSITION>0015</POSITION>
     <ROLLNAME>QEXTNUM</ROLLNAME>
     <ADMINFIELD>0</ADMINFIELD>
     <COMPTYPE>E</COMPTYPE>
    </DD03P>
    <DD03P>
     <TABNAME>ZEAGIR_TASKS_LIST</TABNAME>
     <FIELDNAME>ARBPL_OP</FIELDNAME>
     <POSITION>0016</POSITION>
     <ROLLNAME>ARBPL</ROLLNAME>
     <ADMINFIELD>0</ADMINFIELD>
     <COMPTYPE>E</COMPTYPE>
    </DD03P>
    <DD03P>
     <TABNAME>ZEAGIR_TASKS_LIST</TABNAME>
     <FIELDNAME>WERKS_OP</FIELDNAME>
     <POSITION>0017</POSITION>
     <ROLLNAME>WERKS_D</ROLLNAME>
     <ADMINFIELD>0</ADMINFIELD>
     <SHLPORIGIN>D</SHLPORIGIN>
     <COMPTYPE>E</COMPTYPE>
    </DD03P>
    <DD03P>
     <TABNAME>ZEAGIR_TASKS_LIST</TABNAME>
     <FIELDNAME>STEUS</FIELDNAME>
     <POSITION>0018</POSITION>
     <ROLLNAME>STEUS</ROLLNAME>
     <ADMINFIELD>0</ADMINFIELD>
     <COMPTYPE>E</COMPTYPE>
    </DD03P>
    <DD03P>
     <TABNAME>ZEAGIR_TASKS_LIST</TABNAME>
     <FIELDNAME>LTXA1</FIELDNAME>
     <POSITION>0019</POSITION>
     <ROLLNAME>LTXA1</ROLLNAME>
     <ADMINFIELD>0</ADMINFIELD>
     <COMPTYPE>E</COMPTYPE>
    </DD03P>
    <DD03P>
     <TABNAME>ZEAGIR_TASKS_LIST</TABNAME>
     <FIELDNAME>AUFKT</FIELDNAME>
     <POSITION>0020</POSITION>
     <ROLLNAME>AFAKT</ROLLNAME>
     <ADMINFIELD>0</ADMINFIELD>
     <COMPTYPE>E</COMPTYPE>
    </DD03P>
    <DD03P>
     <TABNAME>ZEAGIR_TASKS_LIST</TABNAME>
     <FIELDNAME>EQUNR</FIELDNAME>
     <POSITION>0021</POSITION>
     <ROLLNAME>EQUNR</ROLLNAME>
     <ADMINFIELD>0</ADMINFIELD>
     <SHLPORIGIN>D</SHLPORIGIN>
     <COMPTYPE>E</COMPTYPE>
    </DD03P>
    <DD03P>
     <TABNAME>ZEAGIR_TASKS_LIST</TABNAME>
     <FIELDNAME>STORT</FIELDNAME>
     <POSITION>0022</POSITION>
     <ROLLNAME>STORT</ROLLNAME>
     <ADMINFIELD>0</ADMINFIELD>
     <COMPTYPE>E</COMPTYPE>
    </DD03P>
    <DD03P>
     <TABNAME>ZEAGIR_TASKS_LIST</TABNAME>
     <FIELDNAME>ARBEI</FIELDNAME>
     <POSITION>0023</POSITION>
     <ROLLNAME>ARBEIT</ROLLNAME>
     <ADMINFIELD>0</ADMINFIELD>
     <REFTABLE>PLPO</REFTABLE>
     <REFFIELD>ARBEH</REFFIELD>
     <COMPTYPE>E</COMPTYPE>
    </DD03P>
    <DD03P>
     <TABNAME>ZEAGIR_TASKS_LIST</TABNAME>
     <FIELDNAME>ARBEH</FIELDNAME>
     <POSITION>0024</POSITION>
     <ROLLNAME>ARBEITE</ROLLNAME>
     <ADMINFIELD>0</ADMINFIELD>
     <COMPTYPE>E</COMPTYPE>
    </DD03P>
    <DD03P>
     <TABNAME>ZEAGIR_TASKS_LIST</TABNAME>
     <FIELDNAME>ANZZL</FIELDNAME>
     <POSITION>0025</POSITION>
     <ROLLNAME>ANZKAP</ROLLNAME>
     <ADMINFIELD>0</ADMINFIELD>
     <COMPTYPE>E</COMPTYPE>
    </DD03P>
    <DD03P>
     <TABNAME>ZEAGIR_TASKS_LIST</TABNAME>
     <FIELDNAME>DAUNO</FIELDNAME>
     <POSITION>0026</POSITION>
     <ROLLNAME>DAUNOR</ROLLNAME>
     <ADMINFIELD>0</ADMINFIELD>
     <REFTABLE>PLPO</REFTABLE>
     <REFFIELD>DAUNE</REFFIELD>
     <COMPTYPE>E</COMPTYPE>
    </DD03P>
    <DD03P>
     <TABNAME>ZEAGIR_TASKS_LIST</TABNAME>
     <FIELDNAME>DAUNE</FIELDNAME>
     <POSITION>0027</POSITION>
     <ROLLNAME>DAUNORE</ROLLNAME>
     <ADMINFIELD>0</ADMINFIELD>
     <COMPTYPE>E</COMPTYPE>
    </DD03P>
    <DD03P>
     <TABNAME>ZEAGIR_TASKS_LIST</TABNAME>
     <FIELDNAME>INDET</FIELDNAME>
     <POSITION>0028</POSITION>
     <ROLLNAME>INDET</ROLLNAME>
     <ADMINFIELD>0</ADMINFIELD>
     <VALEXI>X</VALEXI>
     <SHLPORIGIN>F</SHLPORIGIN>
     <COMPTYPE>E</COMPTYPE>
    </DD03P>
    <DD03P>
     <TABNAME>ZEAGIR_TASKS_LIST</TABNAME>
     <FIELDNAME>LARNT</FIELDNAME>
     <POSITION>0029</POSITION>
     <ROLLNAME>LSTAR</ROLLNAME>
     <ADMINFIELD>0</ADMINFIELD>
     <SHLPORIGIN>D</SHLPORIGIN>
     <COMPTYPE>E</COMPTYPE>
    </DD03P>
    <DD03P>
     <TABNAME>ZEAGIR_TASKS_LIST</TABNAME>
     <FIELDNAME>PRZNT</FIELDNAME>
     <POSITION>0030</POSITION>
     <ROLLNAME>APROZENT</ROLLNAME>
     <ADMINFIELD>0</ADMINFIELD>
     <COMPTYPE>E</COMPTYPE>
    </DD03P>
    <DD03P>
     <TABNAME>ZEAGIR_TASKS_LIST</TABNAME>
     <FIELDNAME>BMVRG</FIELDNAME>
     <POSITION>0031</POSITION>
     <ROLLNAME>BMVRG</ROLLNAME>
     <ADMINFIELD>0</ADMINFIELD>
     <REFTABLE>PLPO</REFTABLE>
     <REFFIELD>BMEIH</REFFIELD>
     <COMPTYPE>E</COMPTYPE>
    </DD03P>
    <DD03P>
     <TABNAME>ZEAGIR_TASKS_LIST</TABNAME>
     <FIELDNAME>BMEIH</FIELDNAME>
     <POSITION>0032</POSITION>
     <ROLLNAME>BMEIH</ROLLNAME>
     <ADMINFIELD>0</ADMINFIELD>
     <COMPTYPE>E</COMPTYPE>
    </DD03P>
    <DD03P>
     <TABNAME>ZEAGIR_TASKS_LIST</TABNAME>
     <FIELDNAME>PREIS</FIELDNAME>
     <POSITION>0033</POSITION>
     <ROLLNAME>IPREI</ROLLNAME>
     <ADMINFIELD>0</ADMINFIELD>
     <REFTABLE>PLPO</REFTABLE>
     <REFFIELD>WAERS</REFFIELD>
     <COMPTYPE>E</COMPTYPE>
    </DD03P>
    <DD03P>
     <TABNAME>ZEAGIR_TASKS_LIST</TABNAME>
     <FIELDNAME>WAERS</FIELDNAME>
     <POSITION>0034</POSITION>
     <ROLLNAME>WAERS</ROLLNAME>
     <ADMINFIELD>0</ADMINFIELD>
     <COMPTYPE>E</COMPTYPE>
    </DD03P>
    <DD03P>
     <TABNAME>ZEAGIR_TASKS_LIST</TABNAME>
     <FIELDNAME>PEINH</FIELDNAME>
     <POSITION>0035</POSITION>
     <ROLLNAME>EPEIN</ROLLNAME>
     <ADMINFIELD>0</ADMINFIELD>
     <COMPTYPE>E</COMPTYPE>
    </DD03P>
    <DD03P>
     <TABNAME>ZEAGIR_TASKS_LIST</TABNAME>
     <FIELDNAME>SLWID</FIELDNAME>
     <POSITION>0036</POSITION>
     <ROLLNAME>SLWID</ROLLNAME>
     <ADMINFIELD>0</ADMINFIELD>
     <COMPTYPE>E</COMPTYPE>
    </DD03P>
    <DD03P>
     <TABNAME>ZEAGIR_TASKS_LIST</TABNAME>
     <FIELDNAME>USR00</FIELDNAME>
     <POSITION>0037</POSITION>
     <ROLLNAME>ZEPM_USUARIO</ROLLNAME>
     <ADMINFIELD>0</ADMINFIELD>
     <COMPTYPE>E</COMPTYPE>
    </DD03P>
   </DD03P_TABLE>
  </asx:values>
 </asx:abap>
</abapGit>
