﻿<?xml version="1.0" encoding="utf-8"?>
<abapGit version="v1.0.0" serializer="LCL_OBJECT_TABL" serializer_version="v1.0.0">
 <asx:abap xmlns:asx="http://www.sap.com/abapxml" version="1.0">
  <asx:values>
   <DD02V>
    <TABNAME>ZEAGIR_ORDENS</TABNAME>
    <DDLANGUAGE>P</DDLANGUAGE>
    <TABCLASS>INTTAB</TABCLASS>
    <DDTEXT>Tabela result - rfc ZMEGA_SYNC_OUT_ORDER_LIST</DDTEXT>
   </DD02V>
   <DD03P_TABLE>
    <DD03P>
     <TABNAME>ZEAGIR_ORDENS</TABNAME>
     <FIELDNAME>ORDERID</FIELDNAME>
     <POSITION>0001</POSITION>
     <ROLLNAME>AUFNR</ROLLNAME>
     <ADMINFIELD>0</ADMINFIELD>
     <COMPTYPE>E</COMPTYPE>
    </DD03P>
    <DD03P>
     <TABNAME>ZEAGIR_ORDENS</TABNAME>
     <FIELDNAME>ORDER_TYPE</FIELDNAME>
     <POSITION>0002</POSITION>
     <ROLLNAME>AUFART</ROLLNAME>
     <ADMINFIELD>0</ADMINFIELD>
     <COMPTYPE>E</COMPTYPE>
    </DD03P>
    <DD03P>
     <TABNAME>ZEAGIR_ORDENS</TABNAME>
     <FIELDNAME>SHORT_TEXT</FIELDNAME>
     <POSITION>0003</POSITION>
     <ROLLNAME>AUFTEXT</ROLLNAME>
     <ADMINFIELD>0</ADMINFIELD>
     <COMPTYPE>E</COMPTYPE>
    </DD03P>
    <DD03P>
     <TABNAME>ZEAGIR_ORDENS</TABNAME>
     <FIELDNAME>SORTFIELD</FIELDNAME>
     <POSITION>0004</POSITION>
     <ROLLNAME>EQFNR</ROLLNAME>
     <ADMINFIELD>0</ADMINFIELD>
     <COMPTYPE>E</COMPTYPE>
    </DD03P>
    <DD03P>
     <TABNAME>ZEAGIR_ORDENS</TABNAME>
     <FIELDNAME>EQUIPMENT</FIELDNAME>
     <POSITION>0005</POSITION>
     <ROLLNAME>EQUNR</ROLLNAME>
     <ADMINFIELD>0</ADMINFIELD>
     <SHLPORIGIN>D</SHLPORIGIN>
     <COMPTYPE>E</COMPTYPE>
    </DD03P>
    <DD03P>
     <TABNAME>ZEAGIR_ORDENS</TABNAME>
     <FIELDNAME>EQUIDESCR</FIELDNAME>
     <POSITION>0006</POSITION>
     <ROLLNAME>KTX01</ROLLNAME>
     <ADMINFIELD>0</ADMINFIELD>
     <COMPTYPE>E</COMPTYPE>
    </DD03P>
    <DD03P>
     <TABNAME>ZEAGIR_ORDENS</TABNAME>
     <FIELDNAME>PLANPLANT</FIELDNAME>
     <POSITION>0007</POSITION>
     <ROLLNAME>IWERK</ROLLNAME>
     <ADMINFIELD>0</ADMINFIELD>
     <COMPTYPE>E</COMPTYPE>
    </DD03P>
    <DD03P>
     <TABNAME>ZEAGIR_ORDENS</TABNAME>
     <FIELDNAME>PLANGROUP</FIELDNAME>
     <POSITION>0008</POSITION>
     <ROLLNAME>INGRP</ROLLNAME>
     <ADMINFIELD>0</ADMINFIELD>
     <COMPTYPE>E</COMPTYPE>
    </DD03P>
    <DD03P>
     <TABNAME>ZEAGIR_ORDENS</TABNAME>
     <FIELDNAME>VAWRK</FIELDNAME>
     <POSITION>0009</POSITION>
     <ROLLNAME>WERGW</ROLLNAME>
     <ADMINFIELD>0</ADMINFIELD>
     <COMPTYPE>E</COMPTYPE>
    </DD03P>
    <DD03P>
     <TABNAME>ZEAGIR_ORDENS</TABNAME>
     <FIELDNAME>MN_WK_CTR</FIELDNAME>
     <POSITION>0010</POSITION>
     <ROLLNAME>GEWRK</ROLLNAME>
     <ADMINFIELD>0</ADMINFIELD>
     <COMPTYPE>E</COMPTYPE>
    </DD03P>
    <DD03P>
     <TABNAME>ZEAGIR_ORDENS</TABNAME>
     <FIELDNAME>MAINTLOC</FIELDNAME>
     <POSITION>0011</POSITION>
     <ROLLNAME>PMLOC</ROLLNAME>
     <ADMINFIELD>0</ADMINFIELD>
     <COMPTYPE>E</COMPTYPE>
    </DD03P>
    <DD03P>
     <TABNAME>ZEAGIR_ORDENS</TABNAME>
     <FIELDNAME>FUNCLOC</FIELDNAME>
     <POSITION>0012</POSITION>
     <ROLLNAME>ILOM_STRNO</ROLLNAME>
     <ADMINFIELD>0</ADMINFIELD>
     <COMPTYPE>E</COMPTYPE>
    </DD03P>
    <DD03P>
     <TABNAME>ZEAGIR_ORDENS</TABNAME>
     <FIELDNAME>FUNCLDESCR</FIELDNAME>
     <POSITION>0013</POSITION>
     <ROLLNAME>PLTXT</ROLLNAME>
     <ADMINFIELD>0</ADMINFIELD>
     <COMPTYPE>E</COMPTYPE>
    </DD03P>
    <DD03P>
     <TABNAME>ZEAGIR_ORDENS</TABNAME>
     <FIELDNAME>S_STATUS</FIELDNAME>
     <POSITION>0014</POSITION>
     <ROLLNAME>J_STEXT</ROLLNAME>
     <ADMINFIELD>0</ADMINFIELD>
     <COMPTYPE>E</COMPTYPE>
    </DD03P>
    <DD03P>
     <TABNAME>ZEAGIR_ORDENS</TABNAME>
     <FIELDNAME>U_STATUS</FIELDNAME>
     <POSITION>0015</POSITION>
     <ROLLNAME>J_ATEXT</ROLLNAME>
     <ADMINFIELD>0</ADMINFIELD>
     <COMPTYPE>E</COMPTYPE>
    </DD03P>
    <DD03P>
     <TABNAME>ZEAGIR_ORDENS</TABNAME>
     <FIELDNAME>ERDAT</FIELDNAME>
     <POSITION>0016</POSITION>
     <ROLLNAME>ERDAT</ROLLNAME>
     <ADMINFIELD>0</ADMINFIELD>
     <SHLPORIGIN>T</SHLPORIGIN>
     <COMPTYPE>E</COMPTYPE>
    </DD03P>
    <DD03P>
     <TABNAME>ZEAGIR_ORDENS</TABNAME>
     <FIELDNAME>START_DATE</FIELDNAME>
     <POSITION>0017</POSITION>
     <ROLLNAME>CHAR08</ROLLNAME>
     <ADMINFIELD>0</ADMINFIELD>
     <COMPTYPE>E</COMPTYPE>
    </DD03P>
    <DD03P>
     <TABNAME>ZEAGIR_ORDENS</TABNAME>
     <FIELDNAME>FINISH_DATE</FIELDNAME>
     <POSITION>0018</POSITION>
     <ROLLNAME>CHAR08</ROLLNAME>
     <ADMINFIELD>0</ADMINFIELD>
     <COMPTYPE>E</COMPTYPE>
    </DD03P>
    <DD03P>
     <TABNAME>ZEAGIR_ORDENS</TABNAME>
     <FIELDNAME>ACTUAL_RELEASE_DATE</FIELDNAME>
     <POSITION>0019</POSITION>
     <ROLLNAME>CHAR8</ROLLNAME>
     <ADMINFIELD>0</ADMINFIELD>
     <COMPTYPE>E</COMPTYPE>
    </DD03P>
    <DD03P>
     <TABNAME>ZEAGIR_ORDENS</TABNAME>
     <FIELDNAME>OBJECT_NO</FIELDNAME>
     <POSITION>0020</POSITION>
     <ROLLNAME>J_OBJNR</ROLLNAME>
     <ADMINFIELD>0</ADMINFIELD>
     <COMPTYPE>E</COMPTYPE>
    </DD03P>
    <DD03P>
     <TABNAME>ZEAGIR_ORDENS</TABNAME>
     <FIELDNAME>CHANGE_DATE</FIELDNAME>
     <POSITION>0021</POSITION>
     <ROLLNAME>CHAR8</ROLLNAME>
     <ADMINFIELD>0</ADMINFIELD>
     <COMPTYPE>E</COMPTYPE>
    </DD03P>
    <DD03P>
     <TABNAME>ZEAGIR_ORDENS</TABNAME>
     <FIELDNAME>AEZEIT</FIELDNAME>
     <POSITION>0022</POSITION>
     <ROLLNAME>AEZEIT</ROLLNAME>
     <ADMINFIELD>0</ADMINFIELD>
     <SHLPORIGIN>T</SHLPORIGIN>
     <COMPTYPE>E</COMPTYPE>
    </DD03P>
    <DD03P>
     <TABNAME>ZEAGIR_ORDENS</TABNAME>
     <FIELDNAME>MAINTPLANT</FIELDNAME>
     <POSITION>0023</POSITION>
     <ROLLNAME>WERKS_D</ROLLNAME>
     <ADMINFIELD>0</ADMINFIELD>
     <SHLPORIGIN>D</SHLPORIGIN>
     <COMPTYPE>E</COMPTYPE>
    </DD03P>
    <DD03P>
     <TABNAME>ZEAGIR_ORDENS</TABNAME>
     <FIELDNAME>ILATX</FIELDNAME>
     <POSITION>0024</POSITION>
     <ROLLNAME>ILATX</ROLLNAME>
     <ADMINFIELD>0</ADMINFIELD>
     <COMPTYPE>E</COMPTYPE>
    </DD03P>
    <DD03P>
     <TABNAME>ZEAGIR_ORDENS</TABNAME>
     <FIELDNAME>PRIOKX</FIELDNAME>
     <POSITION>0025</POSITION>
     <ROLLNAME>PRIOKX</ROLLNAME>
     <ADMINFIELD>0</ADMINFIELD>
     <COMPTYPE>E</COMPTYPE>
    </DD03P>
    <DD03P>
     <TABNAME>ZEAGIR_ORDENS</TABNAME>
     <FIELDNAME>WARPL</FIELDNAME>
     <POSITION>0026</POSITION>
     <ROLLNAME>WARPL</ROLLNAME>
     <ADMINFIELD>0</ADMINFIELD>
     <SHLPORIGIN>D</SHLPORIGIN>
     <COMPTYPE>E</COMPTYPE>
    </DD03P>
    <DD03P>
     <TABNAME>ZEAGIR_ORDENS</TABNAME>
     <FIELDNAME>NPLDA</FIELDNAME>
     <POSITION>0027</POSITION>
     <ROLLNAME>NPLDA</ROLLNAME>
     <ADMINFIELD>0</ADMINFIELD>
     <SHLPORIGIN>T</SHLPORIGIN>
     <COMPTYPE>E</COMPTYPE>
    </DD03P>
    <DD03P>
     <TABNAME>ZEAGIR_ORDENS</TABNAME>
     <FIELDNAME>GSBER</FIELDNAME>
     <POSITION>0028</POSITION>
     <ROLLNAME>GSBER</ROLLNAME>
     <ADMINFIELD>0</ADMINFIELD>
     <COMPTYPE>E</COMPTYPE>
    </DD03P>
    <DD03P>
     <TABNAME>ZEAGIR_ORDENS</TABNAME>
     <FIELDNAME>EQART</FIELDNAME>
     <POSITION>0029</POSITION>
     <ROLLNAME>EQART</ROLLNAME>
     <ADMINFIELD>0</ADMINFIELD>
     <COMPTYPE>E</COMPTYPE>
    </DD03P>
    <DD03P>
     <TABNAME>ZEAGIR_ORDENS</TABNAME>
     <FIELDNAME>ANLZU</FIELDNAME>
     <POSITION>0030</POSITION>
     <ROLLNAME>ANLZU</ROLLNAME>
     <ADMINFIELD>0</ADMINFIELD>
     <COMPTYPE>E</COMPTYPE>
    </DD03P>
    <DD03P>
     <TABNAME>ZEAGIR_ORDENS</TABNAME>
     <FIELDNAME>ADDAT</FIELDNAME>
     <POSITION>0031</POSITION>
     <ROLLNAME>ADDAT</ROLLNAME>
     <ADMINFIELD>0</ADMINFIELD>
     <SHLPORIGIN>T</SHLPORIGIN>
     <COMPTYPE>E</COMPTYPE>
    </DD03P>
    <DD03P>
     <TABNAME>ZEAGIR_ORDENS</TABNAME>
     <FIELDNAME>RM_NUM</FIELDNAME>
     <POSITION>0032</POSITION>
     <ROLLNAME>ZRM_NUM</ROLLNAME>
     <ADMINFIELD>0</ADMINFIELD>
     <COMPTYPE>E</COMPTYPE>
    </DD03P>
    <DD03P>
     <TABNAME>ZEAGIR_ORDENS</TABNAME>
     <FIELDNAME>KOSTL</FIELDNAME>
     <POSITION>0033</POSITION>
     <ROLLNAME>KOSTL</ROLLNAME>
     <ADMINFIELD>0</ADMINFIELD>
     <COMPTYPE>E</COMPTYPE>
    </DD03P>
   </DD03P_TABLE>
  </asx:values>
 </asx:abap>
</abapGit>
