﻿<?xml version="1.0" encoding="utf-8"?>
<abapGit version="v1.0.0" serializer="LCL_OBJECT_TABL" serializer_version="v1.0.0">
 <asx:abap xmlns:asx="http://www.sap.com/abapxml" version="1.0">
  <asx:values>
   <DD02V>
    <TABNAME>ZEAGIR_CENT_TRAB</TABNAME>
    <DDLANGUAGE>P</DDLANGUAGE>
    <TABCLASS>INTTAB</TABCLASS>
    <DDTEXT>Estrutura para Extração - Centro de Trabalho</DDTEXT>
   </DD02V>
   <DD03P_TABLE>
    <DD03P>
     <TABNAME>ZEAGIR_CENT_TRAB</TABNAME>
     <FIELDNAME>WERKS</FIELDNAME>
     <POSITION>0001</POSITION>
     <ROLLNAME>WERKS_D</ROLLNAME>
     <ADMINFIELD>0</ADMINFIELD>
     <SHLPORIGIN>D</SHLPORIGIN>
     <COMPTYPE>E</COMPTYPE>
    </DD03P>
    <DD03P>
     <TABNAME>ZEAGIR_CENT_TRAB</TABNAME>
     <FIELDNAME>ARBPL</FIELDNAME>
     <POSITION>0002</POSITION>
     <ROLLNAME>ARBPL</ROLLNAME>
     <ADMINFIELD>0</ADMINFIELD>
     <COMPTYPE>E</COMPTYPE>
    </DD03P>
    <DD03P>
     <TABNAME>ZEAGIR_CENT_TRAB</TABNAME>
     <FIELDNAME>KTEXT_CB</FIELDNAME>
     <POSITION>0003</POSITION>
     <ROLLNAME>CR_KTEXT</ROLLNAME>
     <ADMINFIELD>0</ADMINFIELD>
     <COMPTYPE>E</COMPTYPE>
    </DD03P>
    <DD03P>
     <TABNAME>ZEAGIR_CENT_TRAB</TABNAME>
     <FIELDNAME>VERWE</FIELDNAME>
     <POSITION>0004</POSITION>
     <ROLLNAME>AP_VERWE</ROLLNAME>
     <ADMINFIELD>0</ADMINFIELD>
     <SHLPORIGIN>D</SHLPORIGIN>
     <COMPTYPE>E</COMPTYPE>
    </DD03P>
    <DD03P>
     <TABNAME>ZEAGIR_CENT_TRAB</TABNAME>
     <FIELDNAME>VERAN</FIELDNAME>
     <POSITION>0005</POSITION>
     <ROLLNAME>AP_VERAN</ROLLNAME>
     <ADMINFIELD>0</ADMINFIELD>
     <COMPTYPE>E</COMPTYPE>
    </DD03P>
    <DD03P>
     <TABNAME>ZEAGIR_CENT_TRAB</TABNAME>
     <FIELDNAME>STAND</FIELDNAME>
     <POSITION>0006</POSITION>
     <ROLLNAME>AP_STAND</ROLLNAME>
     <ADMINFIELD>0</ADMINFIELD>
     <COMPTYPE>E</COMPTYPE>
    </DD03P>
    <DD03P>
     <TABNAME>ZEAGIR_CENT_TRAB</TABNAME>
     <FIELDNAME>PLANV</FIELDNAME>
     <POSITION>0007</POSITION>
     <ROLLNAME>AP_PLANV</ROLLNAME>
     <ADMINFIELD>0</ADMINFIELD>
     <COMPTYPE>E</COMPTYPE>
    </DD03P>
    <DD03P>
     <TABNAME>ZEAGIR_CENT_TRAB</TABNAME>
     <FIELDNAME>VGWTS</FIELDNAME>
     <POSITION>0008</POSITION>
     <ROLLNAME>VORGSCHL</ROLLNAME>
     <ADMINFIELD>0</ADMINFIELD>
     <COMPTYPE>E</COMPTYPE>
    </DD03P>
    <DD03P>
     <TABNAME>ZEAGIR_CENT_TRAB</TABNAME>
     <FIELDNAME>STEUS</FIELDNAME>
     <POSITION>0009</POSITION>
     <ROLLNAME>STEUS</ROLLNAME>
     <ADMINFIELD>0</ADMINFIELD>
     <COMPTYPE>E</COMPTYPE>
    </DD03P>
    <DD03P>
     <TABNAME>ZEAGIR_CENT_TRAB</TABNAME>
     <FIELDNAME>BEGDA</FIELDNAME>
     <POSITION>0010</POSITION>
     <ROLLNAME>BEGDATUM</ROLLNAME>
     <ADMINFIELD>0</ADMINFIELD>
     <SHLPORIGIN>T</SHLPORIGIN>
     <COMPTYPE>E</COMPTYPE>
    </DD03P>
    <DD03P>
     <TABNAME>ZEAGIR_CENT_TRAB</TABNAME>
     <FIELDNAME>ENDDA</FIELDNAME>
     <POSITION>0011</POSITION>
     <ROLLNAME>ENDDATUM</ROLLNAME>
     <ADMINFIELD>0</ADMINFIELD>
     <SHLPORIGIN>T</SHLPORIGIN>
     <COMPTYPE>E</COMPTYPE>
    </DD03P>
    <DD03P>
     <TABNAME>ZEAGIR_CENT_TRAB</TABNAME>
     <FIELDNAME>KOSTL</FIELDNAME>
     <POSITION>0012</POSITION>
     <ROLLNAME>KOSTL</ROLLNAME>
     <ADMINFIELD>0</ADMINFIELD>
     <COMPTYPE>E</COMPTYPE>
    </DD03P>
    <DD03P>
     <TABNAME>ZEAGIR_CENT_TRAB</TABNAME>
     <FIELDNAME>LSTAR</FIELDNAME>
     <POSITION>0013</POSITION>
     <ROLLNAME>LSTAR</ROLLNAME>
     <ADMINFIELD>0</ADMINFIELD>
     <SHLPORIGIN>D</SHLPORIGIN>
     <COMPTYPE>E</COMPTYPE>
    </DD03P>
    <DD03P>
     <TABNAME>ZEAGIR_CENT_TRAB</TABNAME>
     <FIELDNAME>FORML</FIELDNAME>
     <POSITION>0014</POSITION>
     <ROLLNAME>AP_FORM_C1</ROLLNAME>
     <ADMINFIELD>0</ADMINFIELD>
     <COMPTYPE>E</COMPTYPE>
    </DD03P>
    <DD03P>
     <TABNAME>ZEAGIR_CENT_TRAB</TABNAME>
     <FIELDNAME>KAPAR</FIELDNAME>
     <POSITION>0015</POSITION>
     <ROLLNAME>KAPAR</ROLLNAME>
     <ADMINFIELD>0</ADMINFIELD>
     <COMPTYPE>E</COMPTYPE>
    </DD03P>
    <DD03P>
     <TABNAME>ZEAGIR_CENT_TRAB</TABNAME>
     <FIELDNAME>TXT</FIELDNAME>
     <POSITION>0016</POSITION>
     <ROLLNAME>KAPARTTEXT</ROLLNAME>
     <ADMINFIELD>0</ADMINFIELD>
     <COMPTYPE>E</COMPTYPE>
    </DD03P>
    <DD03P>
     <TABNAME>ZEAGIR_CENT_TRAB</TABNAME>
     <FIELDNAME>FORK1</FIELDNAME>
     <POSITION>0017</POSITION>
     <ROLLNAME>AP_FORM_K1</ROLLNAME>
     <ADMINFIELD>0</ADMINFIELD>
     <COMPTYPE>E</COMPTYPE>
    </DD03P>
    <DD03P>
     <TABNAME>ZEAGIR_CENT_TRAB</TABNAME>
     <FIELDNAME>PLANR</FIELDNAME>
     <POSITION>0018</POSITION>
     <ROLLNAME>KAPPLANER</ROLLNAME>
     <ADMINFIELD>0</ADMINFIELD>
     <COMPTYPE>E</COMPTYPE>
    </DD03P>
    <DD03P>
     <TABNAME>ZEAGIR_CENT_TRAB</TABNAME>
     <FIELDNAME>KALID</FIELDNAME>
     <POSITION>0019</POSITION>
     <ROLLNAME>CR_WFCID</ROLLNAME>
     <ADMINFIELD>0</ADMINFIELD>
     <COMPTYPE>E</COMPTYPE>
    </DD03P>
    <DD03P>
     <TABNAME>ZEAGIR_CENT_TRAB</TABNAME>
     <FIELDNAME>MEINS</FIELDNAME>
     <POSITION>0020</POSITION>
     <ROLLNAME>KAPBASIS</ROLLNAME>
     <ADMINFIELD>0</ADMINFIELD>
     <COMPTYPE>E</COMPTYPE>
    </DD03P>
    <DD03P>
     <TABNAME>ZEAGIR_CENT_TRAB</TABNAME>
     <FIELDNAME>BEGZT</FIELDNAME>
     <POSITION>0021</POSITION>
     <ROLLNAME>KAPBEGZEIT</ROLLNAME>
     <ADMINFIELD>0</ADMINFIELD>
     <SHLPORIGIN>T</SHLPORIGIN>
     <COMPTYPE>E</COMPTYPE>
    </DD03P>
    <DD03P>
     <TABNAME>ZEAGIR_CENT_TRAB</TABNAME>
     <FIELDNAME>ENDZT</FIELDNAME>
     <POSITION>0022</POSITION>
     <ROLLNAME>KAPENDZEIT</ROLLNAME>
     <ADMINFIELD>0</ADMINFIELD>
     <SHLPORIGIN>T</SHLPORIGIN>
     <COMPTYPE>E</COMPTYPE>
    </DD03P>
    <DD03P>
     <TABNAME>ZEAGIR_CENT_TRAB</TABNAME>
     <FIELDNAME>PAUSE</FIELDNAME>
     <POSITION>0023</POSITION>
     <ROLLNAME>KAPPAUZEIT</ROLLNAME>
     <ADMINFIELD>0</ADMINFIELD>
     <SHLPORIGIN>T</SHLPORIGIN>
     <COMPTYPE>E</COMPTYPE>
    </DD03P>
    <DD03P>
     <TABNAME>ZEAGIR_CENT_TRAB</TABNAME>
     <FIELDNAME>NGRAD</FIELDNAME>
     <POSITION>0024</POSITION>
     <ROLLNAME>NUTZGRAD</ROLLNAME>
     <ADMINFIELD>0</ADMINFIELD>
     <COMPTYPE>E</COMPTYPE>
    </DD03P>
    <DD03P>
     <TABNAME>ZEAGIR_CENT_TRAB</TABNAME>
     <FIELDNAME>AZNOR</FIELDNAME>
     <POSITION>0025</POSITION>
     <ROLLNAME>KAPANZAHL</ROLLNAME>
     <ADMINFIELD>0</ADMINFIELD>
     <COMPTYPE>E</COMPTYPE>
    </DD03P>
    <DD03P>
     <TABNAME>ZEAGIR_CENT_TRAB</TABNAME>
     <FIELDNAME>KAPEH</FIELDNAME>
     <POSITION>0026</POSITION>
     <ROLLNAME>CR_KAPEH</ROLLNAME>
     <ADMINFIELD>0</ADMINFIELD>
     <COMPTYPE>E</COMPTYPE>
    </DD03P>
    <DD03P>
     <TABNAME>ZEAGIR_CENT_TRAB</TABNAME>
     <FIELDNAME>KAPTER</FIELDNAME>
     <POSITION>0027</POSITION>
     <ROLLNAME>KAP_KZTER</ROLLNAME>
     <ADMINFIELD>0</ADMINFIELD>
     <VALEXI>X</VALEXI>
     <SHLPORIGIN>F</SHLPORIGIN>
     <COMPTYPE>E</COMPTYPE>
    </DD03P>
    <DD03P>
     <TABNAME>ZEAGIR_CENT_TRAB</TABNAME>
     <FIELDNAME>KAPAVO</FIELDNAME>
     <POSITION>0028</POSITION>
     <ROLLNAME>KAP_KZAVO</ROLLNAME>
     <ADMINFIELD>0</ADMINFIELD>
     <VALEXI>X</VALEXI>
     <SHLPORIGIN>F</SHLPORIGIN>
     <COMPTYPE>E</COMPTYPE>
    </DD03P>
    <DD03P>
     <TABNAME>ZEAGIR_CENT_TRAB</TABNAME>
     <FIELDNAME>FORT1</FIELDNAME>
     <POSITION>0029</POSITION>
     <ROLLNAME>AP_FORM_T1</ROLLNAME>
     <ADMINFIELD>0</ADMINFIELD>
     <COMPTYPE>E</COMPTYPE>
    </DD03P>
   </DD03P_TABLE>
  </asx:values>
 </asx:abap>
</abapGit>
