﻿<?xml version="1.0" encoding="utf-8"?>
<abapGit version="v1.0.0" serializer="LCL_OBJECT_TABL" serializer_version="v1.0.0">
 <asx:abap xmlns:asx="http://www.sap.com/abapxml" version="1.0">
  <asx:values>
   <DD02V>
    <TABNAME>ZEAGIR_ORDEM_MANU</TABNAME>
    <DDLANGUAGE>P</DDLANGUAGE>
    <TABCLASS>INTTAB</TABCLASS>
    <DDTEXT>Estrutura para extração de informações - Ordem de Manutenção</DDTEXT>
   </DD02V>
   <DD03P_TABLE>
    <DD03P>
     <TABNAME>ZEAGIR_ORDEM_MANU</TABNAME>
     <FIELDNAME>ORDER_TYPE</FIELDNAME>
     <POSITION>0001</POSITION>
     <ROLLNAME>AUFART</ROLLNAME>
     <ADMINFIELD>0</ADMINFIELD>
     <COMPTYPE>E</COMPTYPE>
    </DD03P>
    <DD03P>
     <TABNAME>ZEAGIR_ORDEM_MANU</TABNAME>
     <FIELDNAME>KTEXT</FIELDNAME>
     <POSITION>0002</POSITION>
     <ROLLNAME>AUFTEXT</ROLLNAME>
     <ADMINFIELD>0</ADMINFIELD>
     <COMPTYPE>E</COMPTYPE>
    </DD03P>
    <DD03P>
     <TABNAME>ZEAGIR_ORDEM_MANU</TABNAME>
     <FIELDNAME>S_STATUS</FIELDNAME>
     <POSITION>0003</POSITION>
     <ROLLNAME>J_STEXT</ROLLNAME>
     <ADMINFIELD>0</ADMINFIELD>
     <COMPTYPE>E</COMPTYPE>
    </DD03P>
    <DD03P>
     <TABNAME>ZEAGIR_ORDEM_MANU</TABNAME>
     <FIELDNAME>U_STATUS</FIELDNAME>
     <POSITION>0004</POSITION>
     <ROLLNAME>J_ATEXT</ROLLNAME>
     <ADMINFIELD>0</ADMINFIELD>
     <COMPTYPE>E</COMPTYPE>
    </DD03P>
    <DD03P>
     <TABNAME>ZEAGIR_ORDEM_MANU</TABNAME>
     <FIELDNAME>TPLNR</FIELDNAME>
     <POSITION>0005</POSITION>
     <ROLLNAME>TPLNR</ROLLNAME>
     <ADMINFIELD>0</ADMINFIELD>
     <SHLPORIGIN>D</SHLPORIGIN>
     <COMPTYPE>E</COMPTYPE>
    </DD03P>
    <DD03P>
     <TABNAME>ZEAGIR_ORDEM_MANU</TABNAME>
     <FIELDNAME>EQUIPMENT</FIELDNAME>
     <POSITION>0006</POSITION>
     <ROLLNAME>EQUNR</ROLLNAME>
     <ADMINFIELD>0</ADMINFIELD>
     <SHLPORIGIN>D</SHLPORIGIN>
     <COMPTYPE>E</COMPTYPE>
    </DD03P>
    <DD03P>
     <TABNAME>ZEAGIR_ORDEM_MANU</TABNAME>
     <FIELDNAME>ORDERID</FIELDNAME>
     <POSITION>0007</POSITION>
     <ROLLNAME>AUFNR</ROLLNAME>
     <ADMINFIELD>0</ADMINFIELD>
     <COMPTYPE>E</COMPTYPE>
    </DD03P>
    <DD03P>
     <TABNAME>ZEAGIR_ORDEM_MANU</TABNAME>
     <FIELDNAME>PLANGROUP</FIELDNAME>
     <POSITION>0008</POSITION>
     <ROLLNAME>INGRP</ROLLNAME>
     <ADMINFIELD>0</ADMINFIELD>
     <COMPTYPE>E</COMPTYPE>
    </DD03P>
    <DD03P>
     <TABNAME>ZEAGIR_ORDEM_MANU</TABNAME>
     <FIELDNAME>PLANPLANT</FIELDNAME>
     <POSITION>0009</POSITION>
     <ROLLNAME>IWERK</ROLLNAME>
     <ADMINFIELD>0</ADMINFIELD>
     <COMPTYPE>E</COMPTYPE>
    </DD03P>
    <DD03P>
     <TABNAME>ZEAGIR_ORDEM_MANU</TABNAME>
     <FIELDNAME>MN_WK_CTR</FIELDNAME>
     <POSITION>0010</POSITION>
     <ROLLNAME>GEWRK</ROLLNAME>
     <ADMINFIELD>0</ADMINFIELD>
     <COMPTYPE>E</COMPTYPE>
    </DD03P>
    <DD03P>
     <TABNAME>ZEAGIR_ORDEM_MANU</TABNAME>
     <FIELDNAME>VAWRK</FIELDNAME>
     <POSITION>0011</POSITION>
     <ROLLNAME>WERGW</ROLLNAME>
     <ADMINFIELD>0</ADMINFIELD>
     <COMPTYPE>E</COMPTYPE>
    </DD03P>
    <DD03P>
     <TABNAME>ZEAGIR_ORDEM_MANU</TABNAME>
     <FIELDNAME>NOTIF_NO</FIELDNAME>
     <POSITION>0012</POSITION>
     <ROLLNAME>QMNUM</ROLLNAME>
     <ADMINFIELD>0</ADMINFIELD>
     <COMPTYPE>E</COMPTYPE>
    </DD03P>
    <DD03P>
     <TABNAME>ZEAGIR_ORDEM_MANU</TABNAME>
     <FIELDNAME>ILATX</FIELDNAME>
     <POSITION>0013</POSITION>
     <ROLLNAME>ILATX</ROLLNAME>
     <ADMINFIELD>0</ADMINFIELD>
     <COMPTYPE>E</COMPTYPE>
    </DD03P>
    <DD03P>
     <TABNAME>ZEAGIR_ORDEM_MANU</TABNAME>
     <FIELDNAME>ANLZU</FIELDNAME>
     <POSITION>0014</POSITION>
     <ROLLNAME>ANLZU</ROLLNAME>
     <ADMINFIELD>0</ADMINFIELD>
     <COMPTYPE>E</COMPTYPE>
    </DD03P>
    <DD03P>
     <TABNAME>ZEAGIR_ORDEM_MANU</TABNAME>
     <FIELDNAME>START_DATE</FIELDNAME>
     <POSITION>0015</POSITION>
     <ROLLNAME>ZEPM_INICIO_BASE</ROLLNAME>
     <ADMINFIELD>0</ADMINFIELD>
     <SHLPORIGIN>T</SHLPORIGIN>
     <COMPTYPE>E</COMPTYPE>
    </DD03P>
    <DD03P>
     <TABNAME>ZEAGIR_ORDEM_MANU</TABNAME>
     <FIELDNAME>FINISH_DATE</FIELDNAME>
     <POSITION>0016</POSITION>
     <ROLLNAME>ZEPM_FIM_BASE</ROLLNAME>
     <ADMINFIELD>0</ADMINFIELD>
     <SHLPORIGIN>T</SHLPORIGIN>
     <COMPTYPE>E</COMPTYPE>
    </DD03P>
    <DD03P>
     <TABNAME>ZEAGIR_ORDEM_MANU</TABNAME>
     <FIELDNAME>PRIOK</FIELDNAME>
     <POSITION>0017</POSITION>
     <ROLLNAME>PRIOK</ROLLNAME>
     <ADMINFIELD>0</ADMINFIELD>
     <COMPTYPE>E</COMPTYPE>
    </DD03P>
    <DD03P>
     <TABNAME>ZEAGIR_ORDEM_MANU</TABNAME>
     <FIELDNAME>PRIOKX</FIELDNAME>
     <POSITION>0018</POSITION>
     <ROLLNAME>PRIOKX</ROLLNAME>
     <ADMINFIELD>0</ADMINFIELD>
     <COMPTYPE>E</COMPTYPE>
    </DD03P>
    <DD03P>
     <TABNAME>ZEAGIR_ORDEM_MANU</TABNAME>
     <FIELDNAME>LTXA1</FIELDNAME>
     <POSITION>0019</POSITION>
     <ROLLNAME>AUFTEXT</ROLLNAME>
     <ADMINFIELD>0</ADMINFIELD>
     <COMPTYPE>E</COMPTYPE>
    </DD03P>
    <DD03P>
     <TABNAME>ZEAGIR_ORDEM_MANU</TABNAME>
     <FIELDNAME>CALC_KEY</FIELDNAME>
     <POSITION>0020</POSITION>
     <ROLLNAME>INDET</ROLLNAME>
     <ADMINFIELD>0</ADMINFIELD>
     <VALEXI>X</VALEXI>
     <SHLPORIGIN>F</SHLPORIGIN>
     <COMPTYPE>E</COMPTYPE>
    </DD03P>
    <DD03P>
     <TABNAME>ZEAGIR_ORDEM_MANU</TABNAME>
     <FIELDNAME>WORK_CNTR</FIELDNAME>
     <POSITION>0021</POSITION>
     <ROLLNAME>ARBPL</ROLLNAME>
     <ADMINFIELD>0</ADMINFIELD>
     <COMPTYPE>E</COMPTYPE>
    </DD03P>
    <DD03P>
     <TABNAME>ZEAGIR_ORDEM_MANU</TABNAME>
     <FIELDNAME>PLANT</FIELDNAME>
     <POSITION>0022</POSITION>
     <ROLLNAME>WERKS_D</ROLLNAME>
     <ADMINFIELD>0</ADMINFIELD>
     <SHLPORIGIN>D</SHLPORIGIN>
     <COMPTYPE>E</COMPTYPE>
    </DD03P>
    <DD03P>
     <TABNAME>ZEAGIR_ORDEM_MANU</TABNAME>
     <FIELDNAME>CONTROL_KEY</FIELDNAME>
     <POSITION>0023</POSITION>
     <ROLLNAME>STEUS</ROLLNAME>
     <ADMINFIELD>0</ADMINFIELD>
     <COMPTYPE>E</COMPTYPE>
    </DD03P>
    <DD03P>
     <TABNAME>ZEAGIR_ORDEM_MANU</TABNAME>
     <FIELDNAME>ACTTYPE</FIELDNAME>
     <POSITION>0024</POSITION>
     <ROLLNAME>LSTAR</ROLLNAME>
     <ADMINFIELD>0</ADMINFIELD>
     <SHLPORIGIN>D</SHLPORIGIN>
     <COMPTYPE>E</COMPTYPE>
    </DD03P>
    <DD03P>
     <TABNAME>ZEAGIR_ORDEM_MANU</TABNAME>
     <FIELDNAME>WORK_ACTIVITY</FIELDNAME>
     <POSITION>0025</POSITION>
     <ROLLNAME>ARBEIT</ROLLNAME>
     <ADMINFIELD>0</ADMINFIELD>
     <REFTABLE>BAPI_ALM_ORDER_OPERATION_E</REFTABLE>
     <REFFIELD>UN_WORK</REFFIELD>
     <COMPTYPE>E</COMPTYPE>
    </DD03P>
    <DD03P>
     <TABNAME>ZEAGIR_ORDEM_MANU</TABNAME>
     <FIELDNAME>UN_WORK</FIELDNAME>
     <POSITION>0026</POSITION>
     <ROLLNAME>ARBEITE</ROLLNAME>
     <ADMINFIELD>0</ADMINFIELD>
     <COMPTYPE>E</COMPTYPE>
    </DD03P>
    <DD03P>
     <TABNAME>ZEAGIR_ORDEM_MANU</TABNAME>
     <FIELDNAME>NUMBER_OF_CAPACITIES</FIELDNAME>
     <POSITION>0027</POSITION>
     <ROLLNAME>ANZKAP</ROLLNAME>
     <ADMINFIELD>0</ADMINFIELD>
     <COMPTYPE>E</COMPTYPE>
    </DD03P>
    <DD03P>
     <TABNAME>ZEAGIR_ORDEM_MANU</TABNAME>
     <FIELDNAME>DURATION_NORMAL</FIELDNAME>
     <POSITION>0028</POSITION>
     <ROLLNAME>DAUNOR</ROLLNAME>
     <ADMINFIELD>0</ADMINFIELD>
     <REFTABLE>BAPI_ALM_ORDER_OPERATION_E</REFTABLE>
     <REFFIELD>DURATION_NORMAL_UNIT</REFFIELD>
     <COMPTYPE>E</COMPTYPE>
    </DD03P>
    <DD03P>
     <TABNAME>ZEAGIR_ORDEM_MANU</TABNAME>
     <FIELDNAME>DURATION_NORMAL_UNIT</FIELDNAME>
     <POSITION>0029</POSITION>
     <ROLLNAME>DAUNORE</ROLLNAME>
     <ADMINFIELD>0</ADMINFIELD>
     <COMPTYPE>E</COMPTYPE>
    </DD03P>
    <DD03P>
     <TABNAME>ZEAGIR_ORDEM_MANU</TABNAME>
     <FIELDNAME>ACTIVITY</FIELDNAME>
     <POSITION>0030</POSITION>
     <ROLLNAME>VORNR</ROLLNAME>
     <ADMINFIELD>0</ADMINFIELD>
     <COMPTYPE>E</COMPTYPE>
    </DD03P>
    <DD03P>
     <TABNAME>ZEAGIR_ORDEM_MANU</TABNAME>
     <FIELDNAME>COMP_CODE</FIELDNAME>
     <POSITION>0031</POSITION>
     <ROLLNAME>BUKRS</ROLLNAME>
     <ADMINFIELD>0</ADMINFIELD>
     <SHLPORIGIN>D</SHLPORIGIN>
     <COMPTYPE>E</COMPTYPE>
    </DD03P>
    <DD03P>
     <TABNAME>ZEAGIR_ORDEM_MANU</TABNAME>
     <FIELDNAME>GSBER</FIELDNAME>
     <POSITION>0032</POSITION>
     <ROLLNAME>GSBER</ROLLNAME>
     <ADMINFIELD>0</ADMINFIELD>
     <COMPTYPE>E</COMPTYPE>
    </DD03P>
    <DD03P>
     <TABNAME>ZEAGIR_ORDEM_MANU</TABNAME>
     <FIELDNAME>KOSTV</FIELDNAME>
     <POSITION>0033</POSITION>
     <ROLLNAME>AUFKOSTV</ROLLNAME>
     <ADMINFIELD>0</ADMINFIELD>
     <COMPTYPE>E</COMPTYPE>
    </DD03P>
    <DD03P>
     <TABNAME>ZEAGIR_ORDEM_MANU</TABNAME>
     <FIELDNAME>PROFIT_CTR</FIELDNAME>
     <POSITION>0034</POSITION>
     <ROLLNAME>PRCTR</ROLLNAME>
     <ADMINFIELD>0</ADMINFIELD>
     <SHLPORIGIN>D</SHLPORIGIN>
     <COMPTYPE>E</COMPTYPE>
    </DD03P>
    <DD03P>
     <TABNAME>ZEAGIR_ORDEM_MANU</TABNAME>
     <FIELDNAME>SCOPE</FIELDNAME>
     <POSITION>0035</POSITION>
     <ROLLNAME>SCOPE_CV</ROLLNAME>
     <ADMINFIELD>0</ADMINFIELD>
     <VALEXI>X</VALEXI>
     <SHLPORIGIN>F</SHLPORIGIN>
     <COMPTYPE>E</COMPTYPE>
    </DD03P>
    <DD03P>
     <TABNAME>ZEAGIR_ORDEM_MANU</TABNAME>
     <FIELDNAME>ABKRS</FIELDNAME>
     <POSITION>0036</POSITION>
     <ROLLNAME>AUFABKRS</ROLLNAME>
     <ADMINFIELD>0</ADMINFIELD>
     <COMPTYPE>E</COMPTYPE>
    </DD03P>
    <DD03P>
     <TABNAME>ZEAGIR_ORDEM_MANU</TABNAME>
     <FIELDNAME>MAINTPLANT</FIELDNAME>
     <POSITION>0037</POSITION>
     <ROLLNAME>SWERK</ROLLNAME>
     <ADMINFIELD>0</ADMINFIELD>
     <COMPTYPE>E</COMPTYPE>
    </DD03P>
    <DD03P>
     <TABNAME>ZEAGIR_ORDEM_MANU</TABNAME>
     <FIELDNAME>LOCATION</FIELDNAME>
     <POSITION>0038</POSITION>
     <ROLLNAME>STORT</ROLLNAME>
     <ADMINFIELD>0</ADMINFIELD>
     <COMPTYPE>E</COMPTYPE>
    </DD03P>
    <DD03P>
     <TABNAME>ZEAGIR_ORDEM_MANU</TABNAME>
     <FIELDNAME>KOSTL</FIELDNAME>
     <POSITION>0039</POSITION>
     <ROLLNAME>KOSTL</ROLLNAME>
     <ADMINFIELD>0</ADMINFIELD>
     <COMPTYPE>E</COMPTYPE>
    </DD03P>
    <DD03P>
     <TABNAME>ZEAGIR_ORDEM_MANU</TABNAME>
     <FIELDNAME>TASK_LIST_TYPE</FIELDNAME>
     <POSITION>0040</POSITION>
     <ROLLNAME>PLNTY</ROLLNAME>
     <ADMINFIELD>0</ADMINFIELD>
     <SHLPORIGIN>D</SHLPORIGIN>
     <COMPTYPE>E</COMPTYPE>
    </DD03P>
    <DD03P>
     <TABNAME>ZEAGIR_ORDEM_MANU</TABNAME>
     <FIELDNAME>TASK_LIST_GROUP</FIELDNAME>
     <POSITION>0041</POSITION>
     <ROLLNAME>PLNNR</ROLLNAME>
     <ADMINFIELD>0</ADMINFIELD>
     <SHLPORIGIN>D</SHLPORIGIN>
     <COMPTYPE>E</COMPTYPE>
    </DD03P>
    <DD03P>
     <TABNAME>ZEAGIR_ORDEM_MANU</TABNAME>
     <FIELDNAME>GROUP_COUNTER</FIELDNAME>
     <POSITION>0042</POSITION>
     <ROLLNAME>PLNAL</ROLLNAME>
     <ADMINFIELD>0</ADMINFIELD>
     <COMPTYPE>E</COMPTYPE>
    </DD03P>
    <DD03P>
     <TABNAME>ZEAGIR_ORDEM_MANU</TABNAME>
     <FIELDNAME>RM_NUM</FIELDNAME>
     <POSITION>0043</POSITION>
     <ROLLNAME>ZRM_NUM</ROLLNAME>
     <ADMINFIELD>0</ADMINFIELD>
     <COMPTYPE>E</COMPTYPE>
    </DD03P>
    <DD03P>
     <TABNAME>ZEAGIR_ORDEM_MANU</TABNAME>
     <FIELDNAME>ZSOLIC</FIELDNAME>
     <POSITION>0044</POSITION>
     <ROLLNAME>ZEPM_SOLIC</ROLLNAME>
     <ADMINFIELD>0</ADMINFIELD>
     <COMPTYPE>E</COMPTYPE>
    </DD03P>
    <DD03P>
     <TABNAME>ZEAGIR_ORDEM_MANU</TABNAME>
     <FIELDNAME>ZEXEC_TAESA</FIELDNAME>
     <POSITION>0045</POSITION>
     <ROLLNAME>ZEPM_EXEC_TAESA</ROLLNAME>
     <ADMINFIELD>0</ADMINFIELD>
     <COMPTYPE>E</COMPTYPE>
    </DD03P>
   </DD03P_TABLE>
  </asx:values>
 </asx:abap>
</abapGit>
