﻿<?xml version="1.0" encoding="utf-8"?>
<abapGit version="v1.0.0" serializer="LCL_OBJECT_TABL" serializer_version="v1.0.0">
 <asx:abap xmlns:asx="http://www.sap.com/abapxml" version="1.0">
  <asx:values>
   <DD02V>
    <TABNAME>ZEAGIR_BNKA</TABNAME>
    <DDLANGUAGE>P</DDLANGUAGE>
    <TABCLASS>INTTAB</TABCLASS>
    <DDTEXT>Estrutura S_BNKA Cockpit de migração</DDTEXT>
   </DD02V>
   <DD03P_TABLE>
    <DD03P>
     <TABNAME>ZEAGIR_BNKA</TABNAME>
     <FIELDNAME>BANKS</FIELDNAME>
     <POSITION>0001</POSITION>
     <ROLLNAME>BANKS</ROLLNAME>
     <ADMINFIELD>0</ADMINFIELD>
     <COMPTYPE>E</COMPTYPE>
    </DD03P>
    <DD03P>
     <TABNAME>ZEAGIR_BNKA</TABNAME>
     <FIELDNAME>BANKL</FIELDNAME>
     <POSITION>0002</POSITION>
     <ROLLNAME>BANKK</ROLLNAME>
     <ADMINFIELD>0</ADMINFIELD>
     <COMPTYPE>E</COMPTYPE>
    </DD03P>
    <DD03P>
     <TABNAME>ZEAGIR_BNKA</TABNAME>
     <FIELDNAME>BANKA</FIELDNAME>
     <POSITION>0003</POSITION>
     <ROLLNAME>BANKA</ROLLNAME>
     <ADMINFIELD>0</ADMINFIELD>
     <COMPTYPE>E</COMPTYPE>
    </DD03P>
    <DD03P>
     <TABNAME>ZEAGIR_BNKA</TABNAME>
     <FIELDNAME>PROVZ</FIELDNAME>
     <POSITION>0004</POSITION>
     <ROLLNAME>PROVZ</ROLLNAME>
     <ADMINFIELD>0</ADMINFIELD>
     <COMPTYPE>E</COMPTYPE>
    </DD03P>
    <DD03P>
     <TABNAME>ZEAGIR_BNKA</TABNAME>
     <FIELDNAME>STRAS</FIELDNAME>
     <POSITION>0005</POSITION>
     <ROLLNAME>STRAS</ROLLNAME>
     <ADMINFIELD>0</ADMINFIELD>
     <COMPTYPE>E</COMPTYPE>
    </DD03P>
    <DD03P>
     <TABNAME>ZEAGIR_BNKA</TABNAME>
     <FIELDNAME>ORT01</FIELDNAME>
     <POSITION>0006</POSITION>
     <ROLLNAME>ORT01</ROLLNAME>
     <ADMINFIELD>0</ADMINFIELD>
     <COMPTYPE>E</COMPTYPE>
    </DD03P>
    <DD03P>
     <TABNAME>ZEAGIR_BNKA</TABNAME>
     <FIELDNAME>SWIFT</FIELDNAME>
     <POSITION>0007</POSITION>
     <ROLLNAME>SWIFT</ROLLNAME>
     <ADMINFIELD>0</ADMINFIELD>
     <COMPTYPE>E</COMPTYPE>
    </DD03P>
    <DD03P>
     <TABNAME>ZEAGIR_BNKA</TABNAME>
     <FIELDNAME>XPGRO</FIELDNAME>
     <POSITION>0008</POSITION>
     <ROLLNAME>XPGRO</ROLLNAME>
     <ADMINFIELD>0</ADMINFIELD>
     <VALEXI>X</VALEXI>
     <SHLPORIGIN>F</SHLPORIGIN>
     <COMPTYPE>E</COMPTYPE>
    </DD03P>
    <DD03P>
     <TABNAME>ZEAGIR_BNKA</TABNAME>
     <FIELDNAME>BNKLZ</FIELDNAME>
     <POSITION>0009</POSITION>
     <ROLLNAME>PSKTO_CH</ROLLNAME>
     <ADMINFIELD>0</ADMINFIELD>
     <COMPTYPE>E</COMPTYPE>
    </DD03P>
    <DD03P>
     <TABNAME>ZEAGIR_BNKA</TABNAME>
     <FIELDNAME>BRNCH</FIELDNAME>
     <POSITION>0010</POSITION>
     <ROLLNAME>BRNCH</ROLLNAME>
     <ADMINFIELD>0</ADMINFIELD>
     <COMPTYPE>E</COMPTYPE>
    </DD03P>
   </DD03P_TABLE>
  </asx:values>
 </asx:abap>
</abapGit>
