﻿<?xml version="1.0" encoding="utf-8"?>
<abapGit version="v1.0.0" serializer="LCL_OBJECT_TABL" serializer_version="v1.0.0">
 <asx:abap xmlns:asx="http://www.sap.com/abapxml" version="1.0">
  <asx:values>
   <DD02V>
    <TABNAME>ZEFI_MESTRE_IMOBILIZADO</TABNAME>
    <DDLANGUAGE>P</DDLANGUAGE>
    <TABCLASS>INTTAB</TABCLASS>
    <DDTEXT>Extração de dados gerais de imobilizado</DDTEXT>
    <EXCLASS>3</EXCLASS>
   </DD02V>
   <DD03P_TABLE>
    <DD03P>
     <TABNAME>ZEFI_MESTRE_IMOBILIZADO</TABNAME>
     <FIELDNAME>BUKRS</FIELDNAME>
     <POSITION>0001</POSITION>
     <ROLLNAME>BUKRS</ROLLNAME>
     <ADMINFIELD>0</ADMINFIELD>
     <SHLPORIGIN>D</SHLPORIGIN>
     <COMPTYPE>E</COMPTYPE>
    </DD03P>
    <DD03P>
     <TABNAME>ZEFI_MESTRE_IMOBILIZADO</TABNAME>
     <FIELDNAME>ANLN1</FIELDNAME>
     <POSITION>0002</POSITION>
     <ROLLNAME>ANLN1</ROLLNAME>
     <ADMINFIELD>0</ADMINFIELD>
     <COMPTYPE>E</COMPTYPE>
    </DD03P>
    <DD03P>
     <TABNAME>ZEFI_MESTRE_IMOBILIZADO</TABNAME>
     <FIELDNAME>ANLN2</FIELDNAME>
     <POSITION>0003</POSITION>
     <ROLLNAME>ANLN2</ROLLNAME>
     <ADMINFIELD>0</ADMINFIELD>
     <COMPTYPE>E</COMPTYPE>
    </DD03P>
    <DD03P>
     <TABNAME>ZEFI_MESTRE_IMOBILIZADO</TABNAME>
     <FIELDNAME>ANLKL</FIELDNAME>
     <POSITION>0004</POSITION>
     <ROLLNAME>ANLKL</ROLLNAME>
     <ADMINFIELD>0</ADMINFIELD>
     <SHLPORIGIN>D</SHLPORIGIN>
     <COMPTYPE>E</COMPTYPE>
    </DD03P>
    <DD03P>
     <TABNAME>ZEFI_MESTRE_IMOBILIZADO</TABNAME>
     <FIELDNAME>TXT50</FIELDNAME>
     <POSITION>0005</POSITION>
     <ROLLNAME>TXA50_ANLT</ROLLNAME>
     <ADMINFIELD>0</ADMINFIELD>
     <COMPTYPE>E</COMPTYPE>
    </DD03P>
    <DD03P>
     <TABNAME>ZEFI_MESTRE_IMOBILIZADO</TABNAME>
     <FIELDNAME>TXA50</FIELDNAME>
     <POSITION>0006</POSITION>
     <ROLLNAME>TXA50_MORE</ROLLNAME>
     <ADMINFIELD>0</ADMINFIELD>
     <COMPTYPE>E</COMPTYPE>
    </DD03P>
    <DD03P>
     <TABNAME>ZEFI_MESTRE_IMOBILIZADO</TABNAME>
     <FIELDNAME>SERNR</FIELDNAME>
     <POSITION>0007</POSITION>
     <ROLLNAME>AM_SERNR</ROLLNAME>
     <ADMINFIELD>0</ADMINFIELD>
     <COMPTYPE>E</COMPTYPE>
    </DD03P>
    <DD03P>
     <TABNAME>ZEFI_MESTRE_IMOBILIZADO</TABNAME>
     <FIELDNAME>MENGE</FIELDNAME>
     <POSITION>0008</POSITION>
     <ROLLNAME>AM_MENGE</ROLLNAME>
     <ADMINFIELD>0</ADMINFIELD>
     <REFTABLE>ANLA</REFTABLE>
     <REFFIELD>MEINS</REFFIELD>
     <COMPTYPE>E</COMPTYPE>
    </DD03P>
    <DD03P>
     <TABNAME>ZEFI_MESTRE_IMOBILIZADO</TABNAME>
     <FIELDNAME>MEINS</FIELDNAME>
     <POSITION>0009</POSITION>
     <ROLLNAME>MEINS</ROLLNAME>
     <ADMINFIELD>0</ADMINFIELD>
     <COMPTYPE>E</COMPTYPE>
    </DD03P>
    <DD03P>
     <TABNAME>ZEFI_MESTRE_IMOBILIZADO</TABNAME>
     <FIELDNAME>AKTIV</FIELDNAME>
     <POSITION>0010</POSITION>
     <ROLLNAME>AKTIVD</ROLLNAME>
     <ADMINFIELD>0</ADMINFIELD>
     <SHLPORIGIN>T</SHLPORIGIN>
     <COMPTYPE>E</COMPTYPE>
    </DD03P>
    <DD03P>
     <TABNAME>ZEFI_MESTRE_IMOBILIZADO</TABNAME>
     <FIELDNAME>WERKS</FIELDNAME>
     <POSITION>0011</POSITION>
     <ROLLNAME>WERKS_D</ROLLNAME>
     <ADMINFIELD>0</ADMINFIELD>
     <SHLPORIGIN>D</SHLPORIGIN>
     <COMPTYPE>E</COMPTYPE>
    </DD03P>
    <DD03P>
     <TABNAME>ZEFI_MESTRE_IMOBILIZADO</TABNAME>
     <FIELDNAME>STORT</FIELDNAME>
     <POSITION>0012</POSITION>
     <ROLLNAME>STORT</ROLLNAME>
     <ADMINFIELD>0</ADMINFIELD>
     <COMPTYPE>E</COMPTYPE>
    </DD03P>
    <DD03P>
     <TABNAME>ZEFI_MESTRE_IMOBILIZADO</TABNAME>
     <FIELDNAME>KOSTL</FIELDNAME>
     <POSITION>0013</POSITION>
     <ROLLNAME>KOSTL</ROLLNAME>
     <ADMINFIELD>0</ADMINFIELD>
     <COMPTYPE>E</COMPTYPE>
    </DD03P>
    <DD03P>
     <TABNAME>ZEFI_MESTRE_IMOBILIZADO</TABNAME>
     <FIELDNAME>AIBN1</FIELDNAME>
     <POSITION>0014</POSITION>
     <ROLLNAME>AIBN1</ROLLNAME>
     <ADMINFIELD>0</ADMINFIELD>
     <COMPTYPE>E</COMPTYPE>
    </DD03P>
    <DD03P>
     <TABNAME>ZEFI_MESTRE_IMOBILIZADO</TABNAME>
     <FIELDNAME>INVNR</FIELDNAME>
     <POSITION>0015</POSITION>
     <ROLLNAME>INVNR_ANLA</ROLLNAME>
     <ADMINFIELD>0</ADMINFIELD>
     <COMPTYPE>E</COMPTYPE>
    </DD03P>
    <DD03P>
     <TABNAME>ZEFI_MESTRE_IMOBILIZADO</TABNAME>
     <FIELDNAME>IVDAT</FIELDNAME>
     <POSITION>0016</POSITION>
     <ROLLNAME>IVDAT_ANLA</ROLLNAME>
     <ADMINFIELD>0</ADMINFIELD>
     <SHLPORIGIN>T</SHLPORIGIN>
     <COMPTYPE>E</COMPTYPE>
    </DD03P>
    <DD03P>
     <TABNAME>ZEFI_MESTRE_IMOBILIZADO</TABNAME>
     <FIELDNAME>INVZU</FIELDNAME>
     <POSITION>0017</POSITION>
     <ROLLNAME>INVZU_ANLA</ROLLNAME>
     <ADMINFIELD>0</ADMINFIELD>
     <COMPTYPE>E</COMPTYPE>
    </DD03P>
    <DD03P>
     <TABNAME>ZEFI_MESTRE_IMOBILIZADO</TABNAME>
     <FIELDNAME>INKEN</FIELDNAME>
     <POSITION>0018</POSITION>
     <ROLLNAME>INKEN</ROLLNAME>
     <ADMINFIELD>0</ADMINFIELD>
     <VALEXI>X</VALEXI>
     <SHLPORIGIN>F</SHLPORIGIN>
     <COMPTYPE>E</COMPTYPE>
    </DD03P>
    <DD03P>
     <TABNAME>ZEFI_MESTRE_IMOBILIZADO</TABNAME>
     <FIELDNAME>KTOGR</FIELDNAME>
     <POSITION>0019</POSITION>
     <ROLLNAME>KTOGR</ROLLNAME>
     <ADMINFIELD>0</ADMINFIELD>
     <COMPTYPE>E</COMPTYPE>
    </DD03P>
    <DD03P>
     <TABNAME>ZEFI_MESTRE_IMOBILIZADO</TABNAME>
     <FIELDNAME>POSNR</FIELDNAME>
     <POSITION>0020</POSITION>
     <ROLLNAME>AM_POSNR</ROLLNAME>
     <ADMINFIELD>0</ADMINFIELD>
     <COMPTYPE>E</COMPTYPE>
    </DD03P>
    <DD03P>
     <TABNAME>ZEFI_MESTRE_IMOBILIZADO</TABNAME>
     <FIELDNAME>ANLHTXT</FIELDNAME>
     <POSITION>0021</POSITION>
     <ROLLNAME>ANLHTXT</ROLLNAME>
     <ADMINFIELD>0</ADMINFIELD>
     <COMPTYPE>E</COMPTYPE>
    </DD03P>
    <DD03P>
     <TABNAME>ZEFI_MESTRE_IMOBILIZADO</TABNAME>
     <FIELDNAME>POSID</FIELDNAME>
     <POSITION>0022</POSITION>
     <ROLLNAME>IM_POSID</ROLLNAME>
     <ADMINFIELD>0</ADMINFIELD>
     <COMPTYPE>E</COMPTYPE>
    </DD03P>
   </DD03P_TABLE>
  </asx:values>
 </asx:abap>
</abapGit>
