﻿<?xml version="1.0" encoding="utf-8"?>
<abapGit version="v1.0.0" serializer="LCL_OBJECT_TABL" serializer_version="v1.0.0">
 <asx:abap xmlns:asx="http://www.sap.com/abapxml" version="1.0">
  <asx:values>
   <DD02V>
    <TABNAME>ZEFI_DADOS_VENDAS</TABNAME>
    <DDLANGUAGE>P</DDLANGUAGE>
    <TABCLASS>INTTAB</TABCLASS>
    <DDTEXT>Extração dos dados de vendas (Mestre de Clientes)</DDTEXT>
    <EXCLASS>2</EXCLASS>
   </DD02V>
   <DD03P_TABLE>
    <DD03P>
     <TABNAME>ZEFI_DADOS_VENDAS</TABNAME>
     <FIELDNAME>KUNNR</FIELDNAME>
     <POSITION>0001</POSITION>
     <ROLLNAME>KUNNR</ROLLNAME>
     <ADMINFIELD>0</ADMINFIELD>
     <SHLPORIGIN>D</SHLPORIGIN>
     <COMPTYPE>E</COMPTYPE>
    </DD03P>
    <DD03P>
     <TABNAME>ZEFI_DADOS_VENDAS</TABNAME>
     <FIELDNAME>VKORG</FIELDNAME>
     <POSITION>0002</POSITION>
     <ROLLNAME>VKORG</ROLLNAME>
     <ADMINFIELD>0</ADMINFIELD>
     <SHLPORIGIN>D</SHLPORIGIN>
     <COMPTYPE>E</COMPTYPE>
    </DD03P>
    <DD03P>
     <TABNAME>ZEFI_DADOS_VENDAS</TABNAME>
     <FIELDNAME>VTWEG</FIELDNAME>
     <POSITION>0003</POSITION>
     <ROLLNAME>VTWEG</ROLLNAME>
     <ADMINFIELD>0</ADMINFIELD>
     <SHLPORIGIN>D</SHLPORIGIN>
     <COMPTYPE>E</COMPTYPE>
    </DD03P>
    <DD03P>
     <TABNAME>ZEFI_DADOS_VENDAS</TABNAME>
     <FIELDNAME>SPART</FIELDNAME>
     <POSITION>0004</POSITION>
     <ROLLNAME>SPART</ROLLNAME>
     <ADMINFIELD>0</ADMINFIELD>
     <SHLPORIGIN>D</SHLPORIGIN>
     <COMPTYPE>E</COMPTYPE>
    </DD03P>
    <DD03P>
     <TABNAME>ZEFI_DADOS_VENDAS</TABNAME>
     <FIELDNAME>KDGRP</FIELDNAME>
     <POSITION>0005</POSITION>
     <ROLLNAME>KDGRP</ROLLNAME>
     <ADMINFIELD>0</ADMINFIELD>
     <COMPTYPE>E</COMPTYPE>
    </DD03P>
    <DD03P>
     <TABNAME>ZEFI_DADOS_VENDAS</TABNAME>
     <FIELDNAME>BZIRK</FIELDNAME>
     <POSITION>0006</POSITION>
     <ROLLNAME>BZIRK</ROLLNAME>
     <ADMINFIELD>0</ADMINFIELD>
     <COMPTYPE>E</COMPTYPE>
    </DD03P>
    <DD03P>
     <TABNAME>ZEFI_DADOS_VENDAS</TABNAME>
     <FIELDNAME>VKBUR</FIELDNAME>
     <POSITION>0007</POSITION>
     <ROLLNAME>VKBUR</ROLLNAME>
     <ADMINFIELD>0</ADMINFIELD>
     <COMPTYPE>E</COMPTYPE>
    </DD03P>
    <DD03P>
     <TABNAME>ZEFI_DADOS_VENDAS</TABNAME>
     <FIELDNAME>VKGRP</FIELDNAME>
     <POSITION>0008</POSITION>
     <ROLLNAME>VKGRP</ROLLNAME>
     <ADMINFIELD>0</ADMINFIELD>
     <COMPTYPE>E</COMPTYPE>
    </DD03P>
    <DD03P>
     <TABNAME>ZEFI_DADOS_VENDAS</TABNAME>
     <FIELDNAME>EIKTO</FIELDNAME>
     <POSITION>0009</POSITION>
     <ROLLNAME>EIKTO</ROLLNAME>
     <ADMINFIELD>0</ADMINFIELD>
     <COMPTYPE>E</COMPTYPE>
    </DD03P>
    <DD03P>
     <TABNAME>ZEFI_DADOS_VENDAS</TABNAME>
     <FIELDNAME>AWAHR</FIELDNAME>
     <POSITION>0010</POSITION>
     <ROLLNAME>AWAHR</ROLLNAME>
     <ADMINFIELD>0</ADMINFIELD>
     <VALEXI>X</VALEXI>
     <SHLPORIGIN>F</SHLPORIGIN>
     <COMPTYPE>E</COMPTYPE>
    </DD03P>
    <DD03P>
     <TABNAME>ZEFI_DADOS_VENDAS</TABNAME>
     <FIELDNAME>KLABC</FIELDNAME>
     <POSITION>0011</POSITION>
     <ROLLNAME>KLABC</ROLLNAME>
     <ADMINFIELD>0</ADMINFIELD>
     <COMPTYPE>E</COMPTYPE>
    </DD03P>
    <DD03P>
     <TABNAME>ZEFI_DADOS_VENDAS</TABNAME>
     <FIELDNAME>WAERS</FIELDNAME>
     <POSITION>0012</POSITION>
     <ROLLNAME>WAERS_V02D</ROLLNAME>
     <ADMINFIELD>0</ADMINFIELD>
     <COMPTYPE>E</COMPTYPE>
    </DD03P>
    <DD03P>
     <TABNAME>ZEFI_DADOS_VENDAS</TABNAME>
     <FIELDNAME>KONDA</FIELDNAME>
     <POSITION>0013</POSITION>
     <ROLLNAME>KONDA</ROLLNAME>
     <ADMINFIELD>0</ADMINFIELD>
     <COMPTYPE>E</COMPTYPE>
    </DD03P>
    <DD03P>
     <TABNAME>ZEFI_DADOS_VENDAS</TABNAME>
     <FIELDNAME>PLTYP</FIELDNAME>
     <POSITION>0014</POSITION>
     <ROLLNAME>PLTYP</ROLLNAME>
     <ADMINFIELD>0</ADMINFIELD>
     <COMPTYPE>E</COMPTYPE>
    </DD03P>
    <DD03P>
     <TABNAME>ZEFI_DADOS_VENDAS</TABNAME>
     <FIELDNAME>KALKS</FIELDNAME>
     <POSITION>0015</POSITION>
     <ROLLNAME>KALKS</ROLLNAME>
     <ADMINFIELD>0</ADMINFIELD>
     <COMPTYPE>E</COMPTYPE>
    </DD03P>
    <DD03P>
     <TABNAME>ZEFI_DADOS_VENDAS</TABNAME>
     <FIELDNAME>VERSG</FIELDNAME>
     <POSITION>0016</POSITION>
     <ROLLNAME>STGKU</ROLLNAME>
     <ADMINFIELD>0</ADMINFIELD>
     <COMPTYPE>E</COMPTYPE>
    </DD03P>
    <DD03P>
     <TABNAME>ZEFI_DADOS_VENDAS</TABNAME>
     <FIELDNAME>LPRIO</FIELDNAME>
     <POSITION>0017</POSITION>
     <ROLLNAME>LPRIO</ROLLNAME>
     <ADMINFIELD>0</ADMINFIELD>
     <COMPTYPE>E</COMPTYPE>
    </DD03P>
    <DD03P>
     <TABNAME>ZEFI_DADOS_VENDAS</TABNAME>
     <FIELDNAME>KZAZU</FIELDNAME>
     <POSITION>0018</POSITION>
     <ROLLNAME>KZAZU_D</ROLLNAME>
     <ADMINFIELD>0</ADMINFIELD>
     <VALEXI>X</VALEXI>
     <SHLPORIGIN>F</SHLPORIGIN>
     <COMPTYPE>E</COMPTYPE>
    </DD03P>
    <DD03P>
     <TABNAME>ZEFI_DADOS_VENDAS</TABNAME>
     <FIELDNAME>VSBED</FIELDNAME>
     <POSITION>0019</POSITION>
     <ROLLNAME>VSBED</ROLLNAME>
     <ADMINFIELD>0</ADMINFIELD>
     <COMPTYPE>E</COMPTYPE>
    </DD03P>
    <DD03P>
     <TABNAME>ZEFI_DADOS_VENDAS</TABNAME>
     <FIELDNAME>VWERK</FIELDNAME>
     <POSITION>0020</POSITION>
     <ROLLNAME>DWERK_EXT</ROLLNAME>
     <ADMINFIELD>0</ADMINFIELD>
     <SHLPORIGIN>D</SHLPORIGIN>
     <COMPTYPE>E</COMPTYPE>
    </DD03P>
    <DD03P>
     <TABNAME>ZEFI_DADOS_VENDAS</TABNAME>
     <FIELDNAME>AUTLF</FIELDNAME>
     <POSITION>0021</POSITION>
     <ROLLNAME>AUTLF</ROLLNAME>
     <ADMINFIELD>0</ADMINFIELD>
     <VALEXI>X</VALEXI>
     <SHLPORIGIN>F</SHLPORIGIN>
     <COMPTYPE>E</COMPTYPE>
    </DD03P>
    <DD03P>
     <TABNAME>ZEFI_DADOS_VENDAS</TABNAME>
     <FIELDNAME>KZTLF</FIELDNAME>
     <POSITION>0022</POSITION>
     <ROLLNAME>KZTLF</ROLLNAME>
     <ADMINFIELD>0</ADMINFIELD>
     <VALEXI>X</VALEXI>
     <SHLPORIGIN>F</SHLPORIGIN>
     <COMPTYPE>E</COMPTYPE>
    </DD03P>
    <DD03P>
     <TABNAME>ZEFI_DADOS_VENDAS</TABNAME>
     <FIELDNAME>PERFK</FIELDNAME>
     <POSITION>0023</POSITION>
     <ROLLNAME>PERFK</ROLLNAME>
     <ADMINFIELD>0</ADMINFIELD>
     <COMPTYPE>E</COMPTYPE>
    </DD03P>
    <DD03P>
     <TABNAME>ZEFI_DADOS_VENDAS</TABNAME>
     <FIELDNAME>INCOV</FIELDNAME>
     <POSITION>0024</POSITION>
     <ROLLNAME>CHAR4</ROLLNAME>
     <ADMINFIELD>0</ADMINFIELD>
     <COMPTYPE>E</COMPTYPE>
    </DD03P>
    <DD03P>
     <TABNAME>ZEFI_DADOS_VENDAS</TABNAME>
     <FIELDNAME>INCO1</FIELDNAME>
     <POSITION>0025</POSITION>
     <ROLLNAME>INCO1</ROLLNAME>
     <ADMINFIELD>0</ADMINFIELD>
     <COMPTYPE>E</COMPTYPE>
    </DD03P>
    <DD03P>
     <TABNAME>ZEFI_DADOS_VENDAS</TABNAME>
     <FIELDNAME>INCO2</FIELDNAME>
     <POSITION>0026</POSITION>
     <ROLLNAME>INCO2</ROLLNAME>
     <ADMINFIELD>0</ADMINFIELD>
     <COMPTYPE>E</COMPTYPE>
    </DD03P>
    <DD03P>
     <TABNAME>ZEFI_DADOS_VENDAS</TABNAME>
     <FIELDNAME>INCO3_L</FIELDNAME>
     <POSITION>0027</POSITION>
     <ROLLNAME>CHAR70</ROLLNAME>
     <ADMINFIELD>0</ADMINFIELD>
     <COMPTYPE>E</COMPTYPE>
    </DD03P>
    <DD03P>
     <TABNAME>ZEFI_DADOS_VENDAS</TABNAME>
     <FIELDNAME>ZTERM</FIELDNAME>
     <POSITION>0028</POSITION>
     <ROLLNAME>DZTERM</ROLLNAME>
     <ADMINFIELD>0</ADMINFIELD>
     <COMPTYPE>E</COMPTYPE>
    </DD03P>
    <DD03P>
     <TABNAME>ZEFI_DADOS_VENDAS</TABNAME>
     <FIELDNAME>KTGRD</FIELDNAME>
     <POSITION>0029</POSITION>
     <ROLLNAME>KTGRD</ROLLNAME>
     <ADMINFIELD>0</ADMINFIELD>
     <COMPTYPE>E</COMPTYPE>
    </DD03P>
    <DD03P>
     <TABNAME>ZEFI_DADOS_VENDAS</TABNAME>
     <FIELDNAME>AUFSD</FIELDNAME>
     <POSITION>0030</POSITION>
     <ROLLNAME>AUFSD_V</ROLLNAME>
     <ADMINFIELD>0</ADMINFIELD>
     <COMPTYPE>E</COMPTYPE>
    </DD03P>
    <DD03P>
     <TABNAME>ZEFI_DADOS_VENDAS</TABNAME>
     <FIELDNAME>LIFSD</FIELDNAME>
     <POSITION>0031</POSITION>
     <ROLLNAME>LIFSD_V</ROLLNAME>
     <ADMINFIELD>0</ADMINFIELD>
     <COMPTYPE>E</COMPTYPE>
    </DD03P>
    <DD03P>
     <TABNAME>ZEFI_DADOS_VENDAS</TABNAME>
     <FIELDNAME>FAKSD</FIELDNAME>
     <POSITION>0032</POSITION>
     <ROLLNAME>FAKSD_V</ROLLNAME>
     <ADMINFIELD>0</ADMINFIELD>
     <COMPTYPE>E</COMPTYPE>
    </DD03P>
   </DD03P_TABLE>
  </asx:values>
 </asx:abap>
</abapGit>
