﻿<?xml version="1.0" encoding="utf-8"?>
<abapGit version="v1.0.0" serializer="LCL_OBJECT_TABL" serializer_version="v1.0.0">
 <asx:abap xmlns:asx="http://www.sap.com/abapxml" version="1.0">
  <asx:values>
   <DD02V>
    <TABNAME>ZEFI_TITULOS_ABERTOS_AP</TABNAME>
    <DDLANGUAGE>P</DDLANGUAGE>
    <TABCLASS>INTTAB</TABCLASS>
    <DDTEXT>Extração de títulos em abertos contas a pagar</DDTEXT>
    <EXCLASS>3</EXCLASS>
   </DD02V>
   <DD03P_TABLE>
    <DD03P>
     <TABNAME>ZEFI_TITULOS_ABERTOS_AP</TABNAME>
     <FIELDNAME>COMP_CODE</FIELDNAME>
     <POSITION>0001</POSITION>
     <ROLLNAME>BUKRS</ROLLNAME>
     <ADMINFIELD>0</ADMINFIELD>
     <SHLPORIGIN>D</SHLPORIGIN>
     <COMPTYPE>E</COMPTYPE>
    </DD03P>
    <DD03P>
     <TABNAME>ZEFI_TITULOS_ABERTOS_AP</TABNAME>
     <FIELDNAME>VENDOR</FIELDNAME>
     <POSITION>0002</POSITION>
     <ROLLNAME>LIFNR</ROLLNAME>
     <ADMINFIELD>0</ADMINFIELD>
     <SHLPORIGIN>D</SHLPORIGIN>
     <COMPTYPE>E</COMPTYPE>
    </DD03P>
    <DD03P>
     <TABNAME>ZEFI_TITULOS_ABERTOS_AP</TABNAME>
     <FIELDNAME>REF_DOC_NO</FIELDNAME>
     <POSITION>0003</POSITION>
     <ROLLNAME>XBLNR1</ROLLNAME>
     <ADMINFIELD>0</ADMINFIELD>
     <COMPTYPE>E</COMPTYPE>
    </DD03P>
    <DD03P>
     <TABNAME>ZEFI_TITULOS_ABERTOS_AP</TABNAME>
     <FIELDNAME>SP_GL_IND</FIELDNAME>
     <POSITION>0004</POSITION>
     <ROLLNAME>UMSKZ</ROLLNAME>
     <ADMINFIELD>0</ADMINFIELD>
     <COMPTYPE>E</COMPTYPE>
    </DD03P>
    <DD03P>
     <TABNAME>ZEFI_TITULOS_ABERTOS_AP</TABNAME>
     <FIELDNAME>DOC_DATE</FIELDNAME>
     <POSITION>0005</POSITION>
     <ROLLNAME>BLDAT</ROLLNAME>
     <ADMINFIELD>0</ADMINFIELD>
     <SHLPORIGIN>T</SHLPORIGIN>
     <COMPTYPE>E</COMPTYPE>
    </DD03P>
    <DD03P>
     <TABNAME>ZEFI_TITULOS_ABERTOS_AP</TABNAME>
     <FIELDNAME>PSTNG_DATE</FIELDNAME>
     <POSITION>0006</POSITION>
     <ROLLNAME>BUDAT</ROLLNAME>
     <ADMINFIELD>0</ADMINFIELD>
     <SHLPORIGIN>T</SHLPORIGIN>
     <COMPTYPE>E</COMPTYPE>
    </DD03P>
    <DD03P>
     <TABNAME>ZEFI_TITULOS_ABERTOS_AP</TABNAME>
     <FIELDNAME>BKTXT</FIELDNAME>
     <POSITION>0007</POSITION>
     <ROLLNAME>BKTXT</ROLLNAME>
     <ADMINFIELD>0</ADMINFIELD>
     <COMPTYPE>E</COMPTYPE>
    </DD03P>
    <DD03P>
     <TABNAME>ZEFI_TITULOS_ABERTOS_AP</TABNAME>
     <FIELDNAME>ITEM_TEXT</FIELDNAME>
     <POSITION>0008</POSITION>
     <ROLLNAME>SGTXT</ROLLNAME>
     <ADMINFIELD>0</ADMINFIELD>
     <COMPTYPE>E</COMPTYPE>
    </DD03P>
    <DD03P>
     <TABNAME>ZEFI_TITULOS_ABERTOS_AP</TABNAME>
     <FIELDNAME>AMT_DOCCUR</FIELDNAME>
     <POSITION>0009</POSITION>
     <ROLLNAME>BAPIWRBTR</ROLLNAME>
     <ADMINFIELD>0</ADMINFIELD>
     <COMPTYPE>E</COMPTYPE>
    </DD03P>
    <DD03P>
     <TABNAME>ZEFI_TITULOS_ABERTOS_AP</TABNAME>
     <FIELDNAME>LC_AMOUNT</FIELDNAME>
     <POSITION>0010</POSITION>
     <ROLLNAME>BAPIDMBTR</ROLLNAME>
     <ADMINFIELD>0</ADMINFIELD>
     <COMPTYPE>E</COMPTYPE>
    </DD03P>
    <DD03P>
     <TABNAME>ZEFI_TITULOS_ABERTOS_AP</TABNAME>
     <FIELDNAME>DMBE2</FIELDNAME>
     <POSITION>0011</POSITION>
     <ROLLNAME>DMBE2</ROLLNAME>
     <ADMINFIELD>0</ADMINFIELD>
     <REFTABLE>BKPF</REFTABLE>
     <REFFIELD>HWAE2</REFFIELD>
     <COMPTYPE>E</COMPTYPE>
    </DD03P>
    <DD03P>
     <TABNAME>ZEFI_TITULOS_ABERTOS_AP</TABNAME>
     <FIELDNAME>DMBE3</FIELDNAME>
     <POSITION>0012</POSITION>
     <ROLLNAME>DMBE3</ROLLNAME>
     <ADMINFIELD>0</ADMINFIELD>
     <REFTABLE>BKPF</REFTABLE>
     <REFFIELD>HWAE3</REFFIELD>
     <COMPTYPE>E</COMPTYPE>
    </DD03P>
    <DD03P>
     <TABNAME>ZEFI_TITULOS_ABERTOS_AP</TABNAME>
     <FIELDNAME>CURRENCY</FIELDNAME>
     <POSITION>0013</POSITION>
     <ROLLNAME>WAERS</ROLLNAME>
     <ADMINFIELD>0</ADMINFIELD>
     <COMPTYPE>E</COMPTYPE>
    </DD03P>
    <DD03P>
     <TABNAME>ZEFI_TITULOS_ABERTOS_AP</TABNAME>
     <FIELDNAME>LOC_CURRCY</FIELDNAME>
     <POSITION>0014</POSITION>
     <ROLLNAME>HWAER</ROLLNAME>
     <ADMINFIELD>0</ADMINFIELD>
     <COMPTYPE>E</COMPTYPE>
    </DD03P>
    <DD03P>
     <TABNAME>ZEFI_TITULOS_ABERTOS_AP</TABNAME>
     <FIELDNAME>HWAE2</FIELDNAME>
     <POSITION>0015</POSITION>
     <ROLLNAME>HWAE2</ROLLNAME>
     <ADMINFIELD>0</ADMINFIELD>
     <COMPTYPE>E</COMPTYPE>
    </DD03P>
    <DD03P>
     <TABNAME>ZEFI_TITULOS_ABERTOS_AP</TABNAME>
     <FIELDNAME>HWAE3</FIELDNAME>
     <POSITION>0016</POSITION>
     <ROLLNAME>HWAE3</ROLLNAME>
     <ADMINFIELD>0</ADMINFIELD>
     <COMPTYPE>E</COMPTYPE>
    </DD03P>
    <DD03P>
     <TABNAME>ZEFI_TITULOS_ABERTOS_AP</TABNAME>
     <FIELDNAME>TAX_CODE</FIELDNAME>
     <POSITION>0017</POSITION>
     <ROLLNAME>MWSKZ</ROLLNAME>
     <ADMINFIELD>0</ADMINFIELD>
     <COMPTYPE>E</COMPTYPE>
    </DD03P>
    <DD03P>
     <TABNAME>ZEFI_TITULOS_ABERTOS_AP</TABNAME>
     <FIELDNAME>PRCTR</FIELDNAME>
     <POSITION>0018</POSITION>
     <ROLLNAME>PRCTR</ROLLNAME>
     <ADMINFIELD>0</ADMINFIELD>
     <SHLPORIGIN>D</SHLPORIGIN>
     <COMPTYPE>E</COMPTYPE>
    </DD03P>
    <DD03P>
     <TABNAME>ZEFI_TITULOS_ABERTOS_AP</TABNAME>
     <FIELDNAME>FKBER</FIELDNAME>
     <POSITION>0019</POSITION>
     <ROLLNAME>FKBER</ROLLNAME>
     <ADMINFIELD>0</ADMINFIELD>
     <COMPTYPE>E</COMPTYPE>
    </DD03P>
    <DD03P>
     <TABNAME>ZEFI_TITULOS_ABERTOS_AP</TABNAME>
     <FIELDNAME>PMNTTRMS</FIELDNAME>
     <POSITION>0020</POSITION>
     <ROLLNAME>DZTERM</ROLLNAME>
     <ADMINFIELD>0</ADMINFIELD>
     <COMPTYPE>E</COMPTYPE>
    </DD03P>
    <DD03P>
     <TABNAME>ZEFI_TITULOS_ABERTOS_AP</TABNAME>
     <FIELDNAME>BLINE_DATE</FIELDNAME>
     <POSITION>0021</POSITION>
     <ROLLNAME>DZFBDT</ROLLNAME>
     <ADMINFIELD>0</ADMINFIELD>
     <SHLPORIGIN>T</SHLPORIGIN>
     <COMPTYPE>E</COMPTYPE>
    </DD03P>
    <DD03P>
     <TABNAME>ZEFI_TITULOS_ABERTOS_AP</TABNAME>
     <FIELDNAME>DSCT_DAYS1</FIELDNAME>
     <POSITION>0022</POSITION>
     <ROLLNAME>DZBD1T</ROLLNAME>
     <ADMINFIELD>0</ADMINFIELD>
     <COMPTYPE>E</COMPTYPE>
    </DD03P>
    <DD03P>
     <TABNAME>ZEFI_TITULOS_ABERTOS_AP</TABNAME>
     <FIELDNAME>DSCT_PCT1</FIELDNAME>
     <POSITION>0023</POSITION>
     <ROLLNAME>DZBD1P</ROLLNAME>
     <ADMINFIELD>0</ADMINFIELD>
     <COMPTYPE>E</COMPTYPE>
    </DD03P>
    <DD03P>
     <TABNAME>ZEFI_TITULOS_ABERTOS_AP</TABNAME>
     <FIELDNAME>DSCT_DAYS2</FIELDNAME>
     <POSITION>0024</POSITION>
     <ROLLNAME>DZBD2T</ROLLNAME>
     <ADMINFIELD>0</ADMINFIELD>
     <COMPTYPE>E</COMPTYPE>
    </DD03P>
    <DD03P>
     <TABNAME>ZEFI_TITULOS_ABERTOS_AP</TABNAME>
     <FIELDNAME>DSCT_PCT2</FIELDNAME>
     <POSITION>0025</POSITION>
     <ROLLNAME>DZBD2P</ROLLNAME>
     <ADMINFIELD>0</ADMINFIELD>
     <COMPTYPE>E</COMPTYPE>
    </DD03P>
    <DD03P>
     <TABNAME>ZEFI_TITULOS_ABERTOS_AP</TABNAME>
     <FIELDNAME>NETTERMS</FIELDNAME>
     <POSITION>0026</POSITION>
     <ROLLNAME>DZBD3T</ROLLNAME>
     <ADMINFIELD>0</ADMINFIELD>
     <COMPTYPE>E</COMPTYPE>
    </DD03P>
    <DD03P>
     <TABNAME>ZEFI_TITULOS_ABERTOS_AP</TABNAME>
     <FIELDNAME>DISC_BASE</FIELDNAME>
     <POSITION>0027</POSITION>
     <ROLLNAME>BAPISKFBT</ROLLNAME>
     <ADMINFIELD>0</ADMINFIELD>
     <COMPTYPE>E</COMPTYPE>
    </DD03P>
    <DD03P>
     <TABNAME>ZEFI_TITULOS_ABERTOS_AP</TABNAME>
     <FIELDNAME>PMNT_BLOCK</FIELDNAME>
     <POSITION>0028</POSITION>
     <ROLLNAME>DZLSPR</ROLLNAME>
     <ADMINFIELD>0</ADMINFIELD>
     <COMPTYPE>E</COMPTYPE>
    </DD03P>
    <DD03P>
     <TABNAME>ZEFI_TITULOS_ABERTOS_AP</TABNAME>
     <FIELDNAME>PYMT_METH</FIELDNAME>
     <POSITION>0029</POSITION>
     <ROLLNAME>DZLSCH</ROLLNAME>
     <ADMINFIELD>0</ADMINFIELD>
     <COMPTYPE>E</COMPTYPE>
    </DD03P>
    <DD03P>
     <TABNAME>ZEFI_TITULOS_ABERTOS_AP</TABNAME>
     <FIELDNAME>BVTYP</FIELDNAME>
     <POSITION>0030</POSITION>
     <ROLLNAME>BVTYP</ROLLNAME>
     <ADMINFIELD>0</ADMINFIELD>
     <COMPTYPE>E</COMPTYPE>
    </DD03P>
    <DD03P>
     <TABNAME>ZEFI_TITULOS_ABERTOS_AP</TABNAME>
     <FIELDNAME>ALLOC_NMBR</FIELDNAME>
     <POSITION>0031</POSITION>
     <ROLLNAME>DZUONR</ROLLNAME>
     <ADMINFIELD>0</ADMINFIELD>
     <COMPTYPE>E</COMPTYPE>
    </DD03P>
    <DD03P>
     <TABNAME>ZEFI_TITULOS_ABERTOS_AP</TABNAME>
     <FIELDNAME>HBKID</FIELDNAME>
     <POSITION>0032</POSITION>
     <ROLLNAME>HBKID</ROLLNAME>
     <ADMINFIELD>0</ADMINFIELD>
     <COMPTYPE>E</COMPTYPE>
    </DD03P>
    <DD03P>
     <TABNAME>ZEFI_TITULOS_ABERTOS_AP</TABNAME>
     <FIELDNAME>HKTID</FIELDNAME>
     <POSITION>0033</POSITION>
     <ROLLNAME>HKTID</ROLLNAME>
     <ADMINFIELD>0</ADMINFIELD>
     <COMPTYPE>E</COMPTYPE>
    </DD03P>
    <DD03P>
     <TABNAME>ZEFI_TITULOS_ABERTOS_AP</TABNAME>
     <FIELDNAME>BUPLA</FIELDNAME>
     <POSITION>0034</POSITION>
     <ROLLNAME>BUPLA</ROLLNAME>
     <ADMINFIELD>0</ADMINFIELD>
     <COMPTYPE>E</COMPTYPE>
    </DD03P>
    <DD03P>
     <TABNAME>ZEFI_TITULOS_ABERTOS_AP</TABNAME>
     <FIELDNAME>DOC_NO</FIELDNAME>
     <POSITION>0035</POSITION>
     <ROLLNAME>BELNR_D</ROLLNAME>
     <ADMINFIELD>0</ADMINFIELD>
     <COMPTYPE>E</COMPTYPE>
    </DD03P>
    <DD03P>
     <TABNAME>ZEFI_TITULOS_ABERTOS_AP</TABNAME>
     <FIELDNAME>FISC_YEAR</FIELDNAME>
     <POSITION>0036</POSITION>
     <ROLLNAME>GJAHR</ROLLNAME>
     <ADMINFIELD>0</ADMINFIELD>
     <COMPTYPE>E</COMPTYPE>
    </DD03P>
    <DD03P>
     <TABNAME>ZEFI_TITULOS_ABERTOS_AP</TABNAME>
     <FIELDNAME>SAKNR</FIELDNAME>
     <POSITION>0037</POSITION>
     <ROLLNAME>SAKNR</ROLLNAME>
     <ADMINFIELD>0</ADMINFIELD>
     <SHLPORIGIN>D</SHLPORIGIN>
     <COMPTYPE>E</COMPTYPE>
    </DD03P>
    <DD03P>
     <TABNAME>ZEFI_TITULOS_ABERTOS_AP</TABNAME>
     <FIELDNAME>BUS_AREA</FIELDNAME>
     <POSITION>0038</POSITION>
     <ROLLNAME>GSBER</ROLLNAME>
     <ADMINFIELD>0</ADMINFIELD>
     <COMPTYPE>E</COMPTYPE>
    </DD03P>
    <DD03P>
     <TABNAME>ZEFI_TITULOS_ABERTOS_AP</TABNAME>
     <FIELDNAME>POST_KEY</FIELDNAME>
     <POSITION>0039</POSITION>
     <ROLLNAME>BSCHL</ROLLNAME>
     <ADMINFIELD>0</ADMINFIELD>
     <COMPTYPE>E</COMPTYPE>
    </DD03P>
    <DD03P>
     <TABNAME>ZEFI_TITULOS_ABERTOS_AP</TABNAME>
     <FIELDNAME>DOC_TYPE</FIELDNAME>
     <POSITION>0040</POSITION>
     <ROLLNAME>BLART</ROLLNAME>
     <ADMINFIELD>0</ADMINFIELD>
     <COMPTYPE>E</COMPTYPE>
    </DD03P>
    <DD03P>
     <TABNAME>ZEFI_TITULOS_ABERTOS_AP</TABNAME>
     <FIELDNAME>VBUND</FIELDNAME>
     <POSITION>0041</POSITION>
     <ROLLNAME>VBUND</ROLLNAME>
     <ADMINFIELD>0</ADMINFIELD>
     <COMPTYPE>E</COMPTYPE>
    </DD03P>
    <DD03P>
     <TABNAME>ZEFI_TITULOS_ABERTOS_AP</TABNAME>
     <FIELDNAME>FAEDT</FIELDNAME>
     <POSITION>0042</POSITION>
     <ROLLNAME>FAEDT_FPOS</ROLLNAME>
     <ADMINFIELD>0</ADMINFIELD>
     <SHLPORIGIN>T</SHLPORIGIN>
     <COMPTYPE>E</COMPTYPE>
    </DD03P>
    <DD03P>
     <TABNAME>ZEFI_TITULOS_ABERTOS_AP</TABNAME>
     <FIELDNAME>EMPFB</FIELDNAME>
     <POSITION>0043</POSITION>
     <ROLLNAME>EMPFB</ROLLNAME>
     <ADMINFIELD>0</ADMINFIELD>
     <COMPTYPE>E</COMPTYPE>
    </DD03P>
   </DD03P_TABLE>
  </asx:values>
 </asx:abap>
</abapGit>
