﻿<?xml version="1.0" encoding="utf-8"?>
<abapGit version="v1.0.0" serializer="LCL_OBJECT_TABL" serializer_version="v1.0.0">
 <asx:abap xmlns:asx="http://www.sap.com/abapxml" version="1.0">
  <asx:values>
   <DD02V>
    <TABNAME>ZEFI_DADOS_EMPRESA</TABNAME>
    <DDLANGUAGE>P</DDLANGUAGE>
    <TABCLASS>INTTAB</TABCLASS>
    <DDTEXT>Extração de dados de empresa (Mestre de Clientes)</DDTEXT>
    <EXCLASS>3</EXCLASS>
   </DD02V>
   <DD03P_TABLE>
    <DD03P>
     <TABNAME>ZEFI_DADOS_EMPRESA</TABNAME>
     <FIELDNAME>BUKRS</FIELDNAME>
     <POSITION>0001</POSITION>
     <ROLLNAME>BUKRS</ROLLNAME>
     <ADMINFIELD>0</ADMINFIELD>
     <SHLPORIGIN>D</SHLPORIGIN>
     <COMPTYPE>E</COMPTYPE>
    </DD03P>
    <DD03P>
     <TABNAME>ZEFI_DADOS_EMPRESA</TABNAME>
     <FIELDNAME>KUNNR</FIELDNAME>
     <POSITION>0002</POSITION>
     <ROLLNAME>KUNNR</ROLLNAME>
     <ADMINFIELD>0</ADMINFIELD>
     <SHLPORIGIN>D</SHLPORIGIN>
     <COMPTYPE>E</COMPTYPE>
    </DD03P>
    <DD03P>
     <TABNAME>ZEFI_DADOS_EMPRESA</TABNAME>
     <FIELDNAME>SPERR</FIELDNAME>
     <POSITION>0003</POSITION>
     <ROLLNAME>SPERB_B</ROLLNAME>
     <ADMINFIELD>0</ADMINFIELD>
     <VALEXI>X</VALEXI>
     <SHLPORIGIN>F</SHLPORIGIN>
     <COMPTYPE>E</COMPTYPE>
    </DD03P>
    <DD03P>
     <TABNAME>ZEFI_DADOS_EMPRESA</TABNAME>
     <FIELDNAME>ZAHLS</FIELDNAME>
     <POSITION>0004</POSITION>
     <ROLLNAME>DZAHLS</ROLLNAME>
     <ADMINFIELD>0</ADMINFIELD>
     <COMPTYPE>E</COMPTYPE>
    </DD03P>
    <DD03P>
     <TABNAME>ZEFI_DADOS_EMPRESA</TABNAME>
     <FIELDNAME>ALTKN</FIELDNAME>
     <POSITION>0005</POSITION>
     <ROLLNAME>ALTKN</ROLLNAME>
     <ADMINFIELD>0</ADMINFIELD>
     <COMPTYPE>E</COMPTYPE>
    </DD03P>
    <DD03P>
     <TABNAME>ZEFI_DADOS_EMPRESA</TABNAME>
     <FIELDNAME>MAHNA</FIELDNAME>
     <POSITION>0006</POSITION>
     <ROLLNAME>MAHNA</ROLLNAME>
     <ADMINFIELD>0</ADMINFIELD>
     <COMPTYPE>E</COMPTYPE>
    </DD03P>
    <DD03P>
     <TABNAME>ZEFI_DADOS_EMPRESA</TABNAME>
     <FIELDNAME>MANSP</FIELDNAME>
     <POSITION>0007</POSITION>
     <ROLLNAME>MANSP</ROLLNAME>
     <ADMINFIELD>0</ADMINFIELD>
     <COMPTYPE>E</COMPTYPE>
    </DD03P>
    <DD03P>
     <TABNAME>ZEFI_DADOS_EMPRESA</TABNAME>
     <FIELDNAME>KNRMA</FIELDNAME>
     <POSITION>0008</POSITION>
     <ROLLNAME>KNRMA</ROLLNAME>
     <ADMINFIELD>0</ADMINFIELD>
     <COMPTYPE>E</COMPTYPE>
    </DD03P>
    <DD03P>
     <TABNAME>ZEFI_DADOS_EMPRESA</TABNAME>
     <FIELDNAME>MADAT</FIELDNAME>
     <POSITION>0009</POSITION>
     <ROLLNAME>MADAT</ROLLNAME>
     <ADMINFIELD>0</ADMINFIELD>
     <SHLPORIGIN>T</SHLPORIGIN>
     <COMPTYPE>E</COMPTYPE>
    </DD03P>
    <DD03P>
     <TABNAME>ZEFI_DADOS_EMPRESA</TABNAME>
     <FIELDNAME>GMVDT</FIELDNAME>
     <POSITION>0010</POSITION>
     <ROLLNAME>GMVDT</ROLLNAME>
     <ADMINFIELD>0</ADMINFIELD>
     <SHLPORIGIN>T</SHLPORIGIN>
     <COMPTYPE>E</COMPTYPE>
    </DD03P>
    <DD03P>
     <TABNAME>ZEFI_DADOS_EMPRESA</TABNAME>
     <FIELDNAME>MAHNS</FIELDNAME>
     <POSITION>0011</POSITION>
     <ROLLNAME>MAHNS_D</ROLLNAME>
     <ADMINFIELD>0</ADMINFIELD>
     <COMPTYPE>E</COMPTYPE>
    </DD03P>
    <DD03P>
     <TABNAME>ZEFI_DADOS_EMPRESA</TABNAME>
     <FIELDNAME>BUSAB_D</FIELDNAME>
     <POSITION>0012</POSITION>
     <ROLLNAME>BUSAB_MA</ROLLNAME>
     <ADMINFIELD>0</ADMINFIELD>
     <COMPTYPE>E</COMPTYPE>
    </DD03P>
    <DD03P>
     <TABNAME>ZEFI_DADOS_EMPRESA</TABNAME>
     <FIELDNAME>BUSAB</FIELDNAME>
     <POSITION>0013</POSITION>
     <ROLLNAME>BUSAB</ROLLNAME>
     <ADMINFIELD>0</ADMINFIELD>
     <COMPTYPE>E</COMPTYPE>
    </DD03P>
    <DD03P>
     <TABNAME>ZEFI_DADOS_EMPRESA</TABNAME>
     <FIELDNAME>EIKTO</FIELDNAME>
     <POSITION>0014</POSITION>
     <ROLLNAME>EIKTO_D</ROLLNAME>
     <ADMINFIELD>0</ADMINFIELD>
     <COMPTYPE>E</COMPTYPE>
    </DD03P>
    <DD03P>
     <TABNAME>ZEFI_DADOS_EMPRESA</TABNAME>
     <FIELDNAME>TLFNS</FIELDNAME>
     <POSITION>0015</POSITION>
     <ROLLNAME>TLFNS</ROLLNAME>
     <ADMINFIELD>0</ADMINFIELD>
     <COMPTYPE>E</COMPTYPE>
    </DD03P>
    <DD03P>
     <TABNAME>ZEFI_DADOS_EMPRESA</TABNAME>
     <FIELDNAME>TLFXS</FIELDNAME>
     <POSITION>0016</POSITION>
     <ROLLNAME>TLFXS</ROLLNAME>
     <ADMINFIELD>0</ADMINFIELD>
     <COMPTYPE>E</COMPTYPE>
    </DD03P>
    <DD03P>
     <TABNAME>ZEFI_DADOS_EMPRESA</TABNAME>
     <FIELDNAME>XDEZV</FIELDNAME>
     <POSITION>0017</POSITION>
     <ROLLNAME>XDEZV</ROLLNAME>
     <ADMINFIELD>0</ADMINFIELD>
     <VALEXI>X</VALEXI>
     <SHLPORIGIN>F</SHLPORIGIN>
     <COMPTYPE>E</COMPTYPE>
    </DD03P>
    <DD03P>
     <TABNAME>ZEFI_DADOS_EMPRESA</TABNAME>
     <FIELDNAME>KVERM</FIELDNAME>
     <POSITION>0018</POSITION>
     <ROLLNAME>KVERM</ROLLNAME>
     <ADMINFIELD>0</ADMINFIELD>
     <COMPTYPE>E</COMPTYPE>
    </DD03P>
    <DD03P>
     <TABNAME>ZEFI_DADOS_EMPRESA</TABNAME>
     <FIELDNAME>PERKZ</FIELDNAME>
     <POSITION>0019</POSITION>
     <ROLLNAME>PERKZ_KNB1</ROLLNAME>
     <ADMINFIELD>0</ADMINFIELD>
     <COMPTYPE>E</COMPTYPE>
    </DD03P>
    <DD03P>
     <TABNAME>ZEFI_DADOS_EMPRESA</TABNAME>
     <FIELDNAME>ZTERM</FIELDNAME>
     <POSITION>0020</POSITION>
     <ROLLNAME>DZTERM</ROLLNAME>
     <ADMINFIELD>0</ADMINFIELD>
     <COMPTYPE>E</COMPTYPE>
    </DD03P>
    <DD03P>
     <TABNAME>ZEFI_DADOS_EMPRESA</TABNAME>
     <FIELDNAME>ZWELS</FIELDNAME>
     <POSITION>0021</POSITION>
     <ROLLNAME>DZWELS</ROLLNAME>
     <ADMINFIELD>0</ADMINFIELD>
     <COMPTYPE>E</COMPTYPE>
    </DD03P>
    <DD03P>
     <TABNAME>ZEFI_DADOS_EMPRESA</TABNAME>
     <FIELDNAME>HBKID</FIELDNAME>
     <POSITION>0022</POSITION>
     <ROLLNAME>HBKID</ROLLNAME>
     <ADMINFIELD>0</ADMINFIELD>
     <COMPTYPE>E</COMPTYPE>
    </DD03P>
    <DD03P>
     <TABNAME>ZEFI_DADOS_EMPRESA</TABNAME>
     <FIELDNAME>TOGRU</FIELDNAME>
     <POSITION>0023</POSITION>
     <ROLLNAME>TOGRU</ROLLNAME>
     <ADMINFIELD>0</ADMINFIELD>
     <COMPTYPE>E</COMPTYPE>
    </DD03P>
    <DD03P>
     <TABNAME>ZEFI_DADOS_EMPRESA</TABNAME>
     <FIELDNAME>XVERR</FIELDNAME>
     <POSITION>0024</POSITION>
     <ROLLNAME>XVERR_KNB1</ROLLNAME>
     <ADMINFIELD>0</ADMINFIELD>
     <VALEXI>X</VALEXI>
     <SHLPORIGIN>F</SHLPORIGIN>
     <COMPTYPE>E</COMPTYPE>
    </DD03P>
    <DD03P>
     <TABNAME>ZEFI_DADOS_EMPRESA</TABNAME>
     <FIELDNAME>XZVER</FIELDNAME>
     <POSITION>0025</POSITION>
     <ROLLNAME>XZVER</ROLLNAME>
     <ADMINFIELD>0</ADMINFIELD>
     <VALEXI>X</VALEXI>
     <SHLPORIGIN>F</SHLPORIGIN>
     <COMPTYPE>E</COMPTYPE>
    </DD03P>
    <DD03P>
     <TABNAME>ZEFI_DADOS_EMPRESA</TABNAME>
     <FIELDNAME>XPORE</FIELDNAME>
     <POSITION>0026</POSITION>
     <ROLLNAME>XPORE</ROLLNAME>
     <ADMINFIELD>0</ADMINFIELD>
     <VALEXI>X</VALEXI>
     <SHLPORIGIN>F</SHLPORIGIN>
     <COMPTYPE>E</COMPTYPE>
    </DD03P>
    <DD03P>
     <TABNAME>ZEFI_DADOS_EMPRESA</TABNAME>
     <FIELDNAME>XEDIP</FIELDNAME>
     <POSITION>0027</POSITION>
     <ROLLNAME>XEDIP</ROLLNAME>
     <ADMINFIELD>0</ADMINFIELD>
     <VALEXI>X</VALEXI>
     <SHLPORIGIN>F</SHLPORIGIN>
     <COMPTYPE>E</COMPTYPE>
    </DD03P>
    <DD03P>
     <TABNAME>ZEFI_DADOS_EMPRESA</TABNAME>
     <FIELDNAME>KNRZB</FIELDNAME>
     <POSITION>0028</POSITION>
     <ROLLNAME>KNRZB</ROLLNAME>
     <ADMINFIELD>0</ADMINFIELD>
     <COMPTYPE>E</COMPTYPE>
    </DD03P>
    <DD03P>
     <TABNAME>ZEFI_DADOS_EMPRESA</TABNAME>
     <FIELDNAME>AKONT</FIELDNAME>
     <POSITION>0029</POSITION>
     <ROLLNAME>AKONT</ROLLNAME>
     <ADMINFIELD>0</ADMINFIELD>
     <COMPTYPE>E</COMPTYPE>
    </DD03P>
    <DD03P>
     <TABNAME>ZEFI_DADOS_EMPRESA</TABNAME>
     <FIELDNAME>KNRZE</FIELDNAME>
     <POSITION>0030</POSITION>
     <ROLLNAME>KNRZE</ROLLNAME>
     <ADMINFIELD>0</ADMINFIELD>
     <COMPTYPE>E</COMPTYPE>
    </DD03P>
    <DD03P>
     <TABNAME>ZEFI_DADOS_EMPRESA</TABNAME>
     <FIELDNAME>ZUAWA</FIELDNAME>
     <POSITION>0031</POSITION>
     <ROLLNAME>DZUAWA</ROLLNAME>
     <ADMINFIELD>0</ADMINFIELD>
     <COMPTYPE>E</COMPTYPE>
    </DD03P>
    <DD03P>
     <TABNAME>ZEFI_DADOS_EMPRESA</TABNAME>
     <FIELDNAME>FDGRV</FIELDNAME>
     <POSITION>0032</POSITION>
     <ROLLNAME>FDGRV</ROLLNAME>
     <ADMINFIELD>0</ADMINFIELD>
     <COMPTYPE>E</COMPTYPE>
    </DD03P>
   </DD03P_TABLE>
  </asx:values>
 </asx:abap>
</abapGit>
