﻿<?xml version="1.0" encoding="utf-8"?>
<abapGit version="v1.0.0" serializer="LCL_OBJECT_TABL" serializer_version="v1.0.0">
 <asx:abap xmlns:asx="http://www.sap.com/abapxml" version="1.0">
  <asx:values>
   <DD02V>
    <TABNAME>ZEFI_BAPI_TE_ANLU</TABNAME>
    <DDLANGUAGE>P</DDLANGUAGE>
    <TABCLASS>INTTAB</TABCLASS>
    <DDTEXT>Extração de campos  do usuário (Imobilizado)</DDTEXT>
    <EXCLASS>2</EXCLASS>
   </DD02V>
   <DD03P_TABLE>
    <DD03P>
     <TABNAME>ZEFI_BAPI_TE_ANLU</TABNAME>
     <FIELDNAME>BUKRS</FIELDNAME>
     <POSITION>0001</POSITION>
     <ROLLNAME>BUKRS</ROLLNAME>
     <ADMINFIELD>0</ADMINFIELD>
     <SHLPORIGIN>D</SHLPORIGIN>
     <COMPTYPE>E</COMPTYPE>
    </DD03P>
    <DD03P>
     <TABNAME>ZEFI_BAPI_TE_ANLU</TABNAME>
     <FIELDNAME>ANLN1</FIELDNAME>
     <POSITION>0002</POSITION>
     <ROLLNAME>BF_ANLN1</ROLLNAME>
     <ADMINFIELD>0</ADMINFIELD>
     <COMPTYPE>E</COMPTYPE>
    </DD03P>
    <DD03P>
     <TABNAME>ZEFI_BAPI_TE_ANLU</TABNAME>
     <FIELDNAME>ANLN2</FIELDNAME>
     <POSITION>0003</POSITION>
     <ROLLNAME>BF_ANLN2</ROLLNAME>
     <ADMINFIELD>0</ADMINFIELD>
     <COMPTYPE>E</COMPTYPE>
    </DD03P>
    <DD03P>
     <TABNAME>ZEFI_BAPI_TE_ANLU</TABNAME>
     <FIELDNAME>ZZATRIB2</FIELDNAME>
     <POSITION>0004</POSITION>
     <ROLLNAME>ZCODATRIB</ROLLNAME>
     <ADMINFIELD>0</ADMINFIELD>
     <COMPTYPE>E</COMPTYPE>
    </DD03P>
    <DD03P>
     <TABNAME>ZEFI_BAPI_TE_ANLU</TABNAME>
     <FIELDNAME>ZZATRIB3</FIELDNAME>
     <POSITION>0005</POSITION>
     <ROLLNAME>ZCODATRIB</ROLLNAME>
     <ADMINFIELD>0</ADMINFIELD>
     <COMPTYPE>E</COMPTYPE>
    </DD03P>
    <DD03P>
     <TABNAME>ZEFI_BAPI_TE_ANLU</TABNAME>
     <FIELDNAME>ZZATRIB4</FIELDNAME>
     <POSITION>0006</POSITION>
     <ROLLNAME>ZCODATRIB</ROLLNAME>
     <ADMINFIELD>0</ADMINFIELD>
     <COMPTYPE>E</COMPTYPE>
    </DD03P>
    <DD03P>
     <TABNAME>ZEFI_BAPI_TE_ANLU</TABNAME>
     <FIELDNAME>ZZATRIB5</FIELDNAME>
     <POSITION>0007</POSITION>
     <ROLLNAME>ZCODATRIB</ROLLNAME>
     <ADMINFIELD>0</ADMINFIELD>
     <COMPTYPE>E</COMPTYPE>
    </DD03P>
    <DD03P>
     <TABNAME>ZEFI_BAPI_TE_ANLU</TABNAME>
     <FIELDNAME>ZZATRIB6</FIELDNAME>
     <POSITION>0008</POSITION>
     <ROLLNAME>ZCODATRIB</ROLLNAME>
     <ADMINFIELD>0</ADMINFIELD>
     <COMPTYPE>E</COMPTYPE>
    </DD03P>
    <DD03P>
     <TABNAME>ZEFI_BAPI_TE_ANLU</TABNAME>
     <FIELDNAME>ZZCODUAR</FIELDNAME>
     <POSITION>0009</POSITION>
     <ROLLNAME>ZCODUAR</ROLLNAME>
     <ADMINFIELD>0</ADMINFIELD>
     <COMPTYPE>E</COMPTYPE>
    </DD03P>
    <DD03P>
     <TABNAME>ZEFI_BAPI_TE_ANLU</TABNAME>
     <FIELDNAME>ZUAR</FIELDNAME>
     <POSITION>0010</POSITION>
     <ROLLNAME>ZCOD_UAR</ROLLNAME>
     <ADMINFIELD>0</ADMINFIELD>
     <COMPTYPE>E</COMPTYPE>
    </DD03P>
    <DD03P>
     <TABNAME>ZEFI_BAPI_TE_ANLU</TABNAME>
     <FIELDNAME>ZCONTRATO</FIELDNAME>
     <POSITION>0011</POSITION>
     <ROLLNAME>ZCONTC</ROLLNAME>
     <ADMINFIELD>0</ADMINFIELD>
     <COMPTYPE>E</COMPTYPE>
    </DD03P>
    <DD03P>
     <TABNAME>ZEFI_BAPI_TE_ANLU</TABNAME>
     <FIELDNAME>ZODI</FIELDNAME>
     <POSITION>0012</POSITION>
     <ROLLNAME>Z_CODODI</ROLLNAME>
     <ADMINFIELD>0</ADMINFIELD>
     <COMPTYPE>E</COMPTYPE>
    </DD03P>
    <DD03P>
     <TABNAME>ZEFI_BAPI_TE_ANLU</TABNAME>
     <FIELDNAME>ZTI</FIELDNAME>
     <POSITION>0013</POSITION>
     <ROLLNAME>ZCODTI</ROLLNAME>
     <ADMINFIELD>0</ADMINFIELD>
     <COMPTYPE>E</COMPTYPE>
    </DD03P>
    <DD03P>
     <TABNAME>ZEFI_BAPI_TE_ANLU</TABNAME>
     <FIELDNAME>ZCM</FIELDNAME>
     <POSITION>0014</POSITION>
     <ROLLNAME>ZCOD_CM</ROLLNAME>
     <ADMINFIELD>0</ADMINFIELD>
     <COMPTYPE>E</COMPTYPE>
    </DD03P>
    <DD03P>
     <TABNAME>ZEFI_BAPI_TE_ANLU</TABNAME>
     <FIELDNAME>ZTUC</FIELDNAME>
     <POSITION>0015</POSITION>
     <ROLLNAME>ZCODTUC</ROLLNAME>
     <ADMINFIELD>0</ADMINFIELD>
     <COMPTYPE>E</COMPTYPE>
    </DD03P>
    <DD03P>
     <TABNAME>ZEFI_BAPI_TE_ANLU</TABNAME>
     <FIELDNAME>ZATRA1</FIELDNAME>
     <POSITION>0016</POSITION>
     <ROLLNAME>ZTBEM</ROLLNAME>
     <ADMINFIELD>0</ADMINFIELD>
     <COMPTYPE>E</COMPTYPE>
    </DD03P>
    <DD03P>
     <TABNAME>ZEFI_BAPI_TE_ANLU</TABNAME>
     <FIELDNAME>ZATRA2</FIELDNAME>
     <POSITION>0017</POSITION>
     <ROLLNAME>ZTBEM</ROLLNAME>
     <ADMINFIELD>0</ADMINFIELD>
     <COMPTYPE>E</COMPTYPE>
    </DD03P>
    <DD03P>
     <TABNAME>ZEFI_BAPI_TE_ANLU</TABNAME>
     <FIELDNAME>ZATRA3</FIELDNAME>
     <POSITION>0018</POSITION>
     <ROLLNAME>ZTBEM</ROLLNAME>
     <ADMINFIELD>0</ADMINFIELD>
     <COMPTYPE>E</COMPTYPE>
    </DD03P>
    <DD03P>
     <TABNAME>ZEFI_BAPI_TE_ANLU</TABNAME>
     <FIELDNAME>ZATRA4</FIELDNAME>
     <POSITION>0019</POSITION>
     <ROLLNAME>ZTBEM</ROLLNAME>
     <ADMINFIELD>0</ADMINFIELD>
     <COMPTYPE>E</COMPTYPE>
    </DD03P>
    <DD03P>
     <TABNAME>ZEFI_BAPI_TE_ANLU</TABNAME>
     <FIELDNAME>ZATRA5</FIELDNAME>
     <POSITION>0020</POSITION>
     <ROLLNAME>ZTBEM</ROLLNAME>
     <ADMINFIELD>0</ADMINFIELD>
     <COMPTYPE>E</COMPTYPE>
    </DD03P>
    <DD03P>
     <TABNAME>ZEFI_BAPI_TE_ANLU</TABNAME>
     <FIELDNAME>ZATRA6</FIELDNAME>
     <POSITION>0021</POSITION>
     <ROLLNAME>ZTBEM</ROLLNAME>
     <ADMINFIELD>0</ADMINFIELD>
     <COMPTYPE>E</COMPTYPE>
    </DD03P>
    <DD03P>
     <TABNAME>ZEFI_BAPI_TE_ANLU</TABNAME>
     <FIELDNAME>ZFC</FIELDNAME>
     <POSITION>0022</POSITION>
     <ROLLNAME>ZFORMACD</ROLLNAME>
     <ADMINFIELD>0</ADMINFIELD>
     <COMPTYPE>E</COMPTYPE>
    </DD03P>
    <DD03P>
     <TABNAME>ZEFI_BAPI_TE_ANLU</TABNAME>
     <FIELDNAME>ZMATNR</FIELDNAME>
     <POSITION>0023</POSITION>
     <ROLLNAME>MATNR</ROLLNAME>
     <ADMINFIELD>0</ADMINFIELD>
     <SHLPORIGIN>D</SHLPORIGIN>
     <COMPTYPE>E</COMPTYPE>
    </DD03P>
    <DD03P>
     <TABNAME>ZEFI_BAPI_TE_ANLU</TABNAME>
     <FIELDNAME>ZCON_PATRIMONIAL</FIELDNAME>
     <POSITION>0024</POSITION>
     <ROLLNAME>ZCONTR_PATRIMONIAL</ROLLNAME>
     <ADMINFIELD>0</ADMINFIELD>
     <COMPTYPE>E</COMPTYPE>
    </DD03P>
   </DD03P_TABLE>
  </asx:values>
 </asx:abap>
</abapGit>
