﻿<?xml version="1.0" encoding="utf-8"?>
<abapGit version="v1.0.0" serializer="LCL_OBJECT_TABL" serializer_version="v1.0.0">
 <asx:abap xmlns:asx="http://www.sap.com/abapxml" version="1.0">
  <asx:values>
   <DD02V>
    <TABNAME>ZEFI_DADOS_BANCO</TABNAME>
    <DDLANGUAGE>P</DDLANGUAGE>
    <TABCLASS>INTTAB</TABCLASS>
    <DDTEXT>Extração de dados de banco (Mestre de Clientes)</DDTEXT>
    <EXCLASS>2</EXCLASS>
   </DD02V>
   <DD03P_TABLE>
    <DD03P>
     <TABNAME>ZEFI_DADOS_BANCO</TABNAME>
     <FIELDNAME>KUNNR</FIELDNAME>
     <POSITION>0001</POSITION>
     <ROLLNAME>KUNNR</ROLLNAME>
     <ADMINFIELD>0</ADMINFIELD>
     <SHLPORIGIN>D</SHLPORIGIN>
     <COMPTYPE>E</COMPTYPE>
    </DD03P>
    <DD03P>
     <TABNAME>ZEFI_DADOS_BANCO</TABNAME>
     <FIELDNAME>BANKS</FIELDNAME>
     <POSITION>0002</POSITION>
     <ROLLNAME>BANKS</ROLLNAME>
     <ADMINFIELD>0</ADMINFIELD>
     <COMPTYPE>E</COMPTYPE>
    </DD03P>
    <DD03P>
     <TABNAME>ZEFI_DADOS_BANCO</TABNAME>
     <FIELDNAME>BANKL</FIELDNAME>
     <POSITION>0003</POSITION>
     <ROLLNAME>BANKK</ROLLNAME>
     <ADMINFIELD>0</ADMINFIELD>
     <COMPTYPE>E</COMPTYPE>
    </DD03P>
    <DD03P>
     <TABNAME>ZEFI_DADOS_BANCO</TABNAME>
     <FIELDNAME>BANKN</FIELDNAME>
     <POSITION>0004</POSITION>
     <ROLLNAME>BANKN</ROLLNAME>
     <ADMINFIELD>0</ADMINFIELD>
     <COMPTYPE>E</COMPTYPE>
    </DD03P>
    <DD03P>
     <TABNAME>ZEFI_DADOS_BANCO</TABNAME>
     <FIELDNAME>IBAN</FIELDNAME>
     <POSITION>0005</POSITION>
     <ROLLNAME>CHAR34</ROLLNAME>
     <ADMINFIELD>0</ADMINFIELD>
     <COMPTYPE>E</COMPTYPE>
    </DD03P>
    <DD03P>
     <TABNAME>ZEFI_DADOS_BANCO</TABNAME>
     <FIELDNAME>BKONT</FIELDNAME>
     <POSITION>0006</POSITION>
     <ROLLNAME>BKONT</ROLLNAME>
     <ADMINFIELD>0</ADMINFIELD>
     <COMPTYPE>E</COMPTYPE>
    </DD03P>
    <DD03P>
     <TABNAME>ZEFI_DADOS_BANCO</TABNAME>
     <FIELDNAME>KOINH</FIELDNAME>
     <POSITION>0007</POSITION>
     <ROLLNAME>KOINH_FI</ROLLNAME>
     <ADMINFIELD>0</ADMINFIELD>
     <COMPTYPE>E</COMPTYPE>
    </DD03P>
    <DD03P>
     <TABNAME>ZEFI_DADOS_BANCO</TABNAME>
     <FIELDNAME>EBPP_ACCNAME</FIELDNAME>
     <POSITION>0008</POSITION>
     <ROLLNAME>EBPP_ACCNAME</ROLLNAME>
     <ADMINFIELD>0</ADMINFIELD>
     <COMPTYPE>E</COMPTYPE>
    </DD03P>
    <DD03P>
     <TABNAME>ZEFI_DADOS_BANCO</TABNAME>
     <FIELDNAME>BKREF</FIELDNAME>
     <POSITION>0009</POSITION>
     <ROLLNAME>BKREF</ROLLNAME>
     <ADMINFIELD>0</ADMINFIELD>
     <COMPTYPE>E</COMPTYPE>
    </DD03P>
    <DD03P>
     <TABNAME>ZEFI_DADOS_BANCO</TABNAME>
     <FIELDNAME>XEZER</FIELDNAME>
     <POSITION>0010</POSITION>
     <ROLLNAME>XEZER</ROLLNAME>
     <ADMINFIELD>0</ADMINFIELD>
     <VALEXI>X</VALEXI>
     <SHLPORIGIN>F</SHLPORIGIN>
     <COMPTYPE>E</COMPTYPE>
    </DD03P>
   </DD03P_TABLE>
  </asx:values>
 </asx:abap>
</abapGit>
