﻿<?xml version="1.0" encoding="utf-8"?>
<abapGit version="v1.0.0" serializer="LCL_OBJECT_TABL" serializer_version="v1.0.0">
 <asx:abap xmlns:asx="http://www.sap.com/abapxml" version="1.0">
  <asx:values>
   <DD02V>
    <TABNAME>ZEFI_BAPI3007_2</TABNAME>
    <DDLANGUAGE>P</DDLANGUAGE>
    <TABCLASS>INTTAB</TABCLASS>
    <DDTEXT>Extração de títulos em aberto AR</DDTEXT>
    <MASTERLANG>D</MASTERLANG>
    <EXCLASS>3</EXCLASS>
   </DD02V>
   <DD03P_TABLE>
    <DD03P>
     <TABNAME>ZEFI_BAPI3007_2</TABNAME>
     <FIELDNAME>BUKRS</FIELDNAME>
     <POSITION>0001</POSITION>
     <ROLLNAME>BUKRS</ROLLNAME>
     <CHECKTABLE>T001</CHECKTABLE>
     <ADMINFIELD>0</ADMINFIELD>
     <SHLPORIGIN>P</SHLPORIGIN>
     <SHLPNAME>C_T001</SHLPNAME>
     <SHLPFIELD>BUKRS</SHLPFIELD>
     <COMPTYPE>E</COMPTYPE>
    </DD03P>
    <DD03P>
     <TABNAME>ZEFI_BAPI3007_2</TABNAME>
     <FIELDNAME>KUNNR</FIELDNAME>
     <POSITION>0002</POSITION>
     <ROLLNAME>KUNNR</ROLLNAME>
     <CHECKTABLE>KNA1</CHECKTABLE>
     <ADMINFIELD>0</ADMINFIELD>
     <SHLPORIGIN>P</SHLPORIGIN>
     <SHLPNAME>C_KUNNR</SHLPNAME>
     <SHLPFIELD>KUNNR</SHLPFIELD>
     <COMPTYPE>E</COMPTYPE>
    </DD03P>
    <DD03P>
     <TABNAME>ZEFI_BAPI3007_2</TABNAME>
     <FIELDNAME>UMSKZ</FIELDNAME>
     <POSITION>0003</POSITION>
     <ROLLNAME>UMSKZ</ROLLNAME>
     <CHECKTABLE>T074U</CHECKTABLE>
     <ADMINFIELD>0</ADMINFIELD>
     <SHLPORIGIN>P</SHLPORIGIN>
     <COMPTYPE>E</COMPTYPE>
    </DD03P>
    <DD03P>
     <TABNAME>ZEFI_BAPI3007_2</TABNAME>
     <FIELDNAME>AUGDT</FIELDNAME>
     <POSITION>0004</POSITION>
     <ROLLNAME>AUGDT</ROLLNAME>
     <ADMINFIELD>0</ADMINFIELD>
     <SHLPORIGIN>T</SHLPORIGIN>
     <COMPTYPE>E</COMPTYPE>
    </DD03P>
    <DD03P>
     <TABNAME>ZEFI_BAPI3007_2</TABNAME>
     <FIELDNAME>AUGBL</FIELDNAME>
     <POSITION>0005</POSITION>
     <ROLLNAME>AUGBL</ROLLNAME>
     <ADMINFIELD>0</ADMINFIELD>
     <COMPTYPE>E</COMPTYPE>
    </DD03P>
    <DD03P>
     <TABNAME>ZEFI_BAPI3007_2</TABNAME>
     <FIELDNAME>ZUONR</FIELDNAME>
     <POSITION>0006</POSITION>
     <ROLLNAME>DZUONR</ROLLNAME>
     <ADMINFIELD>0</ADMINFIELD>
     <COMPTYPE>E</COMPTYPE>
    </DD03P>
    <DD03P>
     <TABNAME>ZEFI_BAPI3007_2</TABNAME>
     <FIELDNAME>GJAHR</FIELDNAME>
     <POSITION>0007</POSITION>
     <ROLLNAME>GJAHR</ROLLNAME>
     <ADMINFIELD>0</ADMINFIELD>
     <COMPTYPE>E</COMPTYPE>
    </DD03P>
    <DD03P>
     <TABNAME>ZEFI_BAPI3007_2</TABNAME>
     <FIELDNAME>BELNR</FIELDNAME>
     <POSITION>0008</POSITION>
     <ROLLNAME>BELNR_D</ROLLNAME>
     <ADMINFIELD>0</ADMINFIELD>
     <COMPTYPE>E</COMPTYPE>
    </DD03P>
    <DD03P>
     <TABNAME>ZEFI_BAPI3007_2</TABNAME>
     <FIELDNAME>BUZEI</FIELDNAME>
     <POSITION>0009</POSITION>
     <ROLLNAME>BUZEI</ROLLNAME>
     <ADMINFIELD>0</ADMINFIELD>
     <COMPTYPE>E</COMPTYPE>
    </DD03P>
    <DD03P>
     <TABNAME>ZEFI_BAPI3007_2</TABNAME>
     <FIELDNAME>BUDAT</FIELDNAME>
     <POSITION>0010</POSITION>
     <ROLLNAME>BUDAT</ROLLNAME>
     <ADMINFIELD>0</ADMINFIELD>
     <SHLPORIGIN>T</SHLPORIGIN>
     <COMPTYPE>E</COMPTYPE>
    </DD03P>
    <DD03P>
     <TABNAME>ZEFI_BAPI3007_2</TABNAME>
     <FIELDNAME>BLDAT</FIELDNAME>
     <POSITION>0011</POSITION>
     <ROLLNAME>BLDAT</ROLLNAME>
     <ADMINFIELD>0</ADMINFIELD>
     <SHLPORIGIN>T</SHLPORIGIN>
     <COMPTYPE>E</COMPTYPE>
    </DD03P>
    <DD03P>
     <TABNAME>ZEFI_BAPI3007_2</TABNAME>
     <FIELDNAME>CPUDT</FIELDNAME>
     <POSITION>0012</POSITION>
     <ROLLNAME>CPUDT</ROLLNAME>
     <ADMINFIELD>0</ADMINFIELD>
     <SHLPORIGIN>T</SHLPORIGIN>
     <COMPTYPE>E</COMPTYPE>
    </DD03P>
    <DD03P>
     <TABNAME>ZEFI_BAPI3007_2</TABNAME>
     <FIELDNAME>WAERS</FIELDNAME>
     <POSITION>0013</POSITION>
     <ROLLNAME>WAERS</ROLLNAME>
     <CHECKTABLE>TCURC</CHECKTABLE>
     <ADMINFIELD>0</ADMINFIELD>
     <SHLPORIGIN>P</SHLPORIGIN>
     <COMPTYPE>E</COMPTYPE>
    </DD03P>
    <DD03P>
     <TABNAME>ZEFI_BAPI3007_2</TABNAME>
     <FIELDNAME>HWAER</FIELDNAME>
     <POSITION>0014</POSITION>
     <ROLLNAME>HWAER</ROLLNAME>
     <CHECKTABLE>TCURC</CHECKTABLE>
     <ADMINFIELD>0</ADMINFIELD>
     <SHLPORIGIN>P</SHLPORIGIN>
     <COMPTYPE>E</COMPTYPE>
    </DD03P>
    <DD03P>
     <TABNAME>ZEFI_BAPI3007_2</TABNAME>
     <FIELDNAME>XBLNR</FIELDNAME>
     <POSITION>0015</POSITION>
     <ROLLNAME>XBLNR</ROLLNAME>
     <ADMINFIELD>0</ADMINFIELD>
     <COMPTYPE>E</COMPTYPE>
    </DD03P>
    <DD03P>
     <TABNAME>ZEFI_BAPI3007_2</TABNAME>
     <FIELDNAME>BLART</FIELDNAME>
     <POSITION>0016</POSITION>
     <ROLLNAME>BLART</ROLLNAME>
     <CHECKTABLE>T003</CHECKTABLE>
     <ADMINFIELD>0</ADMINFIELD>
     <SHLPORIGIN>P</SHLPORIGIN>
     <COMPTYPE>E</COMPTYPE>
    </DD03P>
    <DD03P>
     <TABNAME>ZEFI_BAPI3007_2</TABNAME>
     <FIELDNAME>MONAT</FIELDNAME>
     <POSITION>0017</POSITION>
     <ROLLNAME>MONAT</ROLLNAME>
     <ADMINFIELD>0</ADMINFIELD>
     <COMPTYPE>E</COMPTYPE>
    </DD03P>
    <DD03P>
     <TABNAME>ZEFI_BAPI3007_2</TABNAME>
     <FIELDNAME>BSCHL</FIELDNAME>
     <POSITION>0018</POSITION>
     <ROLLNAME>BSCHL</ROLLNAME>
     <CHECKTABLE>TBSL</CHECKTABLE>
     <ADMINFIELD>0</ADMINFIELD>
     <SHLPORIGIN>P</SHLPORIGIN>
     <COMPTYPE>E</COMPTYPE>
    </DD03P>
    <DD03P>
     <TABNAME>ZEFI_BAPI3007_2</TABNAME>
     <FIELDNAME>SHKZG</FIELDNAME>
     <POSITION>0019</POSITION>
     <ROLLNAME>SHKZG</ROLLNAME>
     <ADMINFIELD>0</ADMINFIELD>
     <VALEXI>X</VALEXI>
     <SHLPORIGIN>F</SHLPORIGIN>
     <COMPTYPE>E</COMPTYPE>
    </DD03P>
    <DD03P>
     <TABNAME>ZEFI_BAPI3007_2</TABNAME>
     <FIELDNAME>GSBER</FIELDNAME>
     <POSITION>0020</POSITION>
     <ROLLNAME>GSBER</ROLLNAME>
     <CHECKTABLE>TGSB</CHECKTABLE>
     <ADMINFIELD>0</ADMINFIELD>
     <SHLPORIGIN>P</SHLPORIGIN>
     <COMPTYPE>E</COMPTYPE>
    </DD03P>
    <DD03P>
     <TABNAME>ZEFI_BAPI3007_2</TABNAME>
     <FIELDNAME>MWSKZ</FIELDNAME>
     <POSITION>0021</POSITION>
     <ROLLNAME>MWSKZ</ROLLNAME>
     <ADMINFIELD>0</ADMINFIELD>
     <COMPTYPE>E</COMPTYPE>
    </DD03P>
    <DD03P>
     <TABNAME>ZEFI_BAPI3007_2</TABNAME>
     <FIELDNAME>DMBTR</FIELDNAME>
     <POSITION>0022</POSITION>
     <ROLLNAME>BAPIDMBTR</ROLLNAME>
     <ADMINFIELD>0</ADMINFIELD>
     <COMPTYPE>E</COMPTYPE>
    </DD03P>
    <DD03P>
     <TABNAME>ZEFI_BAPI3007_2</TABNAME>
     <FIELDNAME>WRBTR</FIELDNAME>
     <POSITION>0023</POSITION>
     <ROLLNAME>BAPIWRBTR</ROLLNAME>
     <ADMINFIELD>0</ADMINFIELD>
     <COMPTYPE>E</COMPTYPE>
    </DD03P>
    <DD03P>
     <TABNAME>ZEFI_BAPI3007_2</TABNAME>
     <FIELDNAME>MWSTS</FIELDNAME>
     <POSITION>0024</POSITION>
     <ROLLNAME>BAPIMWSTS</ROLLNAME>
     <ADMINFIELD>0</ADMINFIELD>
     <COMPTYPE>E</COMPTYPE>
    </DD03P>
    <DD03P>
     <TABNAME>ZEFI_BAPI3007_2</TABNAME>
     <FIELDNAME>WMWST</FIELDNAME>
     <POSITION>0025</POSITION>
     <ROLLNAME>BAPIWMWST</ROLLNAME>
     <ADMINFIELD>0</ADMINFIELD>
     <COMPTYPE>E</COMPTYPE>
    </DD03P>
    <DD03P>
     <TABNAME>ZEFI_BAPI3007_2</TABNAME>
     <FIELDNAME>SGTXT</FIELDNAME>
     <POSITION>0026</POSITION>
     <ROLLNAME>SGTXT</ROLLNAME>
     <ADMINFIELD>0</ADMINFIELD>
     <COMPTYPE>E</COMPTYPE>
    </DD03P>
    <DD03P>
     <TABNAME>ZEFI_BAPI3007_2</TABNAME>
     <FIELDNAME>FILKD</FIELDNAME>
     <POSITION>0027</POSITION>
     <ROLLNAME>FILKD</ROLLNAME>
     <ADMINFIELD>0</ADMINFIELD>
     <COMPTYPE>E</COMPTYPE>
    </DD03P>
    <DD03P>
     <TABNAME>ZEFI_BAPI3007_2</TABNAME>
     <FIELDNAME>ZFBDT</FIELDNAME>
     <POSITION>0028</POSITION>
     <ROLLNAME>DZFBDT</ROLLNAME>
     <ADMINFIELD>0</ADMINFIELD>
     <SHLPORIGIN>T</SHLPORIGIN>
     <COMPTYPE>E</COMPTYPE>
    </DD03P>
    <DD03P>
     <TABNAME>ZEFI_BAPI3007_2</TABNAME>
     <FIELDNAME>ZTERM</FIELDNAME>
     <POSITION>0029</POSITION>
     <ROLLNAME>DZTERM</ROLLNAME>
     <ADMINFIELD>0</ADMINFIELD>
     <COMPTYPE>E</COMPTYPE>
    </DD03P>
    <DD03P>
     <TABNAME>ZEFI_BAPI3007_2</TABNAME>
     <FIELDNAME>ZBD1T</FIELDNAME>
     <POSITION>0030</POSITION>
     <ROLLNAME>DZBD1T</ROLLNAME>
     <ADMINFIELD>0</ADMINFIELD>
     <COMPTYPE>E</COMPTYPE>
    </DD03P>
    <DD03P>
     <TABNAME>ZEFI_BAPI3007_2</TABNAME>
     <FIELDNAME>ZBD2T</FIELDNAME>
     <POSITION>0031</POSITION>
     <ROLLNAME>DZBD2T</ROLLNAME>
     <ADMINFIELD>0</ADMINFIELD>
     <COMPTYPE>E</COMPTYPE>
    </DD03P>
    <DD03P>
     <TABNAME>ZEFI_BAPI3007_2</TABNAME>
     <FIELDNAME>ZBD3T</FIELDNAME>
     <POSITION>0032</POSITION>
     <ROLLNAME>DZBD3T</ROLLNAME>
     <ADMINFIELD>0</ADMINFIELD>
     <COMPTYPE>E</COMPTYPE>
    </DD03P>
    <DD03P>
     <TABNAME>ZEFI_BAPI3007_2</TABNAME>
     <FIELDNAME>ZBD1P</FIELDNAME>
     <POSITION>0033</POSITION>
     <ROLLNAME>DZBD1P</ROLLNAME>
     <ADMINFIELD>0</ADMINFIELD>
     <COMPTYPE>E</COMPTYPE>
    </DD03P>
    <DD03P>
     <TABNAME>ZEFI_BAPI3007_2</TABNAME>
     <FIELDNAME>ZBD2P</FIELDNAME>
     <POSITION>0034</POSITION>
     <ROLLNAME>DZBD2P</ROLLNAME>
     <ADMINFIELD>0</ADMINFIELD>
     <COMPTYPE>E</COMPTYPE>
    </DD03P>
    <DD03P>
     <TABNAME>ZEFI_BAPI3007_2</TABNAME>
     <FIELDNAME>SKFBT</FIELDNAME>
     <POSITION>0035</POSITION>
     <ROLLNAME>BAPISKFBT</ROLLNAME>
     <ADMINFIELD>0</ADMINFIELD>
     <COMPTYPE>E</COMPTYPE>
    </DD03P>
    <DD03P>
     <TABNAME>ZEFI_BAPI3007_2</TABNAME>
     <FIELDNAME>SKNTO</FIELDNAME>
     <POSITION>0036</POSITION>
     <ROLLNAME>BAPISKNTO</ROLLNAME>
     <ADMINFIELD>0</ADMINFIELD>
     <COMPTYPE>E</COMPTYPE>
    </DD03P>
    <DD03P>
     <TABNAME>ZEFI_BAPI3007_2</TABNAME>
     <FIELDNAME>WSKTO</FIELDNAME>
     <POSITION>0037</POSITION>
     <ROLLNAME>BAPIWSKTO</ROLLNAME>
     <ADMINFIELD>0</ADMINFIELD>
     <COMPTYPE>E</COMPTYPE>
    </DD03P>
    <DD03P>
     <TABNAME>ZEFI_BAPI3007_2</TABNAME>
     <FIELDNAME>ZLSCH</FIELDNAME>
     <POSITION>0038</POSITION>
     <ROLLNAME>DZLSCH</ROLLNAME>
     <CHECKTABLE>T042Z</CHECKTABLE>
     <ADMINFIELD>0</ADMINFIELD>
     <SHLPORIGIN>P</SHLPORIGIN>
     <COMPTYPE>E</COMPTYPE>
    </DD03P>
    <DD03P>
     <TABNAME>ZEFI_BAPI3007_2</TABNAME>
     <FIELDNAME>ZLSPR</FIELDNAME>
     <POSITION>0039</POSITION>
     <ROLLNAME>DZLSPR</ROLLNAME>
     <CHECKTABLE>T008</CHECKTABLE>
     <ADMINFIELD>0</ADMINFIELD>
     <SHLPORIGIN>P</SHLPORIGIN>
     <COMPTYPE>E</COMPTYPE>
    </DD03P>
    <DD03P>
     <TABNAME>ZEFI_BAPI3007_2</TABNAME>
     <FIELDNAME>ZBFIX</FIELDNAME>
     <POSITION>0040</POSITION>
     <ROLLNAME>DZBFIX</ROLLNAME>
     <ADMINFIELD>0</ADMINFIELD>
     <VALEXI>X</VALEXI>
     <SHLPORIGIN>F</SHLPORIGIN>
     <COMPTYPE>E</COMPTYPE>
    </DD03P>
    <DD03P>
     <TABNAME>ZEFI_BAPI3007_2</TABNAME>
     <FIELDNAME>REBZG</FIELDNAME>
     <POSITION>0041</POSITION>
     <ROLLNAME>REBZG</ROLLNAME>
     <ADMINFIELD>0</ADMINFIELD>
     <COMPTYPE>E</COMPTYPE>
    </DD03P>
    <DD03P>
     <TABNAME>ZEFI_BAPI3007_2</TABNAME>
     <FIELDNAME>REBZJ</FIELDNAME>
     <POSITION>0042</POSITION>
     <ROLLNAME>REBZJ</ROLLNAME>
     <ADMINFIELD>0</ADMINFIELD>
     <COMPTYPE>E</COMPTYPE>
    </DD03P>
    <DD03P>
     <TABNAME>ZEFI_BAPI3007_2</TABNAME>
     <FIELDNAME>REBZZ</FIELDNAME>
     <POSITION>0043</POSITION>
     <ROLLNAME>REBZZ</ROLLNAME>
     <ADMINFIELD>0</ADMINFIELD>
     <COMPTYPE>E</COMPTYPE>
    </DD03P>
    <DD03P>
     <TABNAME>ZEFI_BAPI3007_2</TABNAME>
     <FIELDNAME>MANSP</FIELDNAME>
     <POSITION>0044</POSITION>
     <ROLLNAME>MANSP</ROLLNAME>
     <CHECKTABLE>T040S</CHECKTABLE>
     <ADMINFIELD>0</ADMINFIELD>
     <SHLPORIGIN>P</SHLPORIGIN>
     <COMPTYPE>E</COMPTYPE>
    </DD03P>
    <DD03P>
     <TABNAME>ZEFI_BAPI3007_2</TABNAME>
     <FIELDNAME>MSCHL</FIELDNAME>
     <POSITION>0045</POSITION>
     <ROLLNAME>MSCHL</ROLLNAME>
     <CHECKTABLE>T040</CHECKTABLE>
     <ADMINFIELD>0</ADMINFIELD>
     <SHLPORIGIN>P</SHLPORIGIN>
     <COMPTYPE>E</COMPTYPE>
    </DD03P>
    <DD03P>
     <TABNAME>ZEFI_BAPI3007_2</TABNAME>
     <FIELDNAME>MADAT</FIELDNAME>
     <POSITION>0046</POSITION>
     <ROLLNAME>MADAT</ROLLNAME>
     <ADMINFIELD>0</ADMINFIELD>
     <SHLPORIGIN>T</SHLPORIGIN>
     <COMPTYPE>E</COMPTYPE>
    </DD03P>
    <DD03P>
     <TABNAME>ZEFI_BAPI3007_2</TABNAME>
     <FIELDNAME>MANST</FIELDNAME>
     <POSITION>0047</POSITION>
     <ROLLNAME>MAHNS_D</ROLLNAME>
     <ADMINFIELD>0</ADMINFIELD>
     <COMPTYPE>E</COMPTYPE>
    </DD03P>
    <DD03P>
     <TABNAME>ZEFI_BAPI3007_2</TABNAME>
     <FIELDNAME>MABER</FIELDNAME>
     <POSITION>0048</POSITION>
     <ROLLNAME>MABER</ROLLNAME>
     <CHECKTABLE>T047M</CHECKTABLE>
     <ADMINFIELD>0</ADMINFIELD>
     <SHLPORIGIN>P</SHLPORIGIN>
     <COMPTYPE>E</COMPTYPE>
    </DD03P>
    <DD03P>
     <TABNAME>ZEFI_BAPI3007_2</TABNAME>
     <FIELDNAME>BSTAT</FIELDNAME>
     <POSITION>0049</POSITION>
     <ROLLNAME>BSTAT_D</ROLLNAME>
     <ADMINFIELD>0</ADMINFIELD>
     <VALEXI>X</VALEXI>
     <SHLPORIGIN>F</SHLPORIGIN>
     <COMPTYPE>E</COMPTYPE>
    </DD03P>
    <DD03P>
     <TABNAME>ZEFI_BAPI3007_2</TABNAME>
     <FIELDNAME>REBZT</FIELDNAME>
     <POSITION>0050</POSITION>
     <ROLLNAME>REBZT</ROLLNAME>
     <ADMINFIELD>0</ADMINFIELD>
     <COMPTYPE>E</COMPTYPE>
    </DD03P>
    <DD03P>
     <TABNAME>ZEFI_BAPI3007_2</TABNAME>
     <FIELDNAME>STCEG</FIELDNAME>
     <POSITION>0051</POSITION>
     <ROLLNAME>STCEG</ROLLNAME>
     <ADMINFIELD>0</ADMINFIELD>
     <COMPTYPE>E</COMPTYPE>
    </DD03P>
    <DD03P>
     <TABNAME>ZEFI_BAPI3007_2</TABNAME>
     <FIELDNAME>RSTGR</FIELDNAME>
     <POSITION>0052</POSITION>
     <ROLLNAME>RSTGR</ROLLNAME>
     <CHECKTABLE>T053R</CHECKTABLE>
     <ADMINFIELD>0</ADMINFIELD>
     <SHLPORIGIN>P</SHLPORIGIN>
     <COMPTYPE>E</COMPTYPE>
    </DD03P>
    <DD03P>
     <TABNAME>ZEFI_BAPI3007_2</TABNAME>
     <FIELDNAME>UZAWE</FIELDNAME>
     <POSITION>0053</POSITION>
     <ROLLNAME>UZAWE</ROLLNAME>
     <CHECKTABLE>T042F</CHECKTABLE>
     <ADMINFIELD>0</ADMINFIELD>
     <SHLPORIGIN>P</SHLPORIGIN>
     <COMPTYPE>E</COMPTYPE>
    </DD03P>
    <DD03P>
     <TABNAME>ZEFI_BAPI3007_2</TABNAME>
     <FIELDNAME>XREF1</FIELDNAME>
     <POSITION>0054</POSITION>
     <ROLLNAME>XREF1</ROLLNAME>
     <ADMINFIELD>0</ADMINFIELD>
     <COMPTYPE>E</COMPTYPE>
    </DD03P>
    <DD03P>
     <TABNAME>ZEFI_BAPI3007_2</TABNAME>
     <FIELDNAME>XREF2</FIELDNAME>
     <POSITION>0055</POSITION>
     <ROLLNAME>XREF2</ROLLNAME>
     <ADMINFIELD>0</ADMINFIELD>
     <COMPTYPE>E</COMPTYPE>
    </DD03P>
    <DD03P>
     <TABNAME>ZEFI_BAPI3007_2</TABNAME>
     <FIELDNAME>PSWSL</FIELDNAME>
     <POSITION>0056</POSITION>
     <ROLLNAME>PSWSL</ROLLNAME>
     <CHECKTABLE>TCURC</CHECKTABLE>
     <ADMINFIELD>0</ADMINFIELD>
     <SHLPORIGIN>P</SHLPORIGIN>
     <COMPTYPE>E</COMPTYPE>
    </DD03P>
    <DD03P>
     <TABNAME>ZEFI_BAPI3007_2</TABNAME>
     <FIELDNAME>PSWBT</FIELDNAME>
     <POSITION>0057</POSITION>
     <ROLLNAME>BAPIPSWBT</ROLLNAME>
     <ADMINFIELD>0</ADMINFIELD>
     <COMPTYPE>E</COMPTYPE>
    </DD03P>
    <DD03P>
     <TABNAME>ZEFI_BAPI3007_2</TABNAME>
     <FIELDNAME>NEBTR</FIELDNAME>
     <POSITION>0058</POSITION>
     <ROLLNAME>BAPINEBTR</ROLLNAME>
     <ADMINFIELD>0</ADMINFIELD>
     <COMPTYPE>E</COMPTYPE>
    </DD03P>
    <DD03P>
     <TABNAME>ZEFI_BAPI3007_2</TABNAME>
     <FIELDNAME>NAME1</FIELDNAME>
     <POSITION>0059</POSITION>
     <ROLLNAME>NAME1_GP</ROLLNAME>
     <ADMINFIELD>0</ADMINFIELD>
     <COMPTYPE>E</COMPTYPE>
    </DD03P>
    <DD03P>
     <TABNAME>ZEFI_BAPI3007_2</TABNAME>
     <FIELDNAME>NAME2</FIELDNAME>
     <POSITION>0060</POSITION>
     <ROLLNAME>NAME2_GP</ROLLNAME>
     <ADMINFIELD>0</ADMINFIELD>
     <COMPTYPE>E</COMPTYPE>
    </DD03P>
    <DD03P>
     <TABNAME>ZEFI_BAPI3007_2</TABNAME>
     <FIELDNAME>NAME3</FIELDNAME>
     <POSITION>0061</POSITION>
     <ROLLNAME>NAME3_GP</ROLLNAME>
     <ADMINFIELD>0</ADMINFIELD>
     <COMPTYPE>E</COMPTYPE>
    </DD03P>
    <DD03P>
     <TABNAME>ZEFI_BAPI3007_2</TABNAME>
     <FIELDNAME>NAME4</FIELDNAME>
     <POSITION>0062</POSITION>
     <ROLLNAME>NAME4_GP</ROLLNAME>
     <ADMINFIELD>0</ADMINFIELD>
     <COMPTYPE>E</COMPTYPE>
    </DD03P>
    <DD03P>
     <TABNAME>ZEFI_BAPI3007_2</TABNAME>
     <FIELDNAME>PSTLZ</FIELDNAME>
     <POSITION>0063</POSITION>
     <ROLLNAME>PSTLZ</ROLLNAME>
     <ADMINFIELD>0</ADMINFIELD>
     <COMPTYPE>E</COMPTYPE>
    </DD03P>
    <DD03P>
     <TABNAME>ZEFI_BAPI3007_2</TABNAME>
     <FIELDNAME>ORT01</FIELDNAME>
     <POSITION>0064</POSITION>
     <ROLLNAME>ORT01_GP</ROLLNAME>
     <ADMINFIELD>0</ADMINFIELD>
     <COMPTYPE>E</COMPTYPE>
    </DD03P>
    <DD03P>
     <TABNAME>ZEFI_BAPI3007_2</TABNAME>
     <FIELDNAME>LAND1</FIELDNAME>
     <POSITION>0065</POSITION>
     <ROLLNAME>LAND1_GP</ROLLNAME>
     <CHECKTABLE>T005</CHECKTABLE>
     <ADMINFIELD>0</ADMINFIELD>
     <SHLPORIGIN>P</SHLPORIGIN>
     <SHLPNAME>C_LAND1</SHLPNAME>
     <SHLPFIELD>LAND1</SHLPFIELD>
     <COMPTYPE>E</COMPTYPE>
    </DD03P>
    <DD03P>
     <TABNAME>ZEFI_BAPI3007_2</TABNAME>
     <FIELDNAME>STRAS</FIELDNAME>
     <POSITION>0066</POSITION>
     <ROLLNAME>STRAS_GP</ROLLNAME>
     <ADMINFIELD>0</ADMINFIELD>
     <COMPTYPE>E</COMPTYPE>
    </DD03P>
    <DD03P>
     <TABNAME>ZEFI_BAPI3007_2</TABNAME>
     <FIELDNAME>PFACH</FIELDNAME>
     <POSITION>0067</POSITION>
     <ROLLNAME>PFACH</ROLLNAME>
     <ADMINFIELD>0</ADMINFIELD>
     <COMPTYPE>E</COMPTYPE>
    </DD03P>
    <DD03P>
     <TABNAME>ZEFI_BAPI3007_2</TABNAME>
     <FIELDNAME>PSTL2</FIELDNAME>
     <POSITION>0068</POSITION>
     <ROLLNAME>PSTL2</ROLLNAME>
     <ADMINFIELD>0</ADMINFIELD>
     <COMPTYPE>E</COMPTYPE>
    </DD03P>
    <DD03P>
     <TABNAME>ZEFI_BAPI3007_2</TABNAME>
     <FIELDNAME>PSKTO</FIELDNAME>
     <POSITION>0069</POSITION>
     <ROLLNAME>PSKTO</ROLLNAME>
     <ADMINFIELD>0</ADMINFIELD>
     <COMPTYPE>E</COMPTYPE>
    </DD03P>
    <DD03P>
     <TABNAME>ZEFI_BAPI3007_2</TABNAME>
     <FIELDNAME>BANKN</FIELDNAME>
     <POSITION>0070</POSITION>
     <ROLLNAME>BANKN</ROLLNAME>
     <ADMINFIELD>0</ADMINFIELD>
     <COMPTYPE>E</COMPTYPE>
    </DD03P>
    <DD03P>
     <TABNAME>ZEFI_BAPI3007_2</TABNAME>
     <FIELDNAME>BANKL</FIELDNAME>
     <POSITION>0071</POSITION>
     <ROLLNAME>BANKK</ROLLNAME>
     <ADMINFIELD>0</ADMINFIELD>
     <COMPTYPE>E</COMPTYPE>
    </DD03P>
    <DD03P>
     <TABNAME>ZEFI_BAPI3007_2</TABNAME>
     <FIELDNAME>BANKS</FIELDNAME>
     <POSITION>0072</POSITION>
     <ROLLNAME>BANKS</ROLLNAME>
     <CHECKTABLE>T005</CHECKTABLE>
     <ADMINFIELD>0</ADMINFIELD>
     <SHLPORIGIN>P</SHLPORIGIN>
     <COMPTYPE>E</COMPTYPE>
    </DD03P>
    <DD03P>
     <TABNAME>ZEFI_BAPI3007_2</TABNAME>
     <FIELDNAME>STCD1</FIELDNAME>
     <POSITION>0073</POSITION>
     <ROLLNAME>STCD1</ROLLNAME>
     <ADMINFIELD>0</ADMINFIELD>
     <COMPTYPE>E</COMPTYPE>
    </DD03P>
    <DD03P>
     <TABNAME>ZEFI_BAPI3007_2</TABNAME>
     <FIELDNAME>STCD2</FIELDNAME>
     <POSITION>0074</POSITION>
     <ROLLNAME>STCD2</ROLLNAME>
     <ADMINFIELD>0</ADMINFIELD>
     <COMPTYPE>E</COMPTYPE>
    </DD03P>
    <DD03P>
     <TABNAME>ZEFI_BAPI3007_2</TABNAME>
     <FIELDNAME>STKZU</FIELDNAME>
     <POSITION>0075</POSITION>
     <ROLLNAME>STKZU</ROLLNAME>
     <ADMINFIELD>0</ADMINFIELD>
     <VALEXI>X</VALEXI>
     <SHLPORIGIN>F</SHLPORIGIN>
     <COMPTYPE>E</COMPTYPE>
    </DD03P>
    <DD03P>
     <TABNAME>ZEFI_BAPI3007_2</TABNAME>
     <FIELDNAME>STKZA</FIELDNAME>
     <POSITION>0076</POSITION>
     <ROLLNAME>STKZA</ROLLNAME>
     <ADMINFIELD>0</ADMINFIELD>
     <VALEXI>X</VALEXI>
     <SHLPORIGIN>F</SHLPORIGIN>
     <COMPTYPE>E</COMPTYPE>
    </DD03P>
    <DD03P>
     <TABNAME>ZEFI_BAPI3007_2</TABNAME>
     <FIELDNAME>REGIO</FIELDNAME>
     <POSITION>0077</POSITION>
     <ROLLNAME>REGIO</ROLLNAME>
     <CHECKTABLE>T005S</CHECKTABLE>
     <ADMINFIELD>0</ADMINFIELD>
     <SHLPORIGIN>P</SHLPORIGIN>
     <COMPTYPE>E</COMPTYPE>
    </DD03P>
    <DD03P>
     <TABNAME>ZEFI_BAPI3007_2</TABNAME>
     <FIELDNAME>BKONT</FIELDNAME>
     <POSITION>0078</POSITION>
     <ROLLNAME>BKONT</ROLLNAME>
     <ADMINFIELD>0</ADMINFIELD>
     <COMPTYPE>E</COMPTYPE>
    </DD03P>
    <DD03P>
     <TABNAME>ZEFI_BAPI3007_2</TABNAME>
     <FIELDNAME>DTAWS</FIELDNAME>
     <POSITION>0079</POSITION>
     <ROLLNAME>DTAWS</ROLLNAME>
     <CHECKTABLE>T015W</CHECKTABLE>
     <ADMINFIELD>0</ADMINFIELD>
     <SHLPORIGIN>P</SHLPORIGIN>
     <COMPTYPE>E</COMPTYPE>
    </DD03P>
    <DD03P>
     <TABNAME>ZEFI_BAPI3007_2</TABNAME>
     <FIELDNAME>EMPFG</FIELDNAME>
     <POSITION>0080</POSITION>
     <ROLLNAME>EMPFG</ROLLNAME>
     <ADMINFIELD>0</ADMINFIELD>
     <COMPTYPE>E</COMPTYPE>
    </DD03P>
    <DD03P>
     <TABNAME>ZEFI_BAPI3007_2</TABNAME>
     <FIELDNAME>SPRAS</FIELDNAME>
     <POSITION>0081</POSITION>
     <ROLLNAME>SPRAS</ROLLNAME>
     <CHECKTABLE>T002</CHECKTABLE>
     <ADMINFIELD>0</ADMINFIELD>
     <SHLPORIGIN>P</SHLPORIGIN>
     <SHLPNAME>H_T002</SHLPNAME>
     <SHLPFIELD>SPRAS</SHLPFIELD>
     <COMPTYPE>E</COMPTYPE>
     <LANGUFLAG>X</LANGUFLAG>
    </DD03P>
    <DD03P>
     <TABNAME>ZEFI_BAPI3007_2</TABNAME>
     <FIELDNAME>WELGF</FIELDNAME>
     <POSITION>0082</POSITION>
     <ROLLNAME>WELGF</ROLLNAME>
     <ADMINFIELD>0</ADMINFIELD>
     <COMPTYPE>E</COMPTYPE>
    </DD03P>
    <DD03P>
     <TABNAME>ZEFI_BAPI3007_2</TABNAME>
     <FIELDNAME>WSTKZ</FIELDNAME>
     <POSITION>0083</POSITION>
     <ROLLNAME>WSTKZ</ROLLNAME>
     <CHECKTABLE>T046</CHECKTABLE>
     <ADMINFIELD>0</ADMINFIELD>
     <SHLPORIGIN>P</SHLPORIGIN>
     <COMPTYPE>E</COMPTYPE>
    </DD03P>
    <DD03P>
     <TABNAME>ZEFI_BAPI3007_2</TABNAME>
     <FIELDNAME>WSTHW</FIELDNAME>
     <POSITION>0084</POSITION>
     <ROLLNAME>BAPIWSTHW</ROLLNAME>
     <ADMINFIELD>0</ADMINFIELD>
     <COMPTYPE>E</COMPTYPE>
    </DD03P>
    <DD03P>
     <TABNAME>ZEFI_BAPI3007_2</TABNAME>
     <FIELDNAME>WSTFW</FIELDNAME>
     <POSITION>0085</POSITION>
     <ROLLNAME>BAPIWSTFW</ROLLNAME>
     <ADMINFIELD>0</ADMINFIELD>
     <COMPTYPE>E</COMPTYPE>
    </DD03P>
    <DD03P>
     <TABNAME>ZEFI_BAPI3007_2</TABNAME>
     <FIELDNAME>WINHW</FIELDNAME>
     <POSITION>0086</POSITION>
     <ROLLNAME>BAPIWINHW</ROLLNAME>
     <ADMINFIELD>0</ADMINFIELD>
     <COMPTYPE>E</COMPTYPE>
    </DD03P>
    <DD03P>
     <TABNAME>ZEFI_BAPI3007_2</TABNAME>
     <FIELDNAME>WINFW</FIELDNAME>
     <POSITION>0087</POSITION>
     <ROLLNAME>BAPIWINFW</ROLLNAME>
     <ADMINFIELD>0</ADMINFIELD>
     <COMPTYPE>E</COMPTYPE>
    </DD03P>
    <DD03P>
     <TABNAME>ZEFI_BAPI3007_2</TABNAME>
     <FIELDNAME>WMWKZ</FIELDNAME>
     <POSITION>0088</POSITION>
     <ROLLNAME>WMWKZ</ROLLNAME>
     <ADMINFIELD>0</ADMINFIELD>
     <COMPTYPE>E</COMPTYPE>
    </DD03P>
    <DD03P>
     <TABNAME>ZEFI_BAPI3007_2</TABNAME>
     <FIELDNAME>WDATE</FIELDNAME>
     <POSITION>0089</POSITION>
     <ROLLNAME>WDATE</ROLLNAME>
     <ADMINFIELD>0</ADMINFIELD>
     <SHLPORIGIN>T</SHLPORIGIN>
     <COMPTYPE>E</COMPTYPE>
    </DD03P>
    <DD03P>
     <TABNAME>ZEFI_BAPI3007_2</TABNAME>
     <FIELDNAME>WVERD</FIELDNAME>
     <POSITION>0090</POSITION>
     <ROLLNAME>WVERD</ROLLNAME>
     <ADMINFIELD>0</ADMINFIELD>
     <SHLPORIGIN>T</SHLPORIGIN>
     <COMPTYPE>E</COMPTYPE>
    </DD03P>
    <DD03P>
     <TABNAME>ZEFI_BAPI3007_2</TABNAME>
     <FIELDNAME>WEVWV</FIELDNAME>
     <POSITION>0091</POSITION>
     <ROLLNAME>WEVWV</ROLLNAME>
     <ADMINFIELD>0</ADMINFIELD>
     <VALEXI>X</VALEXI>
     <SHLPORIGIN>F</SHLPORIGIN>
     <COMPTYPE>E</COMPTYPE>
    </DD03P>
    <DD03P>
     <TABNAME>ZEFI_BAPI3007_2</TABNAME>
     <FIELDNAME>WBANK</FIELDNAME>
     <POSITION>0092</POSITION>
     <ROLLNAME>WBANK</ROLLNAME>
     <ADMINFIELD>0</ADMINFIELD>
     <COMPTYPE>E</COMPTYPE>
    </DD03P>
    <DD03P>
     <TABNAME>ZEFI_BAPI3007_2</TABNAME>
     <FIELDNAME>WNAME</FIELDNAME>
     <POSITION>0093</POSITION>
     <ROLLNAME>WNAME</ROLLNAME>
     <ADMINFIELD>0</ADMINFIELD>
     <COMPTYPE>E</COMPTYPE>
    </DD03P>
    <DD03P>
     <TABNAME>ZEFI_BAPI3007_2</TABNAME>
     <FIELDNAME>WLZBP</FIELDNAME>
     <POSITION>0094</POSITION>
     <ROLLNAME>WLZBP</ROLLNAME>
     <ADMINFIELD>0</ADMINFIELD>
     <COMPTYPE>E</COMPTYPE>
    </DD03P>
    <DD03P>
     <TABNAME>ZEFI_BAPI3007_2</TABNAME>
     <FIELDNAME>WORT1</FIELDNAME>
     <POSITION>0095</POSITION>
     <ROLLNAME>WORT1</ROLLNAME>
     <ADMINFIELD>0</ADMINFIELD>
     <COMPTYPE>E</COMPTYPE>
    </DD03P>
    <DD03P>
     <TABNAME>ZEFI_BAPI3007_2</TABNAME>
     <FIELDNAME>WBZOG</FIELDNAME>
     <POSITION>0096</POSITION>
     <ROLLNAME>WBZOG</ROLLNAME>
     <ADMINFIELD>0</ADMINFIELD>
     <COMPTYPE>E</COMPTYPE>
    </DD03P>
    <DD03P>
     <TABNAME>ZEFI_BAPI3007_2</TABNAME>
     <FIELDNAME>WORT2</FIELDNAME>
     <POSITION>0097</POSITION>
     <ROLLNAME>WORT2</ROLLNAME>
     <ADMINFIELD>0</ADMINFIELD>
     <COMPTYPE>E</COMPTYPE>
    </DD03P>
    <DD03P>
     <TABNAME>ZEFI_BAPI3007_2</TABNAME>
     <FIELDNAME>DISKT</FIELDNAME>
     <POSITION>0098</POSITION>
     <ROLLNAME>DISKT</ROLLNAME>
     <ADMINFIELD>0</ADMINFIELD>
     <COMPTYPE>E</COMPTYPE>
    </DD03P>
    <DD03P>
     <TABNAME>ZEFI_BAPI3007_2</TABNAME>
     <FIELDNAME>DISKP</FIELDNAME>
     <POSITION>0099</POSITION>
     <ROLLNAME>DISKP</ROLLNAME>
     <ADMINFIELD>0</ADMINFIELD>
     <COMPTYPE>E</COMPTYPE>
    </DD03P>
    <DD03P>
     <TABNAME>ZEFI_BAPI3007_2</TABNAME>
     <FIELDNAME>XAKTZ</FIELDNAME>
     <POSITION>0100</POSITION>
     <ROLLNAME>XAKTZ</ROLLNAME>
     <ADMINFIELD>0</ADMINFIELD>
     <VALEXI>X</VALEXI>
     <SHLPORIGIN>F</SHLPORIGIN>
     <COMPTYPE>E</COMPTYPE>
    </DD03P>
    <DD03P>
     <TABNAME>ZEFI_BAPI3007_2</TABNAME>
     <FIELDNAME>WSTAT</FIELDNAME>
     <POSITION>0101</POSITION>
     <ROLLNAME>WSTAT</ROLLNAME>
     <ADMINFIELD>0</ADMINFIELD>
     <COMPTYPE>E</COMPTYPE>
    </DD03P>
    <DD03P>
     <TABNAME>ZEFI_BAPI3007_2</TABNAME>
     <FIELDNAME>WGBKZ</FIELDNAME>
     <POSITION>0102</POSITION>
     <ROLLNAME>WGBKZ</ROLLNAME>
     <ADMINFIELD>0</ADMINFIELD>
     <VALEXI>X</VALEXI>
     <SHLPORIGIN>F</SHLPORIGIN>
     <COMPTYPE>E</COMPTYPE>
    </DD03P>
    <DD03P>
     <TABNAME>ZEFI_BAPI3007_2</TABNAME>
     <FIELDNAME>XSIWE</FIELDNAME>
     <POSITION>0103</POSITION>
     <ROLLNAME>XSIWE</ROLLNAME>
     <ADMINFIELD>0</ADMINFIELD>
     <VALEXI>X</VALEXI>
     <SHLPORIGIN>F</SHLPORIGIN>
     <COMPTYPE>E</COMPTYPE>
    </DD03P>
    <DD03P>
     <TABNAME>ZEFI_BAPI3007_2</TABNAME>
     <FIELDNAME>AWTYP</FIELDNAME>
     <POSITION>0104</POSITION>
     <ROLLNAME>AWTYP</ROLLNAME>
     <ADMINFIELD>0</ADMINFIELD>
     <COMPTYPE>E</COMPTYPE>
    </DD03P>
    <DD03P>
     <TABNAME>ZEFI_BAPI3007_2</TABNAME>
     <FIELDNAME>AWREF</FIELDNAME>
     <POSITION>0105</POSITION>
     <ROLLNAME>AWREF</ROLLNAME>
     <ADMINFIELD>0</ADMINFIELD>
     <COMPTYPE>E</COMPTYPE>
    </DD03P>
    <DD03P>
     <TABNAME>ZEFI_BAPI3007_2</TABNAME>
     <FIELDNAME>AWORG</FIELDNAME>
     <POSITION>0106</POSITION>
     <ROLLNAME>AWORG</ROLLNAME>
     <ADMINFIELD>0</ADMINFIELD>
     <COMPTYPE>E</COMPTYPE>
    </DD03P>
    <DD03P>
     <TABNAME>ZEFI_BAPI3007_2</TABNAME>
     <FIELDNAME>STBLG</FIELDNAME>
     <POSITION>0107</POSITION>
     <ROLLNAME>STBLG</ROLLNAME>
     <ADMINFIELD>0</ADMINFIELD>
     <COMPTYPE>E</COMPTYPE>
    </DD03P>
    <DD03P>
     <TABNAME>ZEFI_BAPI3007_2</TABNAME>
     <FIELDNAME>UMSKS</FIELDNAME>
     <POSITION>0108</POSITION>
     <ROLLNAME>UMSKS</ROLLNAME>
     <ADMINFIELD>0</ADMINFIELD>
     <COMPTYPE>E</COMPTYPE>
    </DD03P>
    <DD03P>
     <TABNAME>ZEFI_BAPI3007_2</TABNAME>
     <FIELDNAME>XNEGP</FIELDNAME>
     <POSITION>0109</POSITION>
     <ROLLNAME>XNEGP</ROLLNAME>
     <ADMINFIELD>0</ADMINFIELD>
     <VALEXI>X</VALEXI>
     <SHLPORIGIN>F</SHLPORIGIN>
     <COMPTYPE>E</COMPTYPE>
    </DD03P>
    <DD03P>
     <TABNAME>ZEFI_BAPI3007_2</TABNAME>
     <FIELDNAME>XBLNR_LONG</FIELDNAME>
     <POSITION>0110</POSITION>
     <ROLLNAME>XBLNR_LONG</ROLLNAME>
     <ADMINFIELD>0</ADMINFIELD>
     <COMPTYPE>E</COMPTYPE>
    </DD03P>
    <DD03P>
     <TABNAME>ZEFI_BAPI3007_2</TABNAME>
     <FIELDNAME>VBELN</FIELDNAME>
     <POSITION>0111</POSITION>
     <ROLLNAME>VBELN_VF</ROLLNAME>
     <ADMINFIELD>0</ADMINFIELD>
     <COMPTYPE>E</COMPTYPE>
    </DD03P>
    <DD03P>
     <TABNAME>ZEFI_BAPI3007_2</TABNAME>
     <FIELDNAME>SAKNR</FIELDNAME>
     <POSITION>0112</POSITION>
     <ROLLNAME>SAKNR</ROLLNAME>
     <ADMINFIELD>0</ADMINFIELD>
     <SHLPORIGIN>D</SHLPORIGIN>
     <COMPTYPE>E</COMPTYPE>
    </DD03P>
    <DD03P>
     <TABNAME>ZEFI_BAPI3007_2</TABNAME>
     <FIELDNAME>ANFBN</FIELDNAME>
     <POSITION>0113</POSITION>
     <ROLLNAME>ANFBN</ROLLNAME>
     <ADMINFIELD>0</ADMINFIELD>
     <COMPTYPE>E</COMPTYPE>
    </DD03P>
    <DD03P>
     <TABNAME>ZEFI_BAPI3007_2</TABNAME>
     <FIELDNAME>VBUND</FIELDNAME>
     <POSITION>0114</POSITION>
     <ROLLNAME>VBUND</ROLLNAME>
     <ADMINFIELD>0</ADMINFIELD>
     <COMPTYPE>E</COMPTYPE>
    </DD03P>
    <DD03P>
     <TABNAME>ZEFI_BAPI3007_2</TABNAME>
     <FIELDNAME>BUPLA</FIELDNAME>
     <POSITION>0115</POSITION>
     <ROLLNAME>BUPLA</ROLLNAME>
     <ADMINFIELD>0</ADMINFIELD>
     <COMPTYPE>E</COMPTYPE>
    </DD03P>
    <DD03P>
     <TABNAME>ZEFI_BAPI3007_2</TABNAME>
     <FIELDNAME>HBKID</FIELDNAME>
     <POSITION>0116</POSITION>
     <ROLLNAME>HBKID</ROLLNAME>
     <ADMINFIELD>0</ADMINFIELD>
     <COMPTYPE>E</COMPTYPE>
    </DD03P>
    <DD03P>
     <TABNAME>ZEFI_BAPI3007_2</TABNAME>
     <FIELDNAME>HKTID</FIELDNAME>
     <POSITION>0117</POSITION>
     <ROLLNAME>HKTID</ROLLNAME>
     <ADMINFIELD>0</ADMINFIELD>
     <COMPTYPE>E</COMPTYPE>
    </DD03P>
   </DD03P_TABLE>
   <DD05M_TABLE>
    <DD05M>
     <TABNAME>ZEFI_BAPI3007_2</TABNAME>
     <FIELDNAME>BANKS</FIELDNAME>
     <FORTABLE>SYST</FORTABLE>
     <FORKEY>MANDT</FORKEY>
     <CHECKTABLE>T005</CHECKTABLE>
     <CHECKFIELD>MANDT</CHECKFIELD>
     <PRIMPOS>0001</PRIMPOS>
     <DOMNAME>MANDT</DOMNAME>
     <DATATYPE>CLNT</DATATYPE>
     <LENG>000003</LENG>
    </DD05M>
    <DD05M>
     <TABNAME>ZEFI_BAPI3007_2</TABNAME>
     <FIELDNAME>BANKS</FIELDNAME>
     <FORTABLE>ZEFI_BAPI3007_2</FORTABLE>
     <FORKEY>BANKS</FORKEY>
     <CHECKTABLE>T005</CHECKTABLE>
     <CHECKFIELD>LAND1</CHECKFIELD>
     <PRIMPOS>0002</PRIMPOS>
     <DOMNAME>LAND1</DOMNAME>
     <DATATYPE>CHAR</DATATYPE>
     <LENG>000003</LENG>
    </DD05M>
    <DD05M>
     <TABNAME>ZEFI_BAPI3007_2</TABNAME>
     <FIELDNAME>BLART</FIELDNAME>
     <FORTABLE>SYST</FORTABLE>
     <FORKEY>MANDT</FORKEY>
     <CHECKTABLE>T003</CHECKTABLE>
     <CHECKFIELD>MANDT</CHECKFIELD>
     <PRIMPOS>0001</PRIMPOS>
     <DOMNAME>MANDT</DOMNAME>
     <DATATYPE>CLNT</DATATYPE>
     <LENG>000003</LENG>
    </DD05M>
    <DD05M>
     <TABNAME>ZEFI_BAPI3007_2</TABNAME>
     <FIELDNAME>BLART</FIELDNAME>
     <FORTABLE>ZEFI_BAPI3007_2</FORTABLE>
     <FORKEY>BLART</FORKEY>
     <CHECKTABLE>T003</CHECKTABLE>
     <CHECKFIELD>BLART</CHECKFIELD>
     <PRIMPOS>0002</PRIMPOS>
     <DOMNAME>BLART</DOMNAME>
     <DATATYPE>CHAR</DATATYPE>
     <LENG>000002</LENG>
    </DD05M>
    <DD05M>
     <TABNAME>ZEFI_BAPI3007_2</TABNAME>
     <FIELDNAME>BSCHL</FIELDNAME>
     <FORTABLE>SYST</FORTABLE>
     <FORKEY>MANDT</FORKEY>
     <CHECKTABLE>TBSL</CHECKTABLE>
     <CHECKFIELD>MANDT</CHECKFIELD>
     <PRIMPOS>0001</PRIMPOS>
     <DOMNAME>MANDT</DOMNAME>
     <DATATYPE>CLNT</DATATYPE>
     <LENG>000003</LENG>
    </DD05M>
    <DD05M>
     <TABNAME>ZEFI_BAPI3007_2</TABNAME>
     <FIELDNAME>BSCHL</FIELDNAME>
     <FORTABLE>ZEFI_BAPI3007_2</FORTABLE>
     <FORKEY>BSCHL</FORKEY>
     <CHECKTABLE>TBSL</CHECKTABLE>
     <CHECKFIELD>BSCHL</CHECKFIELD>
     <PRIMPOS>0002</PRIMPOS>
     <DOMNAME>BSCHL</DOMNAME>
     <DATATYPE>CHAR</DATATYPE>
     <LENG>000002</LENG>
    </DD05M>
    <DD05M>
     <TABNAME>ZEFI_BAPI3007_2</TABNAME>
     <FIELDNAME>BUKRS</FIELDNAME>
     <FORTABLE>SYST</FORTABLE>
     <FORKEY>MANDT</FORKEY>
     <CHECKTABLE>T001</CHECKTABLE>
     <CHECKFIELD>MANDT</CHECKFIELD>
     <PRIMPOS>0001</PRIMPOS>
     <DOMNAME>MANDT</DOMNAME>
     <DATATYPE>CLNT</DATATYPE>
     <LENG>000003</LENG>
    </DD05M>
    <DD05M>
     <TABNAME>ZEFI_BAPI3007_2</TABNAME>
     <FIELDNAME>BUKRS</FIELDNAME>
     <FORTABLE>ZEFI_BAPI3007_2</FORTABLE>
     <FORKEY>BUKRS</FORKEY>
     <CHECKTABLE>T001</CHECKTABLE>
     <CHECKFIELD>BUKRS</CHECKFIELD>
     <PRIMPOS>0002</PRIMPOS>
     <DOMNAME>BUKRS</DOMNAME>
     <DATATYPE>CHAR</DATATYPE>
     <LENG>000004</LENG>
    </DD05M>
    <DD05M>
     <TABNAME>ZEFI_BAPI3007_2</TABNAME>
     <FIELDNAME>DTAWS</FIELDNAME>
     <FORTABLE>SYST</FORTABLE>
     <FORKEY>MANDT</FORKEY>
     <CHECKTABLE>T015W</CHECKTABLE>
     <CHECKFIELD>MANDT</CHECKFIELD>
     <PRIMPOS>0001</PRIMPOS>
     <DOMNAME>MANDT</DOMNAME>
     <DATATYPE>CLNT</DATATYPE>
     <LENG>000003</LENG>
    </DD05M>
    <DD05M>
     <TABNAME>ZEFI_BAPI3007_2</TABNAME>
     <FIELDNAME>DTAWS</FIELDNAME>
     <FORTABLE>ZEFI_BAPI3007_2</FORTABLE>
     <FORKEY>LAND1</FORKEY>
     <CHECKTABLE>T015W</CHECKTABLE>
     <CHECKFIELD>BANKS</CHECKFIELD>
     <PRIMPOS>0002</PRIMPOS>
     <DOMNAME>LAND1</DOMNAME>
     <DATATYPE>CHAR</DATATYPE>
     <LENG>000003</LENG>
    </DD05M>
    <DD05M>
     <TABNAME>ZEFI_BAPI3007_2</TABNAME>
     <FIELDNAME>DTAWS</FIELDNAME>
     <FORTABLE>ZEFI_BAPI3007_2</FORTABLE>
     <FORKEY>ZLSCH</FORKEY>
     <CHECKTABLE>T015W</CHECKTABLE>
     <CHECKFIELD>ZLSCH</CHECKFIELD>
     <PRIMPOS>0003</PRIMPOS>
     <DOMNAME>ZLSCH</DOMNAME>
     <DATATYPE>CHAR</DATATYPE>
     <LENG>000001</LENG>
    </DD05M>
    <DD05M>
     <TABNAME>ZEFI_BAPI3007_2</TABNAME>
     <FIELDNAME>DTAWS</FIELDNAME>
     <FORTABLE>ZEFI_BAPI3007_2</FORTABLE>
     <FORKEY>DTAWS</FORKEY>
     <CHECKTABLE>T015W</CHECKTABLE>
     <CHECKFIELD>DTAWS</CHECKFIELD>
     <PRIMPOS>0004</PRIMPOS>
     <DOMNAME>DTAWS</DOMNAME>
     <DATATYPE>CHAR</DATATYPE>
     <LENG>000002</LENG>
    </DD05M>
    <DD05M>
     <TABNAME>ZEFI_BAPI3007_2</TABNAME>
     <FIELDNAME>GSBER</FIELDNAME>
     <FORTABLE>SYST</FORTABLE>
     <FORKEY>MANDT</FORKEY>
     <CHECKTABLE>TGSB</CHECKTABLE>
     <CHECKFIELD>MANDT</CHECKFIELD>
     <PRIMPOS>0001</PRIMPOS>
     <DOMNAME>MANDT</DOMNAME>
     <DATATYPE>CLNT</DATATYPE>
     <LENG>000003</LENG>
    </DD05M>
    <DD05M>
     <TABNAME>ZEFI_BAPI3007_2</TABNAME>
     <FIELDNAME>GSBER</FIELDNAME>
     <FORTABLE>ZEFI_BAPI3007_2</FORTABLE>
     <FORKEY>GSBER</FORKEY>
     <CHECKTABLE>TGSB</CHECKTABLE>
     <CHECKFIELD>GSBER</CHECKFIELD>
     <PRIMPOS>0002</PRIMPOS>
     <DOMNAME>GSBER</DOMNAME>
     <DATATYPE>CHAR</DATATYPE>
     <LENG>000004</LENG>
    </DD05M>
    <DD05M>
     <TABNAME>ZEFI_BAPI3007_2</TABNAME>
     <FIELDNAME>HWAER</FIELDNAME>
     <FORTABLE>SYST</FORTABLE>
     <FORKEY>MANDT</FORKEY>
     <CHECKTABLE>TCURC</CHECKTABLE>
     <CHECKFIELD>MANDT</CHECKFIELD>
     <PRIMPOS>0001</PRIMPOS>
     <DOMNAME>MANDT</DOMNAME>
     <DATATYPE>CLNT</DATATYPE>
     <LENG>000003</LENG>
    </DD05M>
    <DD05M>
     <TABNAME>ZEFI_BAPI3007_2</TABNAME>
     <FIELDNAME>HWAER</FIELDNAME>
     <FORTABLE>ZEFI_BAPI3007_2</FORTABLE>
     <FORKEY>HWAER</FORKEY>
     <CHECKTABLE>TCURC</CHECKTABLE>
     <CHECKFIELD>WAERS</CHECKFIELD>
     <PRIMPOS>0002</PRIMPOS>
     <DOMNAME>WAERS</DOMNAME>
     <DATATYPE>CUKY</DATATYPE>
     <LENG>000005</LENG>
    </DD05M>
    <DD05M>
     <TABNAME>ZEFI_BAPI3007_2</TABNAME>
     <FIELDNAME>KUNNR</FIELDNAME>
     <FORTABLE>SYST</FORTABLE>
     <FORKEY>MANDT</FORKEY>
     <CHECKTABLE>KNA1</CHECKTABLE>
     <CHECKFIELD>MANDT</CHECKFIELD>
     <PRIMPOS>0001</PRIMPOS>
     <DOMNAME>MANDT</DOMNAME>
     <DATATYPE>CLNT</DATATYPE>
     <LENG>000003</LENG>
    </DD05M>
    <DD05M>
     <TABNAME>ZEFI_BAPI3007_2</TABNAME>
     <FIELDNAME>KUNNR</FIELDNAME>
     <FORTABLE>ZEFI_BAPI3007_2</FORTABLE>
     <FORKEY>KUNNR</FORKEY>
     <CHECKTABLE>KNA1</CHECKTABLE>
     <CHECKFIELD>KUNNR</CHECKFIELD>
     <PRIMPOS>0002</PRIMPOS>
     <DOMNAME>KUNNR</DOMNAME>
     <DATATYPE>CHAR</DATATYPE>
     <LENG>000010</LENG>
    </DD05M>
    <DD05M>
     <TABNAME>ZEFI_BAPI3007_2</TABNAME>
     <FIELDNAME>LAND1</FIELDNAME>
     <FORTABLE>SYST</FORTABLE>
     <FORKEY>MANDT</FORKEY>
     <CHECKTABLE>T005</CHECKTABLE>
     <CHECKFIELD>MANDT</CHECKFIELD>
     <PRIMPOS>0001</PRIMPOS>
     <DOMNAME>MANDT</DOMNAME>
     <DATATYPE>CLNT</DATATYPE>
     <LENG>000003</LENG>
    </DD05M>
    <DD05M>
     <TABNAME>ZEFI_BAPI3007_2</TABNAME>
     <FIELDNAME>LAND1</FIELDNAME>
     <FORTABLE>ZEFI_BAPI3007_2</FORTABLE>
     <FORKEY>LAND1</FORKEY>
     <CHECKTABLE>T005</CHECKTABLE>
     <CHECKFIELD>LAND1</CHECKFIELD>
     <PRIMPOS>0002</PRIMPOS>
     <DOMNAME>LAND1</DOMNAME>
     <DATATYPE>CHAR</DATATYPE>
     <LENG>000003</LENG>
    </DD05M>
    <DD05M>
     <TABNAME>ZEFI_BAPI3007_2</TABNAME>
     <FIELDNAME>MABER</FIELDNAME>
     <FORTABLE>SYST</FORTABLE>
     <FORKEY>MANDT</FORKEY>
     <CHECKTABLE>T047M</CHECKTABLE>
     <CHECKFIELD>MANDT</CHECKFIELD>
     <PRIMPOS>0001</PRIMPOS>
     <DOMNAME>MANDT</DOMNAME>
     <DATATYPE>CLNT</DATATYPE>
     <LENG>000003</LENG>
    </DD05M>
    <DD05M>
     <TABNAME>ZEFI_BAPI3007_2</TABNAME>
     <FIELDNAME>MABER</FIELDNAME>
     <FORTABLE>ZEFI_BAPI3007_2</FORTABLE>
     <FORKEY>BUKRS</FORKEY>
     <CHECKTABLE>T047M</CHECKTABLE>
     <CHECKFIELD>BUKRS</CHECKFIELD>
     <PRIMPOS>0002</PRIMPOS>
     <DOMNAME>BUKRS</DOMNAME>
     <DATATYPE>CHAR</DATATYPE>
     <LENG>000004</LENG>
    </DD05M>
    <DD05M>
     <TABNAME>ZEFI_BAPI3007_2</TABNAME>
     <FIELDNAME>MABER</FIELDNAME>
     <FORTABLE>ZEFI_BAPI3007_2</FORTABLE>
     <FORKEY>MABER</FORKEY>
     <CHECKTABLE>T047M</CHECKTABLE>
     <CHECKFIELD>MABER</CHECKFIELD>
     <PRIMPOS>0003</PRIMPOS>
     <DOMNAME>MABER</DOMNAME>
     <DATATYPE>CHAR</DATATYPE>
     <LENG>000002</LENG>
    </DD05M>
    <DD05M>
     <TABNAME>ZEFI_BAPI3007_2</TABNAME>
     <FIELDNAME>MANSP</FIELDNAME>
     <FORTABLE>SYST</FORTABLE>
     <FORKEY>MANDT</FORKEY>
     <CHECKTABLE>T040S</CHECKTABLE>
     <CHECKFIELD>MANDT</CHECKFIELD>
     <PRIMPOS>0001</PRIMPOS>
     <DOMNAME>MANDT</DOMNAME>
     <DATATYPE>CLNT</DATATYPE>
     <LENG>000003</LENG>
    </DD05M>
    <DD05M>
     <TABNAME>ZEFI_BAPI3007_2</TABNAME>
     <FIELDNAME>MANSP</FIELDNAME>
     <FORTABLE>ZEFI_BAPI3007_2</FORTABLE>
     <FORKEY>MANSP</FORKEY>
     <CHECKTABLE>T040S</CHECKTABLE>
     <CHECKFIELD>MANSP</CHECKFIELD>
     <PRIMPOS>0002</PRIMPOS>
     <DOMNAME>MANSP</DOMNAME>
     <DATATYPE>CHAR</DATATYPE>
     <LENG>000001</LENG>
    </DD05M>
    <DD05M>
     <TABNAME>ZEFI_BAPI3007_2</TABNAME>
     <FIELDNAME>MSCHL</FIELDNAME>
     <FORTABLE>SYST</FORTABLE>
     <FORKEY>MANDT</FORKEY>
     <CHECKTABLE>T040</CHECKTABLE>
     <CHECKFIELD>MANDT</CHECKFIELD>
     <PRIMPOS>0001</PRIMPOS>
     <DOMNAME>MANDT</DOMNAME>
     <DATATYPE>CLNT</DATATYPE>
     <LENG>000003</LENG>
    </DD05M>
    <DD05M>
     <TABNAME>ZEFI_BAPI3007_2</TABNAME>
     <FIELDNAME>MSCHL</FIELDNAME>
     <FORTABLE>ZEFI_BAPI3007_2</FORTABLE>
     <FORKEY>MSCHL</FORKEY>
     <CHECKTABLE>T040</CHECKTABLE>
     <CHECKFIELD>MSCHL</CHECKFIELD>
     <PRIMPOS>0002</PRIMPOS>
     <DOMNAME>MSCHL</DOMNAME>
     <DATATYPE>CHAR</DATATYPE>
     <LENG>000001</LENG>
    </DD05M>
    <DD05M>
     <TABNAME>ZEFI_BAPI3007_2</TABNAME>
     <FIELDNAME>PSWSL</FIELDNAME>
     <FORTABLE>SYST</FORTABLE>
     <FORKEY>MANDT</FORKEY>
     <CHECKTABLE>TCURC</CHECKTABLE>
     <CHECKFIELD>MANDT</CHECKFIELD>
     <PRIMPOS>0001</PRIMPOS>
     <DOMNAME>MANDT</DOMNAME>
     <DATATYPE>CLNT</DATATYPE>
     <LENG>000003</LENG>
    </DD05M>
    <DD05M>
     <TABNAME>ZEFI_BAPI3007_2</TABNAME>
     <FIELDNAME>PSWSL</FIELDNAME>
     <FORTABLE>ZEFI_BAPI3007_2</FORTABLE>
     <FORKEY>PSWSL</FORKEY>
     <CHECKTABLE>TCURC</CHECKTABLE>
     <CHECKFIELD>WAERS</CHECKFIELD>
     <PRIMPOS>0002</PRIMPOS>
     <DOMNAME>WAERS</DOMNAME>
     <DATATYPE>CUKY</DATATYPE>
     <LENG>000005</LENG>
    </DD05M>
    <DD05M>
     <TABNAME>ZEFI_BAPI3007_2</TABNAME>
     <FIELDNAME>REGIO</FIELDNAME>
     <FORTABLE>SYST</FORTABLE>
     <FORKEY>MANDT</FORKEY>
     <CHECKTABLE>T005S</CHECKTABLE>
     <CHECKFIELD>MANDT</CHECKFIELD>
     <PRIMPOS>0001</PRIMPOS>
     <DOMNAME>MANDT</DOMNAME>
     <DATATYPE>CLNT</DATATYPE>
     <LENG>000003</LENG>
    </DD05M>
    <DD05M>
     <TABNAME>ZEFI_BAPI3007_2</TABNAME>
     <FIELDNAME>REGIO</FIELDNAME>
     <FORTABLE>ZEFI_BAPI3007_2</FORTABLE>
     <FORKEY>LAND1</FORKEY>
     <CHECKTABLE>T005S</CHECKTABLE>
     <CHECKFIELD>LAND1</CHECKFIELD>
     <PRIMPOS>0002</PRIMPOS>
     <DOMNAME>LAND1</DOMNAME>
     <DATATYPE>CHAR</DATATYPE>
     <LENG>000003</LENG>
    </DD05M>
    <DD05M>
     <TABNAME>ZEFI_BAPI3007_2</TABNAME>
     <FIELDNAME>REGIO</FIELDNAME>
     <FORTABLE>ZEFI_BAPI3007_2</FORTABLE>
     <FORKEY>REGIO</FORKEY>
     <CHECKTABLE>T005S</CHECKTABLE>
     <CHECKFIELD>BLAND</CHECKFIELD>
     <PRIMPOS>0003</PRIMPOS>
     <DOMNAME>REGIO</DOMNAME>
     <DATATYPE>CHAR</DATATYPE>
     <LENG>000003</LENG>
    </DD05M>
    <DD05M>
     <TABNAME>ZEFI_BAPI3007_2</TABNAME>
     <FIELDNAME>RSTGR</FIELDNAME>
     <FORTABLE>SYST</FORTABLE>
     <FORKEY>MANDT</FORKEY>
     <CHECKTABLE>T053R</CHECKTABLE>
     <CHECKFIELD>MANDT</CHECKFIELD>
     <PRIMPOS>0001</PRIMPOS>
     <DOMNAME>MANDT</DOMNAME>
     <DATATYPE>CLNT</DATATYPE>
     <LENG>000003</LENG>
    </DD05M>
    <DD05M>
     <TABNAME>ZEFI_BAPI3007_2</TABNAME>
     <FIELDNAME>RSTGR</FIELDNAME>
     <FORTABLE>ZEFI_BAPI3007_2</FORTABLE>
     <FORKEY>BUKRS</FORKEY>
     <CHECKTABLE>T053R</CHECKTABLE>
     <CHECKFIELD>BUKRS</CHECKFIELD>
     <PRIMPOS>0002</PRIMPOS>
     <DOMNAME>BUKRS</DOMNAME>
     <DATATYPE>CHAR</DATATYPE>
     <LENG>000004</LENG>
    </DD05M>
    <DD05M>
     <TABNAME>ZEFI_BAPI3007_2</TABNAME>
     <FIELDNAME>RSTGR</FIELDNAME>
     <FORTABLE>ZEFI_BAPI3007_2</FORTABLE>
     <FORKEY>RSTGR</FORKEY>
     <CHECKTABLE>T053R</CHECKTABLE>
     <CHECKFIELD>RSTGR</CHECKFIELD>
     <PRIMPOS>0003</PRIMPOS>
     <DOMNAME>RSTGR</DOMNAME>
     <DATATYPE>CHAR</DATATYPE>
     <LENG>000003</LENG>
    </DD05M>
    <DD05M>
     <TABNAME>ZEFI_BAPI3007_2</TABNAME>
     <FIELDNAME>SPRAS</FIELDNAME>
     <FORTABLE>ZEFI_BAPI3007_2</FORTABLE>
     <FORKEY>SPRAS</FORKEY>
     <CHECKTABLE>T002</CHECKTABLE>
     <CHECKFIELD>SPRAS</CHECKFIELD>
     <PRIMPOS>0001</PRIMPOS>
     <DOMNAME>SPRAS</DOMNAME>
     <DATATYPE>LANG</DATATYPE>
     <LENG>000001</LENG>
    </DD05M>
    <DD05M>
     <TABNAME>ZEFI_BAPI3007_2</TABNAME>
     <FIELDNAME>UMSKZ</FIELDNAME>
     <FORTABLE>SYST</FORTABLE>
     <FORKEY>MANDT</FORKEY>
     <CHECKTABLE>T074U</CHECKTABLE>
     <CHECKFIELD>MANDT</CHECKFIELD>
     <PRIMPOS>0001</PRIMPOS>
     <DOMNAME>MANDT</DOMNAME>
     <DATATYPE>CLNT</DATATYPE>
     <LENG>000003</LENG>
    </DD05M>
    <DD05M>
     <TABNAME>ZEFI_BAPI3007_2</TABNAME>
     <FIELDNAME>UMSKZ</FIELDNAME>
     <FORTABLE>&apos;D&apos;</FORTABLE>
     <CHECKTABLE>T074U</CHECKTABLE>
     <CHECKFIELD>KOART</CHECKFIELD>
     <PRIMPOS>0002</PRIMPOS>
     <DOMNAME>KOART</DOMNAME>
     <DATATYPE>CHAR</DATATYPE>
     <LENG>000001</LENG>
    </DD05M>
    <DD05M>
     <TABNAME>ZEFI_BAPI3007_2</TABNAME>
     <FIELDNAME>UMSKZ</FIELDNAME>
     <FORTABLE>ZEFI_BAPI3007_2</FORTABLE>
     <FORKEY>UMSKZ</FORKEY>
     <CHECKTABLE>T074U</CHECKTABLE>
     <CHECKFIELD>UMSKZ</CHECKFIELD>
     <PRIMPOS>0003</PRIMPOS>
     <DOMNAME>UMSKZ</DOMNAME>
     <DATATYPE>CHAR</DATATYPE>
     <LENG>000001</LENG>
    </DD05M>
    <DD05M>
     <TABNAME>ZEFI_BAPI3007_2</TABNAME>
     <FIELDNAME>UZAWE</FIELDNAME>
     <FORTABLE>SYST</FORTABLE>
     <FORKEY>MANDT</FORKEY>
     <CHECKTABLE>T042F</CHECKTABLE>
     <CHECKFIELD>MANDT</CHECKFIELD>
     <PRIMPOS>0001</PRIMPOS>
     <DOMNAME>MANDT</DOMNAME>
     <DATATYPE>CLNT</DATATYPE>
     <LENG>000003</LENG>
    </DD05M>
    <DD05M>
     <TABNAME>ZEFI_BAPI3007_2</TABNAME>
     <FIELDNAME>UZAWE</FIELDNAME>
     <FORTABLE>ZEFI_BAPI3007_2</FORTABLE>
     <FORKEY>UZAWE</FORKEY>
     <CHECKTABLE>T042F</CHECKTABLE>
     <CHECKFIELD>UZAWE</CHECKFIELD>
     <PRIMPOS>0002</PRIMPOS>
     <DOMNAME>UZAWE</DOMNAME>
     <DATATYPE>CHAR</DATATYPE>
     <LENG>000002</LENG>
    </DD05M>
    <DD05M>
     <TABNAME>ZEFI_BAPI3007_2</TABNAME>
     <FIELDNAME>WAERS</FIELDNAME>
     <FORTABLE>SYST</FORTABLE>
     <FORKEY>MANDT</FORKEY>
     <CHECKTABLE>TCURC</CHECKTABLE>
     <CHECKFIELD>MANDT</CHECKFIELD>
     <PRIMPOS>0001</PRIMPOS>
     <DOMNAME>MANDT</DOMNAME>
     <DATATYPE>CLNT</DATATYPE>
     <LENG>000003</LENG>
    </DD05M>
    <DD05M>
     <TABNAME>ZEFI_BAPI3007_2</TABNAME>
     <FIELDNAME>WAERS</FIELDNAME>
     <FORTABLE>ZEFI_BAPI3007_2</FORTABLE>
     <FORKEY>WAERS</FORKEY>
     <CHECKTABLE>TCURC</CHECKTABLE>
     <CHECKFIELD>WAERS</CHECKFIELD>
     <PRIMPOS>0002</PRIMPOS>
     <DOMNAME>WAERS</DOMNAME>
     <DATATYPE>CUKY</DATATYPE>
     <LENG>000005</LENG>
    </DD05M>
    <DD05M>
     <TABNAME>ZEFI_BAPI3007_2</TABNAME>
     <FIELDNAME>WSTKZ</FIELDNAME>
     <FORTABLE>SYST</FORTABLE>
     <FORKEY>MANDT</FORKEY>
     <CHECKTABLE>T046</CHECKTABLE>
     <CHECKFIELD>MANDT</CHECKFIELD>
     <PRIMPOS>0001</PRIMPOS>
     <DOMNAME>MANDT</DOMNAME>
     <DATATYPE>CLNT</DATATYPE>
     <LENG>000003</LENG>
    </DD05M>
    <DD05M>
     <TABNAME>ZEFI_BAPI3007_2</TABNAME>
     <FIELDNAME>WSTKZ</FIELDNAME>
     <FORTABLE>ZEFI_BAPI3007_2</FORTABLE>
     <FORKEY>WSTKZ</FORKEY>
     <CHECKTABLE>T046</CHECKTABLE>
     <CHECKFIELD>WSTKZ</CHECKFIELD>
     <PRIMPOS>0002</PRIMPOS>
     <DOMNAME>WSTKZ</DOMNAME>
     <DATATYPE>CHAR</DATATYPE>
     <LENG>000001</LENG>
    </DD05M>
    <DD05M>
     <TABNAME>ZEFI_BAPI3007_2</TABNAME>
     <FIELDNAME>ZLSCH</FIELDNAME>
     <FORTABLE>SYST</FORTABLE>
     <FORKEY>MANDT</FORKEY>
     <CHECKTABLE>T042Z</CHECKTABLE>
     <CHECKFIELD>MANDT</CHECKFIELD>
     <PRIMPOS>0001</PRIMPOS>
     <DOMNAME>MANDT</DOMNAME>
     <DATATYPE>CLNT</DATATYPE>
     <LENG>000003</LENG>
    </DD05M>
    <DD05M>
     <TABNAME>ZEFI_BAPI3007_2</TABNAME>
     <FIELDNAME>ZLSCH</FIELDNAME>
     <FORTABLE>ZEFI_BAPI3007_2</FORTABLE>
     <FORKEY>LAND1</FORKEY>
     <CHECKTABLE>T042Z</CHECKTABLE>
     <CHECKFIELD>LAND1</CHECKFIELD>
     <PRIMPOS>0002</PRIMPOS>
     <DOMNAME>LAND1</DOMNAME>
     <DATATYPE>CHAR</DATATYPE>
     <LENG>000003</LENG>
    </DD05M>
    <DD05M>
     <TABNAME>ZEFI_BAPI3007_2</TABNAME>
     <FIELDNAME>ZLSCH</FIELDNAME>
     <FORTABLE>ZEFI_BAPI3007_2</FORTABLE>
     <FORKEY>ZLSCH</FORKEY>
     <CHECKTABLE>T042Z</CHECKTABLE>
     <CHECKFIELD>ZLSCH</CHECKFIELD>
     <PRIMPOS>0003</PRIMPOS>
     <DOMNAME>ZLSCH</DOMNAME>
     <DATATYPE>CHAR</DATATYPE>
     <LENG>000001</LENG>
    </DD05M>
    <DD05M>
     <TABNAME>ZEFI_BAPI3007_2</TABNAME>
     <FIELDNAME>ZLSPR</FIELDNAME>
     <FORTABLE>SYST</FORTABLE>
     <FORKEY>MANDT</FORKEY>
     <CHECKTABLE>T008</CHECKTABLE>
     <CHECKFIELD>MANDT</CHECKFIELD>
     <PRIMPOS>0001</PRIMPOS>
     <DOMNAME>MANDT</DOMNAME>
     <DATATYPE>CLNT</DATATYPE>
     <LENG>000003</LENG>
    </DD05M>
    <DD05M>
     <TABNAME>ZEFI_BAPI3007_2</TABNAME>
     <FIELDNAME>ZLSPR</FIELDNAME>
     <FORTABLE>ZEFI_BAPI3007_2</FORTABLE>
     <FORKEY>ZLSPR</FORKEY>
     <CHECKTABLE>T008</CHECKTABLE>
     <CHECKFIELD>ZAHLS</CHECKFIELD>
     <PRIMPOS>0002</PRIMPOS>
     <DOMNAME>ZAHLS</DOMNAME>
     <DATATYPE>CHAR</DATATYPE>
     <LENG>000001</LENG>
    </DD05M>
   </DD05M_TABLE>
   <DD08V_TABLE>
    <DD08V>
     <TABNAME>ZEFI_BAPI3007_2</TABNAME>
     <FIELDNAME>BANKS</FIELDNAME>
     <CHECKTABLE>T005</CHECKTABLE>
    </DD08V>
    <DD08V>
     <TABNAME>ZEFI_BAPI3007_2</TABNAME>
     <FIELDNAME>BLART</FIELDNAME>
     <CHECKTABLE>T003</CHECKTABLE>
    </DD08V>
    <DD08V>
     <TABNAME>ZEFI_BAPI3007_2</TABNAME>
     <FIELDNAME>BSCHL</FIELDNAME>
     <CHECKTABLE>TBSL</CHECKTABLE>
    </DD08V>
    <DD08V>
     <TABNAME>ZEFI_BAPI3007_2</TABNAME>
     <FIELDNAME>BUKRS</FIELDNAME>
     <CHECKTABLE>T001</CHECKTABLE>
    </DD08V>
    <DD08V>
     <TABNAME>ZEFI_BAPI3007_2</TABNAME>
     <FIELDNAME>DTAWS</FIELDNAME>
     <CHECKTABLE>T015W</CHECKTABLE>
    </DD08V>
    <DD08V>
     <TABNAME>ZEFI_BAPI3007_2</TABNAME>
     <FIELDNAME>GSBER</FIELDNAME>
     <CHECKTABLE>TGSB</CHECKTABLE>
    </DD08V>
    <DD08V>
     <TABNAME>ZEFI_BAPI3007_2</TABNAME>
     <FIELDNAME>HWAER</FIELDNAME>
     <CHECKTABLE>TCURC</CHECKTABLE>
    </DD08V>
    <DD08V>
     <TABNAME>ZEFI_BAPI3007_2</TABNAME>
     <FIELDNAME>KUNNR</FIELDNAME>
     <CHECKTABLE>KNA1</CHECKTABLE>
    </DD08V>
    <DD08V>
     <TABNAME>ZEFI_BAPI3007_2</TABNAME>
     <FIELDNAME>LAND1</FIELDNAME>
     <CHECKTABLE>T005</CHECKTABLE>
    </DD08V>
    <DD08V>
     <TABNAME>ZEFI_BAPI3007_2</TABNAME>
     <FIELDNAME>MABER</FIELDNAME>
     <CHECKTABLE>T047M</CHECKTABLE>
    </DD08V>
    <DD08V>
     <TABNAME>ZEFI_BAPI3007_2</TABNAME>
     <FIELDNAME>MANSP</FIELDNAME>
     <CHECKTABLE>T040S</CHECKTABLE>
    </DD08V>
    <DD08V>
     <TABNAME>ZEFI_BAPI3007_2</TABNAME>
     <FIELDNAME>MSCHL</FIELDNAME>
     <CHECKTABLE>T040</CHECKTABLE>
    </DD08V>
    <DD08V>
     <TABNAME>ZEFI_BAPI3007_2</TABNAME>
     <FIELDNAME>PSWSL</FIELDNAME>
     <CHECKTABLE>TCURC</CHECKTABLE>
    </DD08V>
    <DD08V>
     <TABNAME>ZEFI_BAPI3007_2</TABNAME>
     <FIELDNAME>REGIO</FIELDNAME>
     <CHECKTABLE>T005S</CHECKTABLE>
    </DD08V>
    <DD08V>
     <TABNAME>ZEFI_BAPI3007_2</TABNAME>
     <FIELDNAME>RSTGR</FIELDNAME>
     <CHECKTABLE>T053R</CHECKTABLE>
    </DD08V>
    <DD08V>
     <TABNAME>ZEFI_BAPI3007_2</TABNAME>
     <FIELDNAME>SPRAS</FIELDNAME>
     <CHECKTABLE>T002</CHECKTABLE>
    </DD08V>
    <DD08V>
     <TABNAME>ZEFI_BAPI3007_2</TABNAME>
     <FIELDNAME>UMSKZ</FIELDNAME>
     <CHECKTABLE>T074U</CHECKTABLE>
    </DD08V>
    <DD08V>
     <TABNAME>ZEFI_BAPI3007_2</TABNAME>
     <FIELDNAME>UZAWE</FIELDNAME>
     <CHECKTABLE>T042F</CHECKTABLE>
    </DD08V>
    <DD08V>
     <TABNAME>ZEFI_BAPI3007_2</TABNAME>
     <FIELDNAME>WAERS</FIELDNAME>
     <CHECKTABLE>TCURC</CHECKTABLE>
    </DD08V>
    <DD08V>
     <TABNAME>ZEFI_BAPI3007_2</TABNAME>
     <FIELDNAME>WSTKZ</FIELDNAME>
     <CHECKTABLE>T046</CHECKTABLE>
    </DD08V>
    <DD08V>
     <TABNAME>ZEFI_BAPI3007_2</TABNAME>
     <FIELDNAME>ZLSCH</FIELDNAME>
     <CHECKTABLE>T042Z</CHECKTABLE>
    </DD08V>
    <DD08V>
     <TABNAME>ZEFI_BAPI3007_2</TABNAME>
     <FIELDNAME>ZLSPR</FIELDNAME>
     <CHECKTABLE>T008</CHECKTABLE>
    </DD08V>
   </DD08V_TABLE>
  </asx:values>
 </asx:abap>
</abapGit>
