﻿<?xml version="1.0" encoding="utf-8"?>
<abapGit version="v1.0.0" serializer="LCL_OBJECT_TABL" serializer_version="v1.0.0">
 <asx:abap xmlns:asx="http://www.sap.com/abapxml" version="1.0">
  <asx:values>
   <DD02V>
    <TABNAME>ZEFI_BAPI3008_2</TABNAME>
    <DDLANGUAGE>P</DDLANGUAGE>
    <TABCLASS>INTTAB</TABCLASS>
    <DDTEXT>Estrutura de transferência 1008/Creditor/part.indiv.</DDTEXT>
    <MASTERLANG>D</MASTERLANG>
    <EXCLASS>3</EXCLASS>
   </DD02V>
   <DD03P_TABLE>
    <DD03P>
     <TABNAME>ZEFI_BAPI3008_2</TABNAME>
     <FIELDNAME>COMP_CODE</FIELDNAME>
     <POSITION>0001</POSITION>
     <ROLLNAME>BUKRS</ROLLNAME>
     <CHECKTABLE>T001</CHECKTABLE>
     <ADMINFIELD>0</ADMINFIELD>
     <SHLPORIGIN>P</SHLPORIGIN>
     <SHLPNAME>C_T001</SHLPNAME>
     <SHLPFIELD>BUKRS</SHLPFIELD>
     <COMPTYPE>E</COMPTYPE>
    </DD03P>
    <DD03P>
     <TABNAME>ZEFI_BAPI3008_2</TABNAME>
     <FIELDNAME>VENDOR</FIELDNAME>
     <POSITION>0002</POSITION>
     <ROLLNAME>LIFNR</ROLLNAME>
     <CHECKTABLE>LFA1</CHECKTABLE>
     <ADMINFIELD>0</ADMINFIELD>
     <SHLPORIGIN>P</SHLPORIGIN>
     <SHLPNAME>KRED_C</SHLPNAME>
     <SHLPFIELD>LIFNR</SHLPFIELD>
     <COMPTYPE>E</COMPTYPE>
    </DD03P>
    <DD03P>
     <TABNAME>ZEFI_BAPI3008_2</TABNAME>
     <FIELDNAME>SP_GL_IND</FIELDNAME>
     <POSITION>0003</POSITION>
     <ROLLNAME>UMSKZ</ROLLNAME>
     <CHECKTABLE>T074U</CHECKTABLE>
     <ADMINFIELD>0</ADMINFIELD>
     <SHLPORIGIN>P</SHLPORIGIN>
     <COMPTYPE>E</COMPTYPE>
    </DD03P>
    <DD03P>
     <TABNAME>ZEFI_BAPI3008_2</TABNAME>
     <FIELDNAME>CLEAR_DATE</FIELDNAME>
     <POSITION>0004</POSITION>
     <ROLLNAME>AUGDT</ROLLNAME>
     <ADMINFIELD>0</ADMINFIELD>
     <SHLPORIGIN>T</SHLPORIGIN>
     <COMPTYPE>E</COMPTYPE>
    </DD03P>
    <DD03P>
     <TABNAME>ZEFI_BAPI3008_2</TABNAME>
     <FIELDNAME>CLR_DOC_NO</FIELDNAME>
     <POSITION>0005</POSITION>
     <ROLLNAME>AUGBL</ROLLNAME>
     <ADMINFIELD>0</ADMINFIELD>
     <COMPTYPE>E</COMPTYPE>
    </DD03P>
    <DD03P>
     <TABNAME>ZEFI_BAPI3008_2</TABNAME>
     <FIELDNAME>ALLOC_NMBR</FIELDNAME>
     <POSITION>0006</POSITION>
     <ROLLNAME>DZUONR</ROLLNAME>
     <ADMINFIELD>0</ADMINFIELD>
     <COMPTYPE>E</COMPTYPE>
    </DD03P>
    <DD03P>
     <TABNAME>ZEFI_BAPI3008_2</TABNAME>
     <FIELDNAME>FISC_YEAR</FIELDNAME>
     <POSITION>0007</POSITION>
     <ROLLNAME>GJAHR</ROLLNAME>
     <ADMINFIELD>0</ADMINFIELD>
     <COMPTYPE>E</COMPTYPE>
    </DD03P>
    <DD03P>
     <TABNAME>ZEFI_BAPI3008_2</TABNAME>
     <FIELDNAME>DOC_NO</FIELDNAME>
     <POSITION>0008</POSITION>
     <ROLLNAME>BELNR_D</ROLLNAME>
     <ADMINFIELD>0</ADMINFIELD>
     <COMPTYPE>E</COMPTYPE>
    </DD03P>
    <DD03P>
     <TABNAME>ZEFI_BAPI3008_2</TABNAME>
     <FIELDNAME>ITEM_NUM</FIELDNAME>
     <POSITION>0009</POSITION>
     <ROLLNAME>BUZEI</ROLLNAME>
     <ADMINFIELD>0</ADMINFIELD>
     <COMPTYPE>E</COMPTYPE>
    </DD03P>
    <DD03P>
     <TABNAME>ZEFI_BAPI3008_2</TABNAME>
     <FIELDNAME>PSTNG_DATE</FIELDNAME>
     <POSITION>0010</POSITION>
     <ROLLNAME>BUDAT</ROLLNAME>
     <ADMINFIELD>0</ADMINFIELD>
     <SHLPORIGIN>T</SHLPORIGIN>
     <COMPTYPE>E</COMPTYPE>
    </DD03P>
    <DD03P>
     <TABNAME>ZEFI_BAPI3008_2</TABNAME>
     <FIELDNAME>DOC_DATE</FIELDNAME>
     <POSITION>0011</POSITION>
     <ROLLNAME>BLDAT</ROLLNAME>
     <ADMINFIELD>0</ADMINFIELD>
     <SHLPORIGIN>T</SHLPORIGIN>
     <COMPTYPE>E</COMPTYPE>
    </DD03P>
    <DD03P>
     <TABNAME>ZEFI_BAPI3008_2</TABNAME>
     <FIELDNAME>ENTRY_DATE</FIELDNAME>
     <POSITION>0012</POSITION>
     <ROLLNAME>CPUDT</ROLLNAME>
     <ADMINFIELD>0</ADMINFIELD>
     <SHLPORIGIN>T</SHLPORIGIN>
     <COMPTYPE>E</COMPTYPE>
    </DD03P>
    <DD03P>
     <TABNAME>ZEFI_BAPI3008_2</TABNAME>
     <FIELDNAME>CURRENCY</FIELDNAME>
     <POSITION>0013</POSITION>
     <ROLLNAME>WAERS</ROLLNAME>
     <CHECKTABLE>TCURC</CHECKTABLE>
     <ADMINFIELD>0</ADMINFIELD>
     <SHLPORIGIN>P</SHLPORIGIN>
     <COMPTYPE>E</COMPTYPE>
    </DD03P>
    <DD03P>
     <TABNAME>ZEFI_BAPI3008_2</TABNAME>
     <FIELDNAME>LOC_CURRCY</FIELDNAME>
     <POSITION>0014</POSITION>
     <ROLLNAME>HWAER</ROLLNAME>
     <CHECKTABLE>TCURC</CHECKTABLE>
     <ADMINFIELD>0</ADMINFIELD>
     <SHLPORIGIN>P</SHLPORIGIN>
     <COMPTYPE>E</COMPTYPE>
    </DD03P>
    <DD03P>
     <TABNAME>ZEFI_BAPI3008_2</TABNAME>
     <FIELDNAME>REF_DOC_NO</FIELDNAME>
     <POSITION>0015</POSITION>
     <ROLLNAME>XBLNR</ROLLNAME>
     <ADMINFIELD>0</ADMINFIELD>
     <COMPTYPE>E</COMPTYPE>
    </DD03P>
    <DD03P>
     <TABNAME>ZEFI_BAPI3008_2</TABNAME>
     <FIELDNAME>DOC_TYPE</FIELDNAME>
     <POSITION>0016</POSITION>
     <ROLLNAME>BLART</ROLLNAME>
     <CHECKTABLE>T003</CHECKTABLE>
     <ADMINFIELD>0</ADMINFIELD>
     <SHLPORIGIN>P</SHLPORIGIN>
     <COMPTYPE>E</COMPTYPE>
    </DD03P>
    <DD03P>
     <TABNAME>ZEFI_BAPI3008_2</TABNAME>
     <FIELDNAME>FIS_PERIOD</FIELDNAME>
     <POSITION>0017</POSITION>
     <ROLLNAME>MONAT</ROLLNAME>
     <ADMINFIELD>0</ADMINFIELD>
     <COMPTYPE>E</COMPTYPE>
    </DD03P>
    <DD03P>
     <TABNAME>ZEFI_BAPI3008_2</TABNAME>
     <FIELDNAME>POST_KEY</FIELDNAME>
     <POSITION>0018</POSITION>
     <ROLLNAME>BSCHL</ROLLNAME>
     <CHECKTABLE>TBSL</CHECKTABLE>
     <ADMINFIELD>0</ADMINFIELD>
     <SHLPORIGIN>P</SHLPORIGIN>
     <COMPTYPE>E</COMPTYPE>
    </DD03P>
    <DD03P>
     <TABNAME>ZEFI_BAPI3008_2</TABNAME>
     <FIELDNAME>DB_CR_IND</FIELDNAME>
     <POSITION>0019</POSITION>
     <ROLLNAME>SHKZG</ROLLNAME>
     <ADMINFIELD>0</ADMINFIELD>
     <VALEXI>X</VALEXI>
     <SHLPORIGIN>F</SHLPORIGIN>
     <COMPTYPE>E</COMPTYPE>
    </DD03P>
    <DD03P>
     <TABNAME>ZEFI_BAPI3008_2</TABNAME>
     <FIELDNAME>BUS_AREA</FIELDNAME>
     <POSITION>0020</POSITION>
     <ROLLNAME>GSBER</ROLLNAME>
     <CHECKTABLE>TGSB</CHECKTABLE>
     <ADMINFIELD>0</ADMINFIELD>
     <SHLPORIGIN>P</SHLPORIGIN>
     <COMPTYPE>E</COMPTYPE>
    </DD03P>
    <DD03P>
     <TABNAME>ZEFI_BAPI3008_2</TABNAME>
     <FIELDNAME>TAX_CODE</FIELDNAME>
     <POSITION>0021</POSITION>
     <ROLLNAME>MWSKZ</ROLLNAME>
     <ADMINFIELD>0</ADMINFIELD>
     <COMPTYPE>E</COMPTYPE>
    </DD03P>
    <DD03P>
     <TABNAME>ZEFI_BAPI3008_2</TABNAME>
     <FIELDNAME>LC_AMOUNT</FIELDNAME>
     <POSITION>0022</POSITION>
     <ROLLNAME>BAPIDMBTR</ROLLNAME>
     <ADMINFIELD>0</ADMINFIELD>
     <COMPTYPE>E</COMPTYPE>
    </DD03P>
    <DD03P>
     <TABNAME>ZEFI_BAPI3008_2</TABNAME>
     <FIELDNAME>AMT_DOCCUR</FIELDNAME>
     <POSITION>0023</POSITION>
     <ROLLNAME>BAPIWRBTR</ROLLNAME>
     <ADMINFIELD>0</ADMINFIELD>
     <COMPTYPE>E</COMPTYPE>
    </DD03P>
    <DD03P>
     <TABNAME>ZEFI_BAPI3008_2</TABNAME>
     <FIELDNAME>LC_TAX</FIELDNAME>
     <POSITION>0024</POSITION>
     <ROLLNAME>BAPIMWSTS</ROLLNAME>
     <ADMINFIELD>0</ADMINFIELD>
     <COMPTYPE>E</COMPTYPE>
    </DD03P>
    <DD03P>
     <TABNAME>ZEFI_BAPI3008_2</TABNAME>
     <FIELDNAME>TX_DOC_CUR</FIELDNAME>
     <POSITION>0025</POSITION>
     <ROLLNAME>BAPIWMWST</ROLLNAME>
     <ADMINFIELD>0</ADMINFIELD>
     <COMPTYPE>E</COMPTYPE>
    </DD03P>
    <DD03P>
     <TABNAME>ZEFI_BAPI3008_2</TABNAME>
     <FIELDNAME>ITEM_TEXT</FIELDNAME>
     <POSITION>0026</POSITION>
     <ROLLNAME>SGTXT</ROLLNAME>
     <ADMINFIELD>0</ADMINFIELD>
     <COMPTYPE>E</COMPTYPE>
    </DD03P>
    <DD03P>
     <TABNAME>ZEFI_BAPI3008_2</TABNAME>
     <FIELDNAME>BRANCH</FIELDNAME>
     <POSITION>0027</POSITION>
     <ROLLNAME>FILKD</ROLLNAME>
     <ADMINFIELD>0</ADMINFIELD>
     <COMPTYPE>E</COMPTYPE>
    </DD03P>
    <DD03P>
     <TABNAME>ZEFI_BAPI3008_2</TABNAME>
     <FIELDNAME>BLINE_DATE</FIELDNAME>
     <POSITION>0028</POSITION>
     <ROLLNAME>DZFBDT</ROLLNAME>
     <ADMINFIELD>0</ADMINFIELD>
     <SHLPORIGIN>T</SHLPORIGIN>
     <COMPTYPE>E</COMPTYPE>
    </DD03P>
    <DD03P>
     <TABNAME>ZEFI_BAPI3008_2</TABNAME>
     <FIELDNAME>PMNTTRMS</FIELDNAME>
     <POSITION>0029</POSITION>
     <ROLLNAME>DZTERM</ROLLNAME>
     <ADMINFIELD>0</ADMINFIELD>
     <COMPTYPE>E</COMPTYPE>
    </DD03P>
    <DD03P>
     <TABNAME>ZEFI_BAPI3008_2</TABNAME>
     <FIELDNAME>DSCT_DAYS1</FIELDNAME>
     <POSITION>0030</POSITION>
     <ROLLNAME>DZBD1T</ROLLNAME>
     <ADMINFIELD>0</ADMINFIELD>
     <COMPTYPE>E</COMPTYPE>
    </DD03P>
    <DD03P>
     <TABNAME>ZEFI_BAPI3008_2</TABNAME>
     <FIELDNAME>DSCT_DAYS2</FIELDNAME>
     <POSITION>0031</POSITION>
     <ROLLNAME>DZBD2T</ROLLNAME>
     <ADMINFIELD>0</ADMINFIELD>
     <COMPTYPE>E</COMPTYPE>
    </DD03P>
    <DD03P>
     <TABNAME>ZEFI_BAPI3008_2</TABNAME>
     <FIELDNAME>NETTERMS</FIELDNAME>
     <POSITION>0032</POSITION>
     <ROLLNAME>DZBD3T</ROLLNAME>
     <ADMINFIELD>0</ADMINFIELD>
     <COMPTYPE>E</COMPTYPE>
    </DD03P>
    <DD03P>
     <TABNAME>ZEFI_BAPI3008_2</TABNAME>
     <FIELDNAME>DSCT_PCT1</FIELDNAME>
     <POSITION>0033</POSITION>
     <ROLLNAME>DZBD1P</ROLLNAME>
     <ADMINFIELD>0</ADMINFIELD>
     <COMPTYPE>E</COMPTYPE>
    </DD03P>
    <DD03P>
     <TABNAME>ZEFI_BAPI3008_2</TABNAME>
     <FIELDNAME>DSCT_PCT2</FIELDNAME>
     <POSITION>0034</POSITION>
     <ROLLNAME>DZBD2P</ROLLNAME>
     <ADMINFIELD>0</ADMINFIELD>
     <COMPTYPE>E</COMPTYPE>
    </DD03P>
    <DD03P>
     <TABNAME>ZEFI_BAPI3008_2</TABNAME>
     <FIELDNAME>DISC_BASE</FIELDNAME>
     <POSITION>0035</POSITION>
     <ROLLNAME>BAPISKFBT</ROLLNAME>
     <ADMINFIELD>0</ADMINFIELD>
     <COMPTYPE>E</COMPTYPE>
    </DD03P>
    <DD03P>
     <TABNAME>ZEFI_BAPI3008_2</TABNAME>
     <FIELDNAME>DSC_AMT_LC</FIELDNAME>
     <POSITION>0036</POSITION>
     <ROLLNAME>BAPISKNTO</ROLLNAME>
     <ADMINFIELD>0</ADMINFIELD>
     <COMPTYPE>E</COMPTYPE>
    </DD03P>
    <DD03P>
     <TABNAME>ZEFI_BAPI3008_2</TABNAME>
     <FIELDNAME>DSC_AMT_DC</FIELDNAME>
     <POSITION>0037</POSITION>
     <ROLLNAME>BAPIWSKTO</ROLLNAME>
     <ADMINFIELD>0</ADMINFIELD>
     <COMPTYPE>E</COMPTYPE>
    </DD03P>
    <DD03P>
     <TABNAME>ZEFI_BAPI3008_2</TABNAME>
     <FIELDNAME>PYMT_METH</FIELDNAME>
     <POSITION>0038</POSITION>
     <ROLLNAME>DZLSCH</ROLLNAME>
     <CHECKTABLE>T042Z</CHECKTABLE>
     <ADMINFIELD>0</ADMINFIELD>
     <SHLPORIGIN>P</SHLPORIGIN>
     <COMPTYPE>E</COMPTYPE>
    </DD03P>
    <DD03P>
     <TABNAME>ZEFI_BAPI3008_2</TABNAME>
     <FIELDNAME>PMNT_BLOCK</FIELDNAME>
     <POSITION>0039</POSITION>
     <ROLLNAME>DZLSPR</ROLLNAME>
     <CHECKTABLE>T008</CHECKTABLE>
     <ADMINFIELD>0</ADMINFIELD>
     <SHLPORIGIN>P</SHLPORIGIN>
     <COMPTYPE>E</COMPTYPE>
    </DD03P>
    <DD03P>
     <TABNAME>ZEFI_BAPI3008_2</TABNAME>
     <FIELDNAME>FIXEDTERMS</FIELDNAME>
     <POSITION>0040</POSITION>
     <ROLLNAME>DZBFIX</ROLLNAME>
     <ADMINFIELD>0</ADMINFIELD>
     <VALEXI>X</VALEXI>
     <SHLPORIGIN>F</SHLPORIGIN>
     <COMPTYPE>E</COMPTYPE>
    </DD03P>
    <DD03P>
     <TABNAME>ZEFI_BAPI3008_2</TABNAME>
     <FIELDNAME>INV_REF</FIELDNAME>
     <POSITION>0041</POSITION>
     <ROLLNAME>REBZG</ROLLNAME>
     <ADMINFIELD>0</ADMINFIELD>
     <COMPTYPE>E</COMPTYPE>
    </DD03P>
    <DD03P>
     <TABNAME>ZEFI_BAPI3008_2</TABNAME>
     <FIELDNAME>INV_YEAR</FIELDNAME>
     <POSITION>0042</POSITION>
     <ROLLNAME>REBZJ</ROLLNAME>
     <ADMINFIELD>0</ADMINFIELD>
     <COMPTYPE>E</COMPTYPE>
    </DD03P>
    <DD03P>
     <TABNAME>ZEFI_BAPI3008_2</TABNAME>
     <FIELDNAME>INV_ITEM</FIELDNAME>
     <POSITION>0043</POSITION>
     <ROLLNAME>REBZZ</ROLLNAME>
     <ADMINFIELD>0</ADMINFIELD>
     <COMPTYPE>E</COMPTYPE>
    </DD03P>
    <DD03P>
     <TABNAME>ZEFI_BAPI3008_2</TABNAME>
     <FIELDNAME>DUNN_BLOCK</FIELDNAME>
     <POSITION>0044</POSITION>
     <ROLLNAME>MANSP</ROLLNAME>
     <CHECKTABLE>T040S</CHECKTABLE>
     <ADMINFIELD>0</ADMINFIELD>
     <SHLPORIGIN>P</SHLPORIGIN>
     <COMPTYPE>E</COMPTYPE>
    </DD03P>
    <DD03P>
     <TABNAME>ZEFI_BAPI3008_2</TABNAME>
     <FIELDNAME>DUNN_KEY</FIELDNAME>
     <POSITION>0045</POSITION>
     <ROLLNAME>MSCHL</ROLLNAME>
     <CHECKTABLE>T040</CHECKTABLE>
     <ADMINFIELD>0</ADMINFIELD>
     <SHLPORIGIN>P</SHLPORIGIN>
     <COMPTYPE>E</COMPTYPE>
    </DD03P>
    <DD03P>
     <TABNAME>ZEFI_BAPI3008_2</TABNAME>
     <FIELDNAME>LAST_DUNN</FIELDNAME>
     <POSITION>0046</POSITION>
     <ROLLNAME>MADAT</ROLLNAME>
     <ADMINFIELD>0</ADMINFIELD>
     <SHLPORIGIN>T</SHLPORIGIN>
     <COMPTYPE>E</COMPTYPE>
    </DD03P>
    <DD03P>
     <TABNAME>ZEFI_BAPI3008_2</TABNAME>
     <FIELDNAME>DUNN_LEVEL</FIELDNAME>
     <POSITION>0047</POSITION>
     <ROLLNAME>MAHNS_D</ROLLNAME>
     <ADMINFIELD>0</ADMINFIELD>
     <COMPTYPE>E</COMPTYPE>
    </DD03P>
    <DD03P>
     <TABNAME>ZEFI_BAPI3008_2</TABNAME>
     <FIELDNAME>DUNN_AREA</FIELDNAME>
     <POSITION>0048</POSITION>
     <ROLLNAME>MABER</ROLLNAME>
     <CHECKTABLE>T047M</CHECKTABLE>
     <ADMINFIELD>0</ADMINFIELD>
     <SHLPORIGIN>P</SHLPORIGIN>
     <COMPTYPE>E</COMPTYPE>
    </DD03P>
    <DD03P>
     <TABNAME>ZEFI_BAPI3008_2</TABNAME>
     <FIELDNAME>W_TAX_CODE</FIELDNAME>
     <POSITION>0049</POSITION>
     <ROLLNAME>QSSKZ</ROLLNAME>
     <CHECKTABLE>T059Q</CHECKTABLE>
     <ADMINFIELD>0</ADMINFIELD>
     <SHLPORIGIN>P</SHLPORIGIN>
     <COMPTYPE>E</COMPTYPE>
    </DD03P>
    <DD03P>
     <TABNAME>ZEFI_BAPI3008_2</TABNAME>
     <FIELDNAME>W_TAX_BASE</FIELDNAME>
     <POSITION>0050</POSITION>
     <ROLLNAME>BAPIQSSHB</ROLLNAME>
     <ADMINFIELD>0</ADMINFIELD>
     <COMPTYPE>E</COMPTYPE>
    </DD03P>
    <DD03P>
     <TABNAME>ZEFI_BAPI3008_2</TABNAME>
     <FIELDNAME>WI_TAX_AMT</FIELDNAME>
     <POSITION>0051</POSITION>
     <ROLLNAME>BAPIQBSHB</ROLLNAME>
     <ADMINFIELD>0</ADMINFIELD>
     <COMPTYPE>E</COMPTYPE>
    </DD03P>
    <DD03P>
     <TABNAME>ZEFI_BAPI3008_2</TABNAME>
     <FIELDNAME>DOC_STATUS</FIELDNAME>
     <POSITION>0052</POSITION>
     <ROLLNAME>BSTAT_D</ROLLNAME>
     <ADMINFIELD>0</ADMINFIELD>
     <VALEXI>X</VALEXI>
     <SHLPORIGIN>F</SHLPORIGIN>
     <COMPTYPE>E</COMPTYPE>
    </DD03P>
    <DD03P>
     <TABNAME>ZEFI_BAPI3008_2</TABNAME>
     <FIELDNAME>NXT_DOCTYP</FIELDNAME>
     <POSITION>0053</POSITION>
     <ROLLNAME>REBZT</ROLLNAME>
     <ADMINFIELD>0</ADMINFIELD>
     <COMPTYPE>E</COMPTYPE>
    </DD03P>
    <DD03P>
     <TABNAME>ZEFI_BAPI3008_2</TABNAME>
     <FIELDNAME>VAT_REG_NO</FIELDNAME>
     <POSITION>0054</POSITION>
     <ROLLNAME>STCEG</ROLLNAME>
     <ADMINFIELD>0</ADMINFIELD>
     <COMPTYPE>E</COMPTYPE>
    </DD03P>
    <DD03P>
     <TABNAME>ZEFI_BAPI3008_2</TABNAME>
     <FIELDNAME>EXEMPT_NO</FIELDNAME>
     <POSITION>0055</POSITION>
     <ROLLNAME>QSZNR</ROLLNAME>
     <ADMINFIELD>0</ADMINFIELD>
     <COMPTYPE>E</COMPTYPE>
    </DD03P>
    <DD03P>
     <TABNAME>ZEFI_BAPI3008_2</TABNAME>
     <FIELDNAME>W_TAX_EXPT</FIELDNAME>
     <POSITION>0056</POSITION>
     <ROLLNAME>BAPIQSFBT</ROLLNAME>
     <ADMINFIELD>0</ADMINFIELD>
     <COMPTYPE>E</COMPTYPE>
    </DD03P>
    <DD03P>
     <TABNAME>ZEFI_BAPI3008_2</TABNAME>
     <FIELDNAME>REASON_CDE</FIELDNAME>
     <POSITION>0057</POSITION>
     <ROLLNAME>RSTGR</ROLLNAME>
     <CHECKTABLE>T053R</CHECKTABLE>
     <ADMINFIELD>0</ADMINFIELD>
     <SHLPORIGIN>P</SHLPORIGIN>
     <COMPTYPE>E</COMPTYPE>
    </DD03P>
    <DD03P>
     <TABNAME>ZEFI_BAPI3008_2</TABNAME>
     <FIELDNAME>PMTMTHSUPL</FIELDNAME>
     <POSITION>0058</POSITION>
     <ROLLNAME>UZAWE</ROLLNAME>
     <CHECKTABLE>T042F</CHECKTABLE>
     <ADMINFIELD>0</ADMINFIELD>
     <SHLPORIGIN>P</SHLPORIGIN>
     <COMPTYPE>E</COMPTYPE>
    </DD03P>
    <DD03P>
     <TABNAME>ZEFI_BAPI3008_2</TABNAME>
     <FIELDNAME>REF_KEY_1</FIELDNAME>
     <POSITION>0059</POSITION>
     <ROLLNAME>XREF1</ROLLNAME>
     <ADMINFIELD>0</ADMINFIELD>
     <COMPTYPE>E</COMPTYPE>
    </DD03P>
    <DD03P>
     <TABNAME>ZEFI_BAPI3008_2</TABNAME>
     <FIELDNAME>REF_KEY_2</FIELDNAME>
     <POSITION>0060</POSITION>
     <ROLLNAME>XREF2</ROLLNAME>
     <ADMINFIELD>0</ADMINFIELD>
     <COMPTYPE>E</COMPTYPE>
    </DD03P>
    <DD03P>
     <TABNAME>ZEFI_BAPI3008_2</TABNAME>
     <FIELDNAME>T_CURRENCY</FIELDNAME>
     <POSITION>0061</POSITION>
     <ROLLNAME>PSWSL</ROLLNAME>
     <CHECKTABLE>TCURC</CHECKTABLE>
     <ADMINFIELD>0</ADMINFIELD>
     <SHLPORIGIN>P</SHLPORIGIN>
     <COMPTYPE>E</COMPTYPE>
    </DD03P>
    <DD03P>
     <TABNAME>ZEFI_BAPI3008_2</TABNAME>
     <FIELDNAME>AMOUNT</FIELDNAME>
     <POSITION>0062</POSITION>
     <ROLLNAME>BAPIPSWBT</ROLLNAME>
     <ADMINFIELD>0</ADMINFIELD>
     <COMPTYPE>E</COMPTYPE>
    </DD03P>
    <DD03P>
     <TABNAME>ZEFI_BAPI3008_2</TABNAME>
     <FIELDNAME>NET_AMOUNT</FIELDNAME>
     <POSITION>0063</POSITION>
     <ROLLNAME>BAPINEBTR</ROLLNAME>
     <ADMINFIELD>0</ADMINFIELD>
     <COMPTYPE>E</COMPTYPE>
    </DD03P>
    <DD03P>
     <TABNAME>ZEFI_BAPI3008_2</TABNAME>
     <FIELDNAME>NAME</FIELDNAME>
     <POSITION>0064</POSITION>
     <ROLLNAME>NAME1_GP</ROLLNAME>
     <ADMINFIELD>0</ADMINFIELD>
     <COMPTYPE>E</COMPTYPE>
    </DD03P>
    <DD03P>
     <TABNAME>ZEFI_BAPI3008_2</TABNAME>
     <FIELDNAME>NAME_2</FIELDNAME>
     <POSITION>0065</POSITION>
     <ROLLNAME>NAME2_GP</ROLLNAME>
     <ADMINFIELD>0</ADMINFIELD>
     <COMPTYPE>E</COMPTYPE>
    </DD03P>
    <DD03P>
     <TABNAME>ZEFI_BAPI3008_2</TABNAME>
     <FIELDNAME>NAME_3</FIELDNAME>
     <POSITION>0066</POSITION>
     <ROLLNAME>NAME3_GP</ROLLNAME>
     <ADMINFIELD>0</ADMINFIELD>
     <COMPTYPE>E</COMPTYPE>
    </DD03P>
    <DD03P>
     <TABNAME>ZEFI_BAPI3008_2</TABNAME>
     <FIELDNAME>NAME_4</FIELDNAME>
     <POSITION>0067</POSITION>
     <ROLLNAME>NAME4_GP</ROLLNAME>
     <ADMINFIELD>0</ADMINFIELD>
     <COMPTYPE>E</COMPTYPE>
    </DD03P>
    <DD03P>
     <TABNAME>ZEFI_BAPI3008_2</TABNAME>
     <FIELDNAME>POSTL_CODE</FIELDNAME>
     <POSITION>0068</POSITION>
     <ROLLNAME>PSTLZ</ROLLNAME>
     <ADMINFIELD>0</ADMINFIELD>
     <COMPTYPE>E</COMPTYPE>
    </DD03P>
    <DD03P>
     <TABNAME>ZEFI_BAPI3008_2</TABNAME>
     <FIELDNAME>CITY</FIELDNAME>
     <POSITION>0069</POSITION>
     <ROLLNAME>ORT01_GP</ROLLNAME>
     <ADMINFIELD>0</ADMINFIELD>
     <COMPTYPE>E</COMPTYPE>
    </DD03P>
    <DD03P>
     <TABNAME>ZEFI_BAPI3008_2</TABNAME>
     <FIELDNAME>COUNTRY</FIELDNAME>
     <POSITION>0070</POSITION>
     <ROLLNAME>LAND1_GP</ROLLNAME>
     <CHECKTABLE>T005</CHECKTABLE>
     <ADMINFIELD>0</ADMINFIELD>
     <SHLPORIGIN>P</SHLPORIGIN>
     <SHLPNAME>C_LAND1</SHLPNAME>
     <SHLPFIELD>LAND1</SHLPFIELD>
     <COMPTYPE>E</COMPTYPE>
    </DD03P>
    <DD03P>
     <TABNAME>ZEFI_BAPI3008_2</TABNAME>
     <FIELDNAME>STREET</FIELDNAME>
     <POSITION>0071</POSITION>
     <ROLLNAME>STRAS_GP</ROLLNAME>
     <ADMINFIELD>0</ADMINFIELD>
     <COMPTYPE>E</COMPTYPE>
    </DD03P>
    <DD03P>
     <TABNAME>ZEFI_BAPI3008_2</TABNAME>
     <FIELDNAME>PO_BOX</FIELDNAME>
     <POSITION>0072</POSITION>
     <ROLLNAME>PFACH</ROLLNAME>
     <ADMINFIELD>0</ADMINFIELD>
     <COMPTYPE>E</COMPTYPE>
    </DD03P>
    <DD03P>
     <TABNAME>ZEFI_BAPI3008_2</TABNAME>
     <FIELDNAME>POBX_PCD</FIELDNAME>
     <POSITION>0073</POSITION>
     <ROLLNAME>PSTL2</ROLLNAME>
     <ADMINFIELD>0</ADMINFIELD>
     <COMPTYPE>E</COMPTYPE>
    </DD03P>
    <DD03P>
     <TABNAME>ZEFI_BAPI3008_2</TABNAME>
     <FIELDNAME>POBK_CURAC</FIELDNAME>
     <POSITION>0074</POSITION>
     <ROLLNAME>PSKTO</ROLLNAME>
     <ADMINFIELD>0</ADMINFIELD>
     <COMPTYPE>E</COMPTYPE>
    </DD03P>
    <DD03P>
     <TABNAME>ZEFI_BAPI3008_2</TABNAME>
     <FIELDNAME>BANK_ACCT</FIELDNAME>
     <POSITION>0075</POSITION>
     <ROLLNAME>BANKN</ROLLNAME>
     <ADMINFIELD>0</ADMINFIELD>
     <COMPTYPE>E</COMPTYPE>
    </DD03P>
    <DD03P>
     <TABNAME>ZEFI_BAPI3008_2</TABNAME>
     <FIELDNAME>BANK_KEY</FIELDNAME>
     <POSITION>0076</POSITION>
     <ROLLNAME>BANKK</ROLLNAME>
     <ADMINFIELD>0</ADMINFIELD>
     <COMPTYPE>E</COMPTYPE>
    </DD03P>
    <DD03P>
     <TABNAME>ZEFI_BAPI3008_2</TABNAME>
     <FIELDNAME>BANK_CTRY</FIELDNAME>
     <POSITION>0077</POSITION>
     <ROLLNAME>BANKS</ROLLNAME>
     <CHECKTABLE>T005</CHECKTABLE>
     <ADMINFIELD>0</ADMINFIELD>
     <SHLPORIGIN>P</SHLPORIGIN>
     <COMPTYPE>E</COMPTYPE>
    </DD03P>
    <DD03P>
     <TABNAME>ZEFI_BAPI3008_2</TABNAME>
     <FIELDNAME>TAX_NO_1</FIELDNAME>
     <POSITION>0078</POSITION>
     <ROLLNAME>STCD1</ROLLNAME>
     <ADMINFIELD>0</ADMINFIELD>
     <COMPTYPE>E</COMPTYPE>
    </DD03P>
    <DD03P>
     <TABNAME>ZEFI_BAPI3008_2</TABNAME>
     <FIELDNAME>TAX_NO_2</FIELDNAME>
     <POSITION>0079</POSITION>
     <ROLLNAME>STCD2</ROLLNAME>
     <ADMINFIELD>0</ADMINFIELD>
     <COMPTYPE>E</COMPTYPE>
    </DD03P>
    <DD03P>
     <TABNAME>ZEFI_BAPI3008_2</TABNAME>
     <FIELDNAME>TAX</FIELDNAME>
     <POSITION>0080</POSITION>
     <ROLLNAME>STKZU</ROLLNAME>
     <ADMINFIELD>0</ADMINFIELD>
     <VALEXI>X</VALEXI>
     <SHLPORIGIN>F</SHLPORIGIN>
     <COMPTYPE>E</COMPTYPE>
    </DD03P>
    <DD03P>
     <TABNAME>ZEFI_BAPI3008_2</TABNAME>
     <FIELDNAME>EQUAL_TAX</FIELDNAME>
     <POSITION>0081</POSITION>
     <ROLLNAME>STKZA</ROLLNAME>
     <ADMINFIELD>0</ADMINFIELD>
     <VALEXI>X</VALEXI>
     <SHLPORIGIN>F</SHLPORIGIN>
     <COMPTYPE>E</COMPTYPE>
    </DD03P>
    <DD03P>
     <TABNAME>ZEFI_BAPI3008_2</TABNAME>
     <FIELDNAME>REGION</FIELDNAME>
     <POSITION>0082</POSITION>
     <ROLLNAME>REGIO</ROLLNAME>
     <CHECKTABLE>T005S</CHECKTABLE>
     <ADMINFIELD>0</ADMINFIELD>
     <SHLPORIGIN>P</SHLPORIGIN>
     <COMPTYPE>E</COMPTYPE>
    </DD03P>
    <DD03P>
     <TABNAME>ZEFI_BAPI3008_2</TABNAME>
     <FIELDNAME>CTRL_KEY</FIELDNAME>
     <POSITION>0083</POSITION>
     <ROLLNAME>BKONT</ROLLNAME>
     <ADMINFIELD>0</ADMINFIELD>
     <COMPTYPE>E</COMPTYPE>
    </DD03P>
    <DD03P>
     <TABNAME>ZEFI_BAPI3008_2</TABNAME>
     <FIELDNAME>INSTR_KEY</FIELDNAME>
     <POSITION>0084</POSITION>
     <ROLLNAME>DTAWS</ROLLNAME>
     <CHECKTABLE>T015W</CHECKTABLE>
     <ADMINFIELD>0</ADMINFIELD>
     <SHLPORIGIN>P</SHLPORIGIN>
     <COMPTYPE>E</COMPTYPE>
    </DD03P>
    <DD03P>
     <TABNAME>ZEFI_BAPI3008_2</TABNAME>
     <FIELDNAME>PAYEE_CODE</FIELDNAME>
     <POSITION>0085</POSITION>
     <ROLLNAME>EMPFG</ROLLNAME>
     <ADMINFIELD>0</ADMINFIELD>
     <COMPTYPE>E</COMPTYPE>
    </DD03P>
    <DD03P>
     <TABNAME>ZEFI_BAPI3008_2</TABNAME>
     <FIELDNAME>LANGU</FIELDNAME>
     <POSITION>0086</POSITION>
     <ROLLNAME>SPRAS</ROLLNAME>
     <CHECKTABLE>T002</CHECKTABLE>
     <ADMINFIELD>0</ADMINFIELD>
     <SHLPORIGIN>P</SHLPORIGIN>
     <SHLPNAME>H_T002</SHLPNAME>
     <SHLPFIELD>SPRAS</SHLPFIELD>
     <COMPTYPE>E</COMPTYPE>
     <LANGUFLAG>X</LANGUFLAG>
    </DD03P>
    <DD03P>
     <TABNAME>ZEFI_BAPI3008_2</TABNAME>
     <FIELDNAME>BILL_LIFE</FIELDNAME>
     <POSITION>0087</POSITION>
     <ROLLNAME>WELGF</ROLLNAME>
     <ADMINFIELD>0</ADMINFIELD>
     <COMPTYPE>E</COMPTYPE>
    </DD03P>
    <DD03P>
     <TABNAME>ZEFI_BAPI3008_2</TABNAME>
     <FIELDNAME>BE_TAXCODE</FIELDNAME>
     <POSITION>0088</POSITION>
     <ROLLNAME>WSTKZ</ROLLNAME>
     <CHECKTABLE>T046</CHECKTABLE>
     <ADMINFIELD>0</ADMINFIELD>
     <SHLPORIGIN>P</SHLPORIGIN>
     <COMPTYPE>E</COMPTYPE>
    </DD03P>
    <DD03P>
     <TABNAME>ZEFI_BAPI3008_2</TABNAME>
     <FIELDNAME>BILLTAX_LC</FIELDNAME>
     <POSITION>0089</POSITION>
     <ROLLNAME>BAPIWSTHW</ROLLNAME>
     <ADMINFIELD>0</ADMINFIELD>
     <COMPTYPE>E</COMPTYPE>
    </DD03P>
    <DD03P>
     <TABNAME>ZEFI_BAPI3008_2</TABNAME>
     <FIELDNAME>BILLTAX_FC</FIELDNAME>
     <POSITION>0090</POSITION>
     <ROLLNAME>BAPIWSTFW</ROLLNAME>
     <ADMINFIELD>0</ADMINFIELD>
     <COMPTYPE>E</COMPTYPE>
    </DD03P>
    <DD03P>
     <TABNAME>ZEFI_BAPI3008_2</TABNAME>
     <FIELDNAME>LC_COL_CHG</FIELDNAME>
     <POSITION>0091</POSITION>
     <ROLLNAME>BAPIWINHW</ROLLNAME>
     <ADMINFIELD>0</ADMINFIELD>
     <COMPTYPE>E</COMPTYPE>
    </DD03P>
    <DD03P>
     <TABNAME>ZEFI_BAPI3008_2</TABNAME>
     <FIELDNAME>COLL_CHARG</FIELDNAME>
     <POSITION>0092</POSITION>
     <ROLLNAME>BAPIWINFW</ROLLNAME>
     <ADMINFIELD>0</ADMINFIELD>
     <COMPTYPE>E</COMPTYPE>
    </DD03P>
    <DD03P>
     <TABNAME>ZEFI_BAPI3008_2</TABNAME>
     <FIELDNAME>CHGS_TX_CD</FIELDNAME>
     <POSITION>0093</POSITION>
     <ROLLNAME>WMWKZ</ROLLNAME>
     <ADMINFIELD>0</ADMINFIELD>
     <COMPTYPE>E</COMPTYPE>
    </DD03P>
    <DD03P>
     <TABNAME>ZEFI_BAPI3008_2</TABNAME>
     <FIELDNAME>ISSUE_DATE</FIELDNAME>
     <POSITION>0094</POSITION>
     <ROLLNAME>WDATE</ROLLNAME>
     <ADMINFIELD>0</ADMINFIELD>
     <SHLPORIGIN>T</SHLPORIGIN>
     <COMPTYPE>E</COMPTYPE>
    </DD03P>
    <DD03P>
     <TABNAME>ZEFI_BAPI3008_2</TABNAME>
     <FIELDNAME>USAGEDATE</FIELDNAME>
     <POSITION>0095</POSITION>
     <ROLLNAME>WVERD</ROLLNAME>
     <ADMINFIELD>0</ADMINFIELD>
     <SHLPORIGIN>T</SHLPORIGIN>
     <COMPTYPE>E</COMPTYPE>
    </DD03P>
    <DD03P>
     <TABNAME>ZEFI_BAPI3008_2</TABNAME>
     <FIELDNAME>BILL_USAGE</FIELDNAME>
     <POSITION>0096</POSITION>
     <ROLLNAME>WEVWV</ROLLNAME>
     <ADMINFIELD>0</ADMINFIELD>
     <VALEXI>X</VALEXI>
     <SHLPORIGIN>F</SHLPORIGIN>
     <COMPTYPE>E</COMPTYPE>
    </DD03P>
    <DD03P>
     <TABNAME>ZEFI_BAPI3008_2</TABNAME>
     <FIELDNAME>DOMICILE</FIELDNAME>
     <POSITION>0097</POSITION>
     <ROLLNAME>WBANK</ROLLNAME>
     <ADMINFIELD>0</ADMINFIELD>
     <COMPTYPE>E</COMPTYPE>
    </DD03P>
    <DD03P>
     <TABNAME>ZEFI_BAPI3008_2</TABNAME>
     <FIELDNAME>DRAWER</FIELDNAME>
     <POSITION>0098</POSITION>
     <ROLLNAME>WNAME</ROLLNAME>
     <ADMINFIELD>0</ADMINFIELD>
     <COMPTYPE>E</COMPTYPE>
    </DD03P>
    <DD03P>
     <TABNAME>ZEFI_BAPI3008_2</TABNAME>
     <FIELDNAME>CTRBNK_LOC</FIELDNAME>
     <POSITION>0099</POSITION>
     <ROLLNAME>WLZBP</ROLLNAME>
     <ADMINFIELD>0</ADMINFIELD>
     <COMPTYPE>E</COMPTYPE>
    </DD03P>
    <DD03P>
     <TABNAME>ZEFI_BAPI3008_2</TABNAME>
     <FIELDNAME>DRAW_CITY1</FIELDNAME>
     <POSITION>0100</POSITION>
     <ROLLNAME>WORT1</ROLLNAME>
     <ADMINFIELD>0</ADMINFIELD>
     <COMPTYPE>E</COMPTYPE>
    </DD03P>
    <DD03P>
     <TABNAME>ZEFI_BAPI3008_2</TABNAME>
     <FIELDNAME>DRAWEE</FIELDNAME>
     <POSITION>0101</POSITION>
     <ROLLNAME>WBZOG</ROLLNAME>
     <ADMINFIELD>0</ADMINFIELD>
     <COMPTYPE>E</COMPTYPE>
    </DD03P>
    <DD03P>
     <TABNAME>ZEFI_BAPI3008_2</TABNAME>
     <FIELDNAME>DRAW_CITY2</FIELDNAME>
     <POSITION>0102</POSITION>
     <ROLLNAME>WORT2</ROLLNAME>
     <ADMINFIELD>0</ADMINFIELD>
     <COMPTYPE>E</COMPTYPE>
    </DD03P>
    <DD03P>
     <TABNAME>ZEFI_BAPI3008_2</TABNAME>
     <FIELDNAME>DISCT_DAYS</FIELDNAME>
     <POSITION>0103</POSITION>
     <ROLLNAME>DISKT</ROLLNAME>
     <ADMINFIELD>0</ADMINFIELD>
     <COMPTYPE>E</COMPTYPE>
    </DD03P>
    <DD03P>
     <TABNAME>ZEFI_BAPI3008_2</TABNAME>
     <FIELDNAME>DISCT_RATE</FIELDNAME>
     <POSITION>0104</POSITION>
     <ROLLNAME>DISKP</ROLLNAME>
     <ADMINFIELD>0</ADMINFIELD>
     <COMPTYPE>E</COMPTYPE>
    </DD03P>
    <DD03P>
     <TABNAME>ZEFI_BAPI3008_2</TABNAME>
     <FIELDNAME>ACCEPTED</FIELDNAME>
     <POSITION>0105</POSITION>
     <ROLLNAME>XAKTZ</ROLLNAME>
     <ADMINFIELD>0</ADMINFIELD>
     <VALEXI>X</VALEXI>
     <SHLPORIGIN>F</SHLPORIGIN>
     <COMPTYPE>E</COMPTYPE>
    </DD03P>
    <DD03P>
     <TABNAME>ZEFI_BAPI3008_2</TABNAME>
     <FIELDNAME>BILLSTATUS</FIELDNAME>
     <POSITION>0106</POSITION>
     <ROLLNAME>WSTAT</ROLLNAME>
     <CHECKTABLE>T031S</CHECKTABLE>
     <ADMINFIELD>0</ADMINFIELD>
     <SHLPORIGIN>P</SHLPORIGIN>
     <COMPTYPE>E</COMPTYPE>
    </DD03P>
    <DD03P>
     <TABNAME>ZEFI_BAPI3008_2</TABNAME>
     <FIELDNAME>PRTEST_IND</FIELDNAME>
     <POSITION>0107</POSITION>
     <ROLLNAME>WGBKZ</ROLLNAME>
     <ADMINFIELD>0</ADMINFIELD>
     <VALEXI>X</VALEXI>
     <SHLPORIGIN>F</SHLPORIGIN>
     <COMPTYPE>E</COMPTYPE>
    </DD03P>
    <DD03P>
     <TABNAME>ZEFI_BAPI3008_2</TABNAME>
     <FIELDNAME>BE_DEMAND</FIELDNAME>
     <POSITION>0108</POSITION>
     <ROLLNAME>XSIWE</ROLLNAME>
     <ADMINFIELD>0</ADMINFIELD>
     <VALEXI>X</VALEXI>
     <SHLPORIGIN>F</SHLPORIGIN>
     <COMPTYPE>E</COMPTYPE>
    </DD03P>
    <DD03P>
     <TABNAME>ZEFI_BAPI3008_2</TABNAME>
     <FIELDNAME>OBJ_TYPE</FIELDNAME>
     <POSITION>0109</POSITION>
     <ROLLNAME>AWTYP</ROLLNAME>
     <ADMINFIELD>0</ADMINFIELD>
     <COMPTYPE>E</COMPTYPE>
    </DD03P>
    <DD03P>
     <TABNAME>ZEFI_BAPI3008_2</TABNAME>
     <FIELDNAME>REF_DOC</FIELDNAME>
     <POSITION>0110</POSITION>
     <ROLLNAME>AWREF</ROLLNAME>
     <ADMINFIELD>0</ADMINFIELD>
     <COMPTYPE>E</COMPTYPE>
    </DD03P>
    <DD03P>
     <TABNAME>ZEFI_BAPI3008_2</TABNAME>
     <FIELDNAME>REF_ORG_UN</FIELDNAME>
     <POSITION>0111</POSITION>
     <ROLLNAME>AWORG</ROLLNAME>
     <ADMINFIELD>0</ADMINFIELD>
     <COMPTYPE>E</COMPTYPE>
    </DD03P>
    <DD03P>
     <TABNAME>ZEFI_BAPI3008_2</TABNAME>
     <FIELDNAME>REVERSAL_DOC</FIELDNAME>
     <POSITION>0112</POSITION>
     <ROLLNAME>STBLG</ROLLNAME>
     <ADMINFIELD>0</ADMINFIELD>
     <COMPTYPE>E</COMPTYPE>
    </DD03P>
    <DD03P>
     <TABNAME>ZEFI_BAPI3008_2</TABNAME>
     <FIELDNAME>SP_GL_TYPE</FIELDNAME>
     <POSITION>0113</POSITION>
     <ROLLNAME>UMSKS</ROLLNAME>
     <ADMINFIELD>0</ADMINFIELD>
     <COMPTYPE>E</COMPTYPE>
    </DD03P>
    <DD03P>
     <TABNAME>ZEFI_BAPI3008_2</TABNAME>
     <FIELDNAME>NEG_POSTNG</FIELDNAME>
     <POSITION>0114</POSITION>
     <ROLLNAME>XNEGP</ROLLNAME>
     <ADMINFIELD>0</ADMINFIELD>
     <VALEXI>X</VALEXI>
     <SHLPORIGIN>F</SHLPORIGIN>
     <COMPTYPE>E</COMPTYPE>
    </DD03P>
    <DD03P>
     <TABNAME>ZEFI_BAPI3008_2</TABNAME>
     <FIELDNAME>REF_DOC_NO_LONG</FIELDNAME>
     <POSITION>0115</POSITION>
     <ROLLNAME>XBLNR_LONG</ROLLNAME>
     <ADMINFIELD>0</ADMINFIELD>
     <COMPTYPE>E</COMPTYPE>
    </DD03P>
    <DD03P>
     <TABNAME>ZEFI_BAPI3008_2</TABNAME>
     <FIELDNAME>SAKNR</FIELDNAME>
     <POSITION>0116</POSITION>
     <ROLLNAME>SAKNR</ROLLNAME>
     <ADMINFIELD>0</ADMINFIELD>
     <SHLPORIGIN>D</SHLPORIGIN>
     <COMPTYPE>E</COMPTYPE>
    </DD03P>
    <DD03P>
     <TABNAME>ZEFI_BAPI3008_2</TABNAME>
     <FIELDNAME>VBUND</FIELDNAME>
     <POSITION>0117</POSITION>
     <ROLLNAME>VBUND</ROLLNAME>
     <ADMINFIELD>0</ADMINFIELD>
     <COMPTYPE>E</COMPTYPE>
    </DD03P>
    <DD03P>
     <TABNAME>ZEFI_BAPI3008_2</TABNAME>
     <FIELDNAME>BVTYP</FIELDNAME>
     <POSITION>0118</POSITION>
     <ROLLNAME>BVTYP</ROLLNAME>
     <ADMINFIELD>0</ADMINFIELD>
     <COMPTYPE>E</COMPTYPE>
    </DD03P>
    <DD03P>
     <TABNAME>ZEFI_BAPI3008_2</TABNAME>
     <FIELDNAME>HBKID</FIELDNAME>
     <POSITION>0119</POSITION>
     <ROLLNAME>HBKID</ROLLNAME>
     <ADMINFIELD>0</ADMINFIELD>
     <COMPTYPE>E</COMPTYPE>
    </DD03P>
    <DD03P>
     <TABNAME>ZEFI_BAPI3008_2</TABNAME>
     <FIELDNAME>BUPLA</FIELDNAME>
     <POSITION>0120</POSITION>
     <ROLLNAME>BUPLA</ROLLNAME>
     <ADMINFIELD>0</ADMINFIELD>
     <COMPTYPE>E</COMPTYPE>
    </DD03P>
    <DD03P>
     <TABNAME>ZEFI_BAPI3008_2</TABNAME>
     <FIELDNAME>EMPFB</FIELDNAME>
     <POSITION>0121</POSITION>
     <ROLLNAME>EMPFB</ROLLNAME>
     <ADMINFIELD>0</ADMINFIELD>
     <COMPTYPE>E</COMPTYPE>
    </DD03P>
   </DD03P_TABLE>
   <DD05M_TABLE>
    <DD05M>
     <TABNAME>ZEFI_BAPI3008_2</TABNAME>
     <FIELDNAME>BANK_CTRY</FIELDNAME>
     <FORTABLE>SYST</FORTABLE>
     <FORKEY>MANDT</FORKEY>
     <CHECKTABLE>T005</CHECKTABLE>
     <CHECKFIELD>MANDT</CHECKFIELD>
     <PRIMPOS>0001</PRIMPOS>
     <DOMNAME>MANDT</DOMNAME>
     <DATATYPE>CLNT</DATATYPE>
     <LENG>000003</LENG>
    </DD05M>
    <DD05M>
     <TABNAME>ZEFI_BAPI3008_2</TABNAME>
     <FIELDNAME>BANK_CTRY</FIELDNAME>
     <FORTABLE>ZEFI_BAPI3008_2</FORTABLE>
     <FORKEY>BANK_CTRY</FORKEY>
     <CHECKTABLE>T005</CHECKTABLE>
     <CHECKFIELD>LAND1</CHECKFIELD>
     <PRIMPOS>0002</PRIMPOS>
     <DOMNAME>LAND1</DOMNAME>
     <DATATYPE>CHAR</DATATYPE>
     <LENG>000003</LENG>
    </DD05M>
    <DD05M>
     <TABNAME>ZEFI_BAPI3008_2</TABNAME>
     <FIELDNAME>BE_TAXCODE</FIELDNAME>
     <FORTABLE>SYST</FORTABLE>
     <FORKEY>MANDT</FORKEY>
     <CHECKTABLE>T046</CHECKTABLE>
     <CHECKFIELD>MANDT</CHECKFIELD>
     <PRIMPOS>0001</PRIMPOS>
     <DOMNAME>MANDT</DOMNAME>
     <DATATYPE>CLNT</DATATYPE>
     <LENG>000003</LENG>
    </DD05M>
    <DD05M>
     <TABNAME>ZEFI_BAPI3008_2</TABNAME>
     <FIELDNAME>BE_TAXCODE</FIELDNAME>
     <FORTABLE>ZEFI_BAPI3008_2</FORTABLE>
     <FORKEY>BE_TAXCODE</FORKEY>
     <CHECKTABLE>T046</CHECKTABLE>
     <CHECKFIELD>WSTKZ</CHECKFIELD>
     <PRIMPOS>0002</PRIMPOS>
     <DOMNAME>WSTKZ</DOMNAME>
     <DATATYPE>CHAR</DATATYPE>
     <LENG>000001</LENG>
    </DD05M>
    <DD05M>
     <TABNAME>ZEFI_BAPI3008_2</TABNAME>
     <FIELDNAME>BILLSTATUS</FIELDNAME>
     <FORTABLE>SYST</FORTABLE>
     <FORKEY>MANDT</FORKEY>
     <CHECKTABLE>T031S</CHECKTABLE>
     <CHECKFIELD>MANDT</CHECKFIELD>
     <PRIMPOS>0001</PRIMPOS>
     <DOMNAME>MANDT</DOMNAME>
     <DATATYPE>CLNT</DATATYPE>
     <LENG>000003</LENG>
    </DD05M>
    <DD05M>
     <TABNAME>ZEFI_BAPI3008_2</TABNAME>
     <FIELDNAME>BILLSTATUS</FIELDNAME>
     <FORTABLE>ZEFI_BAPI3008_2</FORTABLE>
     <FORKEY>COMP_CODE</FORKEY>
     <CHECKTABLE>T031S</CHECKTABLE>
     <CHECKFIELD>BUKRS</CHECKFIELD>
     <PRIMPOS>0002</PRIMPOS>
     <DOMNAME>BUKRS</DOMNAME>
     <DATATYPE>CHAR</DATATYPE>
     <LENG>000004</LENG>
    </DD05M>
    <DD05M>
     <TABNAME>ZEFI_BAPI3008_2</TABNAME>
     <FIELDNAME>BILLSTATUS</FIELDNAME>
     <FORTABLE>ZEFI_BAPI3008_2</FORTABLE>
     <FORKEY>BILLSTATUS</FORKEY>
     <CHECKTABLE>T031S</CHECKTABLE>
     <CHECKFIELD>WSTAT</CHECKFIELD>
     <PRIMPOS>0003</PRIMPOS>
     <DOMNAME>WSTAT</DOMNAME>
     <DATATYPE>CHAR</DATATYPE>
     <LENG>000001</LENG>
    </DD05M>
    <DD05M>
     <TABNAME>ZEFI_BAPI3008_2</TABNAME>
     <FIELDNAME>BUS_AREA</FIELDNAME>
     <FORTABLE>SYST</FORTABLE>
     <FORKEY>MANDT</FORKEY>
     <CHECKTABLE>TGSB</CHECKTABLE>
     <CHECKFIELD>MANDT</CHECKFIELD>
     <PRIMPOS>0001</PRIMPOS>
     <DOMNAME>MANDT</DOMNAME>
     <DATATYPE>CLNT</DATATYPE>
     <LENG>000003</LENG>
    </DD05M>
    <DD05M>
     <TABNAME>ZEFI_BAPI3008_2</TABNAME>
     <FIELDNAME>BUS_AREA</FIELDNAME>
     <FORTABLE>ZEFI_BAPI3008_2</FORTABLE>
     <FORKEY>BUS_AREA</FORKEY>
     <CHECKTABLE>TGSB</CHECKTABLE>
     <CHECKFIELD>GSBER</CHECKFIELD>
     <PRIMPOS>0002</PRIMPOS>
     <DOMNAME>GSBER</DOMNAME>
     <DATATYPE>CHAR</DATATYPE>
     <LENG>000004</LENG>
    </DD05M>
    <DD05M>
     <TABNAME>ZEFI_BAPI3008_2</TABNAME>
     <FIELDNAME>COMP_CODE</FIELDNAME>
     <FORTABLE>SYST</FORTABLE>
     <FORKEY>MANDT</FORKEY>
     <CHECKTABLE>T001</CHECKTABLE>
     <CHECKFIELD>MANDT</CHECKFIELD>
     <PRIMPOS>0001</PRIMPOS>
     <DOMNAME>MANDT</DOMNAME>
     <DATATYPE>CLNT</DATATYPE>
     <LENG>000003</LENG>
    </DD05M>
    <DD05M>
     <TABNAME>ZEFI_BAPI3008_2</TABNAME>
     <FIELDNAME>COMP_CODE</FIELDNAME>
     <FORTABLE>ZEFI_BAPI3008_2</FORTABLE>
     <FORKEY>COMP_CODE</FORKEY>
     <CHECKTABLE>T001</CHECKTABLE>
     <CHECKFIELD>BUKRS</CHECKFIELD>
     <PRIMPOS>0002</PRIMPOS>
     <DOMNAME>BUKRS</DOMNAME>
     <DATATYPE>CHAR</DATATYPE>
     <LENG>000004</LENG>
    </DD05M>
    <DD05M>
     <TABNAME>ZEFI_BAPI3008_2</TABNAME>
     <FIELDNAME>COUNTRY</FIELDNAME>
     <FORTABLE>SYST</FORTABLE>
     <FORKEY>MANDT</FORKEY>
     <CHECKTABLE>T005</CHECKTABLE>
     <CHECKFIELD>MANDT</CHECKFIELD>
     <PRIMPOS>0001</PRIMPOS>
     <DOMNAME>MANDT</DOMNAME>
     <DATATYPE>CLNT</DATATYPE>
     <LENG>000003</LENG>
    </DD05M>
    <DD05M>
     <TABNAME>ZEFI_BAPI3008_2</TABNAME>
     <FIELDNAME>COUNTRY</FIELDNAME>
     <FORTABLE>ZEFI_BAPI3008_2</FORTABLE>
     <FORKEY>COUNTRY</FORKEY>
     <CHECKTABLE>T005</CHECKTABLE>
     <CHECKFIELD>LAND1</CHECKFIELD>
     <PRIMPOS>0002</PRIMPOS>
     <DOMNAME>LAND1</DOMNAME>
     <DATATYPE>CHAR</DATATYPE>
     <LENG>000003</LENG>
    </DD05M>
    <DD05M>
     <TABNAME>ZEFI_BAPI3008_2</TABNAME>
     <FIELDNAME>CURRENCY</FIELDNAME>
     <FORTABLE>SYST</FORTABLE>
     <FORKEY>MANDT</FORKEY>
     <CHECKTABLE>TCURC</CHECKTABLE>
     <CHECKFIELD>MANDT</CHECKFIELD>
     <PRIMPOS>0001</PRIMPOS>
     <DOMNAME>MANDT</DOMNAME>
     <DATATYPE>CLNT</DATATYPE>
     <LENG>000003</LENG>
    </DD05M>
    <DD05M>
     <TABNAME>ZEFI_BAPI3008_2</TABNAME>
     <FIELDNAME>CURRENCY</FIELDNAME>
     <FORTABLE>ZEFI_BAPI3008_2</FORTABLE>
     <FORKEY>CURRENCY</FORKEY>
     <CHECKTABLE>TCURC</CHECKTABLE>
     <CHECKFIELD>WAERS</CHECKFIELD>
     <PRIMPOS>0002</PRIMPOS>
     <DOMNAME>WAERS</DOMNAME>
     <DATATYPE>CUKY</DATATYPE>
     <LENG>000005</LENG>
    </DD05M>
    <DD05M>
     <TABNAME>ZEFI_BAPI3008_2</TABNAME>
     <FIELDNAME>DOC_TYPE</FIELDNAME>
     <FORTABLE>SYST</FORTABLE>
     <FORKEY>MANDT</FORKEY>
     <CHECKTABLE>T003</CHECKTABLE>
     <CHECKFIELD>MANDT</CHECKFIELD>
     <PRIMPOS>0001</PRIMPOS>
     <DOMNAME>MANDT</DOMNAME>
     <DATATYPE>CLNT</DATATYPE>
     <LENG>000003</LENG>
    </DD05M>
    <DD05M>
     <TABNAME>ZEFI_BAPI3008_2</TABNAME>
     <FIELDNAME>DOC_TYPE</FIELDNAME>
     <FORTABLE>ZEFI_BAPI3008_2</FORTABLE>
     <FORKEY>DOC_TYPE</FORKEY>
     <CHECKTABLE>T003</CHECKTABLE>
     <CHECKFIELD>BLART</CHECKFIELD>
     <PRIMPOS>0002</PRIMPOS>
     <DOMNAME>BLART</DOMNAME>
     <DATATYPE>CHAR</DATATYPE>
     <LENG>000002</LENG>
    </DD05M>
    <DD05M>
     <TABNAME>ZEFI_BAPI3008_2</TABNAME>
     <FIELDNAME>DUNN_AREA</FIELDNAME>
     <FORTABLE>SYST</FORTABLE>
     <FORKEY>MANDT</FORKEY>
     <CHECKTABLE>T047M</CHECKTABLE>
     <CHECKFIELD>MANDT</CHECKFIELD>
     <PRIMPOS>0001</PRIMPOS>
     <DOMNAME>MANDT</DOMNAME>
     <DATATYPE>CLNT</DATATYPE>
     <LENG>000003</LENG>
    </DD05M>
    <DD05M>
     <TABNAME>ZEFI_BAPI3008_2</TABNAME>
     <FIELDNAME>DUNN_AREA</FIELDNAME>
     <FORTABLE>ZEFI_BAPI3008_2</FORTABLE>
     <FORKEY>COMP_CODE</FORKEY>
     <CHECKTABLE>T047M</CHECKTABLE>
     <CHECKFIELD>BUKRS</CHECKFIELD>
     <PRIMPOS>0002</PRIMPOS>
     <DOMNAME>BUKRS</DOMNAME>
     <DATATYPE>CHAR</DATATYPE>
     <LENG>000004</LENG>
    </DD05M>
    <DD05M>
     <TABNAME>ZEFI_BAPI3008_2</TABNAME>
     <FIELDNAME>DUNN_AREA</FIELDNAME>
     <FORTABLE>ZEFI_BAPI3008_2</FORTABLE>
     <FORKEY>DUNN_AREA</FORKEY>
     <CHECKTABLE>T047M</CHECKTABLE>
     <CHECKFIELD>MABER</CHECKFIELD>
     <PRIMPOS>0003</PRIMPOS>
     <DOMNAME>MABER</DOMNAME>
     <DATATYPE>CHAR</DATATYPE>
     <LENG>000002</LENG>
    </DD05M>
    <DD05M>
     <TABNAME>ZEFI_BAPI3008_2</TABNAME>
     <FIELDNAME>DUNN_BLOCK</FIELDNAME>
     <FORTABLE>SYST</FORTABLE>
     <FORKEY>MANDT</FORKEY>
     <CHECKTABLE>T040S</CHECKTABLE>
     <CHECKFIELD>MANDT</CHECKFIELD>
     <PRIMPOS>0001</PRIMPOS>
     <DOMNAME>MANDT</DOMNAME>
     <DATATYPE>CLNT</DATATYPE>
     <LENG>000003</LENG>
    </DD05M>
    <DD05M>
     <TABNAME>ZEFI_BAPI3008_2</TABNAME>
     <FIELDNAME>DUNN_BLOCK</FIELDNAME>
     <FORTABLE>ZEFI_BAPI3008_2</FORTABLE>
     <FORKEY>DUNN_BLOCK</FORKEY>
     <CHECKTABLE>T040S</CHECKTABLE>
     <CHECKFIELD>MANSP</CHECKFIELD>
     <PRIMPOS>0002</PRIMPOS>
     <DOMNAME>MANSP</DOMNAME>
     <DATATYPE>CHAR</DATATYPE>
     <LENG>000001</LENG>
    </DD05M>
    <DD05M>
     <TABNAME>ZEFI_BAPI3008_2</TABNAME>
     <FIELDNAME>DUNN_KEY</FIELDNAME>
     <FORTABLE>SYST</FORTABLE>
     <FORKEY>MANDT</FORKEY>
     <CHECKTABLE>T040</CHECKTABLE>
     <CHECKFIELD>MANDT</CHECKFIELD>
     <PRIMPOS>0001</PRIMPOS>
     <DOMNAME>MANDT</DOMNAME>
     <DATATYPE>CLNT</DATATYPE>
     <LENG>000003</LENG>
    </DD05M>
    <DD05M>
     <TABNAME>ZEFI_BAPI3008_2</TABNAME>
     <FIELDNAME>DUNN_KEY</FIELDNAME>
     <FORTABLE>ZEFI_BAPI3008_2</FORTABLE>
     <FORKEY>DUNN_KEY</FORKEY>
     <CHECKTABLE>T040</CHECKTABLE>
     <CHECKFIELD>MSCHL</CHECKFIELD>
     <PRIMPOS>0002</PRIMPOS>
     <DOMNAME>MSCHL</DOMNAME>
     <DATATYPE>CHAR</DATATYPE>
     <LENG>000001</LENG>
    </DD05M>
    <DD05M>
     <TABNAME>ZEFI_BAPI3008_2</TABNAME>
     <FIELDNAME>INSTR_KEY</FIELDNAME>
     <FORTABLE>SYST</FORTABLE>
     <FORKEY>MANDT</FORKEY>
     <CHECKTABLE>T015W</CHECKTABLE>
     <CHECKFIELD>MANDT</CHECKFIELD>
     <PRIMPOS>0001</PRIMPOS>
     <DOMNAME>MANDT</DOMNAME>
     <DATATYPE>CLNT</DATATYPE>
     <LENG>000003</LENG>
    </DD05M>
    <DD05M>
     <TABNAME>ZEFI_BAPI3008_2</TABNAME>
     <FIELDNAME>INSTR_KEY</FIELDNAME>
     <FORTABLE>ZEFI_BAPI3008_2</FORTABLE>
     <FORKEY>COUNTRY</FORKEY>
     <CHECKTABLE>T015W</CHECKTABLE>
     <CHECKFIELD>BANKS</CHECKFIELD>
     <PRIMPOS>0002</PRIMPOS>
     <DOMNAME>LAND1</DOMNAME>
     <DATATYPE>CHAR</DATATYPE>
     <LENG>000003</LENG>
    </DD05M>
    <DD05M>
     <TABNAME>ZEFI_BAPI3008_2</TABNAME>
     <FIELDNAME>INSTR_KEY</FIELDNAME>
     <FORTABLE>ZEFI_BAPI3008_2</FORTABLE>
     <FORKEY>PYMT_METH</FORKEY>
     <CHECKTABLE>T015W</CHECKTABLE>
     <CHECKFIELD>ZLSCH</CHECKFIELD>
     <PRIMPOS>0003</PRIMPOS>
     <DOMNAME>ZLSCH</DOMNAME>
     <DATATYPE>CHAR</DATATYPE>
     <LENG>000001</LENG>
    </DD05M>
    <DD05M>
     <TABNAME>ZEFI_BAPI3008_2</TABNAME>
     <FIELDNAME>INSTR_KEY</FIELDNAME>
     <FORTABLE>ZEFI_BAPI3008_2</FORTABLE>
     <FORKEY>INSTR_KEY</FORKEY>
     <CHECKTABLE>T015W</CHECKTABLE>
     <CHECKFIELD>DTAWS</CHECKFIELD>
     <PRIMPOS>0004</PRIMPOS>
     <DOMNAME>DTAWS</DOMNAME>
     <DATATYPE>CHAR</DATATYPE>
     <LENG>000002</LENG>
    </DD05M>
    <DD05M>
     <TABNAME>ZEFI_BAPI3008_2</TABNAME>
     <FIELDNAME>LANGU</FIELDNAME>
     <FORTABLE>ZEFI_BAPI3008_2</FORTABLE>
     <FORKEY>LANGU</FORKEY>
     <CHECKTABLE>T002</CHECKTABLE>
     <CHECKFIELD>SPRAS</CHECKFIELD>
     <PRIMPOS>0001</PRIMPOS>
     <DOMNAME>SPRAS</DOMNAME>
     <DATATYPE>LANG</DATATYPE>
     <LENG>000001</LENG>
    </DD05M>
    <DD05M>
     <TABNAME>ZEFI_BAPI3008_2</TABNAME>
     <FIELDNAME>LOC_CURRCY</FIELDNAME>
     <FORTABLE>SYST</FORTABLE>
     <FORKEY>MANDT</FORKEY>
     <CHECKTABLE>TCURC</CHECKTABLE>
     <CHECKFIELD>MANDT</CHECKFIELD>
     <PRIMPOS>0001</PRIMPOS>
     <DOMNAME>MANDT</DOMNAME>
     <DATATYPE>CLNT</DATATYPE>
     <LENG>000003</LENG>
    </DD05M>
    <DD05M>
     <TABNAME>ZEFI_BAPI3008_2</TABNAME>
     <FIELDNAME>LOC_CURRCY</FIELDNAME>
     <FORTABLE>ZEFI_BAPI3008_2</FORTABLE>
     <FORKEY>LOC_CURRCY</FORKEY>
     <CHECKTABLE>TCURC</CHECKTABLE>
     <CHECKFIELD>WAERS</CHECKFIELD>
     <PRIMPOS>0002</PRIMPOS>
     <DOMNAME>WAERS</DOMNAME>
     <DATATYPE>CUKY</DATATYPE>
     <LENG>000005</LENG>
    </DD05M>
    <DD05M>
     <TABNAME>ZEFI_BAPI3008_2</TABNAME>
     <FIELDNAME>PMNT_BLOCK</FIELDNAME>
     <FORTABLE>SYST</FORTABLE>
     <FORKEY>MANDT</FORKEY>
     <CHECKTABLE>T008</CHECKTABLE>
     <CHECKFIELD>MANDT</CHECKFIELD>
     <PRIMPOS>0001</PRIMPOS>
     <DOMNAME>MANDT</DOMNAME>
     <DATATYPE>CLNT</DATATYPE>
     <LENG>000003</LENG>
    </DD05M>
    <DD05M>
     <TABNAME>ZEFI_BAPI3008_2</TABNAME>
     <FIELDNAME>PMNT_BLOCK</FIELDNAME>
     <FORTABLE>ZEFI_BAPI3008_2</FORTABLE>
     <FORKEY>PMNT_BLOCK</FORKEY>
     <CHECKTABLE>T008</CHECKTABLE>
     <CHECKFIELD>ZAHLS</CHECKFIELD>
     <PRIMPOS>0002</PRIMPOS>
     <DOMNAME>ZAHLS</DOMNAME>
     <DATATYPE>CHAR</DATATYPE>
     <LENG>000001</LENG>
    </DD05M>
    <DD05M>
     <TABNAME>ZEFI_BAPI3008_2</TABNAME>
     <FIELDNAME>PMTMTHSUPL</FIELDNAME>
     <FORTABLE>SYST</FORTABLE>
     <FORKEY>MANDT</FORKEY>
     <CHECKTABLE>T042F</CHECKTABLE>
     <CHECKFIELD>MANDT</CHECKFIELD>
     <PRIMPOS>0001</PRIMPOS>
     <DOMNAME>MANDT</DOMNAME>
     <DATATYPE>CLNT</DATATYPE>
     <LENG>000003</LENG>
    </DD05M>
    <DD05M>
     <TABNAME>ZEFI_BAPI3008_2</TABNAME>
     <FIELDNAME>PMTMTHSUPL</FIELDNAME>
     <FORTABLE>ZEFI_BAPI3008_2</FORTABLE>
     <FORKEY>PMTMTHSUPL</FORKEY>
     <CHECKTABLE>T042F</CHECKTABLE>
     <CHECKFIELD>UZAWE</CHECKFIELD>
     <PRIMPOS>0002</PRIMPOS>
     <DOMNAME>UZAWE</DOMNAME>
     <DATATYPE>CHAR</DATATYPE>
     <LENG>000002</LENG>
    </DD05M>
    <DD05M>
     <TABNAME>ZEFI_BAPI3008_2</TABNAME>
     <FIELDNAME>POST_KEY</FIELDNAME>
     <FORTABLE>SYST</FORTABLE>
     <FORKEY>MANDT</FORKEY>
     <CHECKTABLE>TBSL</CHECKTABLE>
     <CHECKFIELD>MANDT</CHECKFIELD>
     <PRIMPOS>0001</PRIMPOS>
     <DOMNAME>MANDT</DOMNAME>
     <DATATYPE>CLNT</DATATYPE>
     <LENG>000003</LENG>
    </DD05M>
    <DD05M>
     <TABNAME>ZEFI_BAPI3008_2</TABNAME>
     <FIELDNAME>POST_KEY</FIELDNAME>
     <FORTABLE>ZEFI_BAPI3008_2</FORTABLE>
     <FORKEY>POST_KEY</FORKEY>
     <CHECKTABLE>TBSL</CHECKTABLE>
     <CHECKFIELD>BSCHL</CHECKFIELD>
     <PRIMPOS>0002</PRIMPOS>
     <DOMNAME>BSCHL</DOMNAME>
     <DATATYPE>CHAR</DATATYPE>
     <LENG>000002</LENG>
    </DD05M>
    <DD05M>
     <TABNAME>ZEFI_BAPI3008_2</TABNAME>
     <FIELDNAME>PYMT_METH</FIELDNAME>
     <FORTABLE>SYST</FORTABLE>
     <FORKEY>MANDT</FORKEY>
     <CHECKTABLE>T042Z</CHECKTABLE>
     <CHECKFIELD>MANDT</CHECKFIELD>
     <PRIMPOS>0001</PRIMPOS>
     <DOMNAME>MANDT</DOMNAME>
     <DATATYPE>CLNT</DATATYPE>
     <LENG>000003</LENG>
    </DD05M>
    <DD05M>
     <TABNAME>ZEFI_BAPI3008_2</TABNAME>
     <FIELDNAME>PYMT_METH</FIELDNAME>
     <FORTABLE>ZEFI_BAPI3008_2</FORTABLE>
     <FORKEY>COUNTRY</FORKEY>
     <CHECKTABLE>T042Z</CHECKTABLE>
     <CHECKFIELD>LAND1</CHECKFIELD>
     <PRIMPOS>0002</PRIMPOS>
     <DOMNAME>LAND1</DOMNAME>
     <DATATYPE>CHAR</DATATYPE>
     <LENG>000003</LENG>
    </DD05M>
    <DD05M>
     <TABNAME>ZEFI_BAPI3008_2</TABNAME>
     <FIELDNAME>PYMT_METH</FIELDNAME>
     <FORTABLE>ZEFI_BAPI3008_2</FORTABLE>
     <FORKEY>PYMT_METH</FORKEY>
     <CHECKTABLE>T042Z</CHECKTABLE>
     <CHECKFIELD>ZLSCH</CHECKFIELD>
     <PRIMPOS>0003</PRIMPOS>
     <DOMNAME>ZLSCH</DOMNAME>
     <DATATYPE>CHAR</DATATYPE>
     <LENG>000001</LENG>
    </DD05M>
    <DD05M>
     <TABNAME>ZEFI_BAPI3008_2</TABNAME>
     <FIELDNAME>REASON_CDE</FIELDNAME>
     <FORTABLE>SYST</FORTABLE>
     <FORKEY>MANDT</FORKEY>
     <CHECKTABLE>T053R</CHECKTABLE>
     <CHECKFIELD>MANDT</CHECKFIELD>
     <PRIMPOS>0001</PRIMPOS>
     <DOMNAME>MANDT</DOMNAME>
     <DATATYPE>CLNT</DATATYPE>
     <LENG>000003</LENG>
    </DD05M>
    <DD05M>
     <TABNAME>ZEFI_BAPI3008_2</TABNAME>
     <FIELDNAME>REASON_CDE</FIELDNAME>
     <FORTABLE>ZEFI_BAPI3008_2</FORTABLE>
     <FORKEY>COMP_CODE</FORKEY>
     <CHECKTABLE>T053R</CHECKTABLE>
     <CHECKFIELD>BUKRS</CHECKFIELD>
     <PRIMPOS>0002</PRIMPOS>
     <DOMNAME>BUKRS</DOMNAME>
     <DATATYPE>CHAR</DATATYPE>
     <LENG>000004</LENG>
    </DD05M>
    <DD05M>
     <TABNAME>ZEFI_BAPI3008_2</TABNAME>
     <FIELDNAME>REASON_CDE</FIELDNAME>
     <FORTABLE>ZEFI_BAPI3008_2</FORTABLE>
     <FORKEY>REASON_CDE</FORKEY>
     <CHECKTABLE>T053R</CHECKTABLE>
     <CHECKFIELD>RSTGR</CHECKFIELD>
     <PRIMPOS>0003</PRIMPOS>
     <DOMNAME>RSTGR</DOMNAME>
     <DATATYPE>CHAR</DATATYPE>
     <LENG>000003</LENG>
    </DD05M>
    <DD05M>
     <TABNAME>ZEFI_BAPI3008_2</TABNAME>
     <FIELDNAME>REGION</FIELDNAME>
     <FORTABLE>SYST</FORTABLE>
     <FORKEY>MANDT</FORKEY>
     <CHECKTABLE>T005S</CHECKTABLE>
     <CHECKFIELD>MANDT</CHECKFIELD>
     <PRIMPOS>0001</PRIMPOS>
     <DOMNAME>MANDT</DOMNAME>
     <DATATYPE>CLNT</DATATYPE>
     <LENG>000003</LENG>
    </DD05M>
    <DD05M>
     <TABNAME>ZEFI_BAPI3008_2</TABNAME>
     <FIELDNAME>REGION</FIELDNAME>
     <FORTABLE>ZEFI_BAPI3008_2</FORTABLE>
     <FORKEY>COUNTRY</FORKEY>
     <CHECKTABLE>T005S</CHECKTABLE>
     <CHECKFIELD>LAND1</CHECKFIELD>
     <PRIMPOS>0002</PRIMPOS>
     <DOMNAME>LAND1</DOMNAME>
     <DATATYPE>CHAR</DATATYPE>
     <LENG>000003</LENG>
    </DD05M>
    <DD05M>
     <TABNAME>ZEFI_BAPI3008_2</TABNAME>
     <FIELDNAME>REGION</FIELDNAME>
     <FORTABLE>ZEFI_BAPI3008_2</FORTABLE>
     <FORKEY>REGION</FORKEY>
     <CHECKTABLE>T005S</CHECKTABLE>
     <CHECKFIELD>BLAND</CHECKFIELD>
     <PRIMPOS>0003</PRIMPOS>
     <DOMNAME>REGIO</DOMNAME>
     <DATATYPE>CHAR</DATATYPE>
     <LENG>000003</LENG>
    </DD05M>
    <DD05M>
     <TABNAME>ZEFI_BAPI3008_2</TABNAME>
     <FIELDNAME>SP_GL_IND</FIELDNAME>
     <FORTABLE>SYST</FORTABLE>
     <FORKEY>MANDT</FORKEY>
     <CHECKTABLE>T074U</CHECKTABLE>
     <CHECKFIELD>MANDT</CHECKFIELD>
     <PRIMPOS>0001</PRIMPOS>
     <DOMNAME>MANDT</DOMNAME>
     <DATATYPE>CLNT</DATATYPE>
     <LENG>000003</LENG>
    </DD05M>
    <DD05M>
     <TABNAME>ZEFI_BAPI3008_2</TABNAME>
     <FIELDNAME>SP_GL_IND</FIELDNAME>
     <FORTABLE>&apos;K&apos;</FORTABLE>
     <CHECKTABLE>T074U</CHECKTABLE>
     <CHECKFIELD>KOART</CHECKFIELD>
     <PRIMPOS>0002</PRIMPOS>
     <DOMNAME>KOART</DOMNAME>
     <DATATYPE>CHAR</DATATYPE>
     <LENG>000001</LENG>
    </DD05M>
    <DD05M>
     <TABNAME>ZEFI_BAPI3008_2</TABNAME>
     <FIELDNAME>SP_GL_IND</FIELDNAME>
     <FORTABLE>ZEFI_BAPI3008_2</FORTABLE>
     <FORKEY>SP_GL_IND</FORKEY>
     <CHECKTABLE>T074U</CHECKTABLE>
     <CHECKFIELD>UMSKZ</CHECKFIELD>
     <PRIMPOS>0003</PRIMPOS>
     <DOMNAME>UMSKZ</DOMNAME>
     <DATATYPE>CHAR</DATATYPE>
     <LENG>000001</LENG>
    </DD05M>
    <DD05M>
     <TABNAME>ZEFI_BAPI3008_2</TABNAME>
     <FIELDNAME>T_CURRENCY</FIELDNAME>
     <FORTABLE>SYST</FORTABLE>
     <FORKEY>MANDT</FORKEY>
     <CHECKTABLE>TCURC</CHECKTABLE>
     <CHECKFIELD>MANDT</CHECKFIELD>
     <PRIMPOS>0001</PRIMPOS>
     <DOMNAME>MANDT</DOMNAME>
     <DATATYPE>CLNT</DATATYPE>
     <LENG>000003</LENG>
    </DD05M>
    <DD05M>
     <TABNAME>ZEFI_BAPI3008_2</TABNAME>
     <FIELDNAME>T_CURRENCY</FIELDNAME>
     <FORTABLE>ZEFI_BAPI3008_2</FORTABLE>
     <FORKEY>T_CURRENCY</FORKEY>
     <CHECKTABLE>TCURC</CHECKTABLE>
     <CHECKFIELD>WAERS</CHECKFIELD>
     <PRIMPOS>0002</PRIMPOS>
     <DOMNAME>WAERS</DOMNAME>
     <DATATYPE>CUKY</DATATYPE>
     <LENG>000005</LENG>
    </DD05M>
    <DD05M>
     <TABNAME>ZEFI_BAPI3008_2</TABNAME>
     <FIELDNAME>VENDOR</FIELDNAME>
     <FORTABLE>SYST</FORTABLE>
     <FORKEY>MANDT</FORKEY>
     <CHECKTABLE>LFA1</CHECKTABLE>
     <CHECKFIELD>MANDT</CHECKFIELD>
     <PRIMPOS>0001</PRIMPOS>
     <DOMNAME>MANDT</DOMNAME>
     <DATATYPE>CLNT</DATATYPE>
     <LENG>000003</LENG>
    </DD05M>
    <DD05M>
     <TABNAME>ZEFI_BAPI3008_2</TABNAME>
     <FIELDNAME>VENDOR</FIELDNAME>
     <FORTABLE>ZEFI_BAPI3008_2</FORTABLE>
     <FORKEY>VENDOR</FORKEY>
     <CHECKTABLE>LFA1</CHECKTABLE>
     <CHECKFIELD>LIFNR</CHECKFIELD>
     <PRIMPOS>0002</PRIMPOS>
     <DOMNAME>LIFNR</DOMNAME>
     <DATATYPE>CHAR</DATATYPE>
     <LENG>000010</LENG>
    </DD05M>
    <DD05M>
     <TABNAME>ZEFI_BAPI3008_2</TABNAME>
     <FIELDNAME>W_TAX_CODE</FIELDNAME>
     <FORTABLE>SYST</FORTABLE>
     <FORKEY>MANDT</FORKEY>
     <CHECKTABLE>T059Q</CHECKTABLE>
     <CHECKFIELD>MANDT</CHECKFIELD>
     <PRIMPOS>0001</PRIMPOS>
     <DOMNAME>MANDT</DOMNAME>
     <DATATYPE>CLNT</DATATYPE>
     <LENG>000003</LENG>
    </DD05M>
    <DD05M>
     <TABNAME>ZEFI_BAPI3008_2</TABNAME>
     <FIELDNAME>W_TAX_CODE</FIELDNAME>
     <FORTABLE>ZEFI_BAPI3008_2</FORTABLE>
     <FORKEY>COUNTRY</FORKEY>
     <CHECKTABLE>T059Q</CHECKTABLE>
     <CHECKFIELD>LAND1</CHECKFIELD>
     <PRIMPOS>0002</PRIMPOS>
     <DOMNAME>LAND1</DOMNAME>
     <DATATYPE>CHAR</DATATYPE>
     <LENG>000003</LENG>
    </DD05M>
    <DD05M>
     <TABNAME>ZEFI_BAPI3008_2</TABNAME>
     <FIELDNAME>W_TAX_CODE</FIELDNAME>
     <FORTABLE>ZEFI_BAPI3008_2</FORTABLE>
     <FORKEY>W_TAX_CODE</FORKEY>
     <CHECKTABLE>T059Q</CHECKTABLE>
     <CHECKFIELD>QSSKZ</CHECKFIELD>
     <PRIMPOS>0003</PRIMPOS>
     <DOMNAME>QSSKZ</DOMNAME>
     <DATATYPE>CHAR</DATATYPE>
     <LENG>000002</LENG>
    </DD05M>
   </DD05M_TABLE>
   <DD08V_TABLE>
    <DD08V>
     <TABNAME>ZEFI_BAPI3008_2</TABNAME>
     <FIELDNAME>BANK_CTRY</FIELDNAME>
     <CHECKTABLE>T005</CHECKTABLE>
    </DD08V>
    <DD08V>
     <TABNAME>ZEFI_BAPI3008_2</TABNAME>
     <FIELDNAME>BE_TAXCODE</FIELDNAME>
     <CHECKTABLE>T046</CHECKTABLE>
    </DD08V>
    <DD08V>
     <TABNAME>ZEFI_BAPI3008_2</TABNAME>
     <FIELDNAME>BILLSTATUS</FIELDNAME>
     <CHECKTABLE>T031S</CHECKTABLE>
    </DD08V>
    <DD08V>
     <TABNAME>ZEFI_BAPI3008_2</TABNAME>
     <FIELDNAME>BUS_AREA</FIELDNAME>
     <CHECKTABLE>TGSB</CHECKTABLE>
    </DD08V>
    <DD08V>
     <TABNAME>ZEFI_BAPI3008_2</TABNAME>
     <FIELDNAME>COMP_CODE</FIELDNAME>
     <CHECKTABLE>T001</CHECKTABLE>
    </DD08V>
    <DD08V>
     <TABNAME>ZEFI_BAPI3008_2</TABNAME>
     <FIELDNAME>COUNTRY</FIELDNAME>
     <CHECKTABLE>T005</CHECKTABLE>
    </DD08V>
    <DD08V>
     <TABNAME>ZEFI_BAPI3008_2</TABNAME>
     <FIELDNAME>CURRENCY</FIELDNAME>
     <CHECKTABLE>TCURC</CHECKTABLE>
    </DD08V>
    <DD08V>
     <TABNAME>ZEFI_BAPI3008_2</TABNAME>
     <FIELDNAME>DOC_TYPE</FIELDNAME>
     <CHECKTABLE>T003</CHECKTABLE>
    </DD08V>
    <DD08V>
     <TABNAME>ZEFI_BAPI3008_2</TABNAME>
     <FIELDNAME>DUNN_AREA</FIELDNAME>
     <CHECKTABLE>T047M</CHECKTABLE>
    </DD08V>
    <DD08V>
     <TABNAME>ZEFI_BAPI3008_2</TABNAME>
     <FIELDNAME>DUNN_BLOCK</FIELDNAME>
     <CHECKTABLE>T040S</CHECKTABLE>
    </DD08V>
    <DD08V>
     <TABNAME>ZEFI_BAPI3008_2</TABNAME>
     <FIELDNAME>DUNN_KEY</FIELDNAME>
     <CHECKTABLE>T040</CHECKTABLE>
    </DD08V>
    <DD08V>
     <TABNAME>ZEFI_BAPI3008_2</TABNAME>
     <FIELDNAME>INSTR_KEY</FIELDNAME>
     <CHECKTABLE>T015W</CHECKTABLE>
    </DD08V>
    <DD08V>
     <TABNAME>ZEFI_BAPI3008_2</TABNAME>
     <FIELDNAME>LANGU</FIELDNAME>
     <CHECKTABLE>T002</CHECKTABLE>
    </DD08V>
    <DD08V>
     <TABNAME>ZEFI_BAPI3008_2</TABNAME>
     <FIELDNAME>LOC_CURRCY</FIELDNAME>
     <CHECKTABLE>TCURC</CHECKTABLE>
    </DD08V>
    <DD08V>
     <TABNAME>ZEFI_BAPI3008_2</TABNAME>
     <FIELDNAME>PMNT_BLOCK</FIELDNAME>
     <CHECKTABLE>T008</CHECKTABLE>
    </DD08V>
    <DD08V>
     <TABNAME>ZEFI_BAPI3008_2</TABNAME>
     <FIELDNAME>PMTMTHSUPL</FIELDNAME>
     <CHECKTABLE>T042F</CHECKTABLE>
    </DD08V>
    <DD08V>
     <TABNAME>ZEFI_BAPI3008_2</TABNAME>
     <FIELDNAME>POST_KEY</FIELDNAME>
     <CHECKTABLE>TBSL</CHECKTABLE>
    </DD08V>
    <DD08V>
     <TABNAME>ZEFI_BAPI3008_2</TABNAME>
     <FIELDNAME>PYMT_METH</FIELDNAME>
     <CHECKTABLE>T042Z</CHECKTABLE>
    </DD08V>
    <DD08V>
     <TABNAME>ZEFI_BAPI3008_2</TABNAME>
     <FIELDNAME>REASON_CDE</FIELDNAME>
     <CHECKTABLE>T053R</CHECKTABLE>
    </DD08V>
    <DD08V>
     <TABNAME>ZEFI_BAPI3008_2</TABNAME>
     <FIELDNAME>REGION</FIELDNAME>
     <CHECKTABLE>T005S</CHECKTABLE>
    </DD08V>
    <DD08V>
     <TABNAME>ZEFI_BAPI3008_2</TABNAME>
     <FIELDNAME>SP_GL_IND</FIELDNAME>
     <CHECKTABLE>T074U</CHECKTABLE>
    </DD08V>
    <DD08V>
     <TABNAME>ZEFI_BAPI3008_2</TABNAME>
     <FIELDNAME>T_CURRENCY</FIELDNAME>
     <CHECKTABLE>TCURC</CHECKTABLE>
    </DD08V>
    <DD08V>
     <TABNAME>ZEFI_BAPI3008_2</TABNAME>
     <FIELDNAME>VENDOR</FIELDNAME>
     <CHECKTABLE>LFA1</CHECKTABLE>
    </DD08V>
    <DD08V>
     <TABNAME>ZEFI_BAPI3008_2</TABNAME>
     <FIELDNAME>W_TAX_CODE</FIELDNAME>
     <CHECKTABLE>T059Q</CHECKTABLE>
    </DD08V>
   </DD08V_TABLE>
  </asx:values>
 </asx:abap>
</abapGit>
