﻿<?xml version="1.0" encoding="utf-8"?>
<abapGit version="v1.0.0" serializer="LCL_OBJECT_TABL" serializer_version="v1.0.0">
 <asx:abap xmlns:asx="http://www.sap.com/abapxml" version="1.0">
  <asx:values>
   <DD02V>
    <TABNAME>ZEFI_TRANSACOES_IMOBILIZADO</TABNAME>
    <DDLANGUAGE>P</DDLANGUAGE>
    <TABCLASS>INTTAB</TABCLASS>
    <DDTEXT>Extração dos movimentos do imobilizado</DDTEXT>
    <EXCLASS>3</EXCLASS>
   </DD02V>
   <DD03P_TABLE>
    <DD03P>
     <TABNAME>ZEFI_TRANSACOES_IMOBILIZADO</TABNAME>
     <FIELDNAME>BUKRS</FIELDNAME>
     <POSITION>0001</POSITION>
     <ROLLNAME>BUKRS</ROLLNAME>
     <ADMINFIELD>0</ADMINFIELD>
     <SHLPORIGIN>D</SHLPORIGIN>
     <COMPTYPE>E</COMPTYPE>
    </DD03P>
    <DD03P>
     <TABNAME>ZEFI_TRANSACOES_IMOBILIZADO</TABNAME>
     <FIELDNAME>ANLN1</FIELDNAME>
     <POSITION>0002</POSITION>
     <ROLLNAME>ANLN1</ROLLNAME>
     <ADMINFIELD>0</ADMINFIELD>
     <COMPTYPE>E</COMPTYPE>
    </DD03P>
    <DD03P>
     <TABNAME>ZEFI_TRANSACOES_IMOBILIZADO</TABNAME>
     <FIELDNAME>ANLN2</FIELDNAME>
     <POSITION>0003</POSITION>
     <ROLLNAME>ANLN2</ROLLNAME>
     <ADMINFIELD>0</ADMINFIELD>
     <COMPTYPE>E</COMPTYPE>
    </DD03P>
    <DD03P>
     <TABNAME>ZEFI_TRANSACOES_IMOBILIZADO</TABNAME>
     <FIELDNAME>AFABE</FIELDNAME>
     <POSITION>0004</POSITION>
     <ROLLNAME>AFABE_D</ROLLNAME>
     <ADMINFIELD>0</ADMINFIELD>
     <COMPTYPE>E</COMPTYPE>
    </DD03P>
    <DD03P>
     <TABNAME>ZEFI_TRANSACOES_IMOBILIZADO</TABNAME>
     <FIELDNAME>BWASL</FIELDNAME>
     <POSITION>0005</POSITION>
     <ROLLNAME>BWASL</ROLLNAME>
     <ADMINFIELD>0</ADMINFIELD>
     <COMPTYPE>E</COMPTYPE>
    </DD03P>
    <DD03P>
     <TABNAME>ZEFI_TRANSACOES_IMOBILIZADO</TABNAME>
     <FIELDNAME>GJAHR</FIELDNAME>
     <POSITION>0006</POSITION>
     <ROLLNAME>GJAHR</ROLLNAME>
     <ADMINFIELD>0</ADMINFIELD>
     <COMPTYPE>E</COMPTYPE>
    </DD03P>
    <DD03P>
     <TABNAME>ZEFI_TRANSACOES_IMOBILIZADO</TABNAME>
     <FIELDNAME>LNRAN</FIELDNAME>
     <POSITION>0007</POSITION>
     <ROLLNAME>LNRAN</ROLLNAME>
     <ADMINFIELD>0</ADMINFIELD>
     <COMPTYPE>E</COMPTYPE>
    </DD03P>
    <DD03P>
     <TABNAME>ZEFI_TRANSACOES_IMOBILIZADO</TABNAME>
     <FIELDNAME>BZDAT</FIELDNAME>
     <POSITION>0008</POSITION>
     <ROLLNAME>BZDAT</ROLLNAME>
     <ADMINFIELD>0</ADMINFIELD>
     <SHLPORIGIN>T</SHLPORIGIN>
     <COMPTYPE>E</COMPTYPE>
    </DD03P>
    <DD03P>
     <TABNAME>ZEFI_TRANSACOES_IMOBILIZADO</TABNAME>
     <FIELDNAME>ANBTR</FIELDNAME>
     <POSITION>0009</POSITION>
     <ROLLNAME>ANBTR</ROLLNAME>
     <ADMINFIELD>0</ADMINFIELD>
     <REFTABLE>T093B</REFTABLE>
     <REFFIELD>WAERS</REFFIELD>
     <COMPTYPE>E</COMPTYPE>
    </DD03P>
    <DD03P>
     <TABNAME>ZEFI_TRANSACOES_IMOBILIZADO</TABNAME>
     <FIELDNAME>WAERS</FIELDNAME>
     <POSITION>0010</POSITION>
     <ROLLNAME>WAERS</ROLLNAME>
     <ADMINFIELD>0</ADMINFIELD>
     <COMPTYPE>E</COMPTYPE>
    </DD03P>
   </DD03P_TABLE>
  </asx:values>
 </asx:abap>
</abapGit>
