﻿<?xml version="1.0" encoding="utf-8"?>
<abapGit version="v1.0.0" serializer="LCL_OBJECT_TABL" serializer_version="v1.0.0">
 <asx:abap xmlns:asx="http://www.sap.com/abapxml" version="1.0">
  <asx:values>
   <DD02V>
    <TABNAME>ZEFI_FDBL_BALANCE_LINE</TABNAME>
    <DDLANGUAGE>P</DDLANGUAGE>
    <TABCLASS>INTTAB</TABCLASS>
    <DDTEXT>Exibição de saldos: estrutura de tabela de edição de saldos</DDTEXT>
   </DD02V>
   <DD03P_TABLE>
    <DD03P>
     <TABNAME>ZEFI_FDBL_BALANCE_LINE</TABNAME>
     <FIELDNAME>COMP_CODE</FIELDNAME>
     <POSITION>0001</POSITION>
     <ROLLNAME>BUKRS</ROLLNAME>
     <ADMINFIELD>0</ADMINFIELD>
     <SHLPORIGIN>D</SHLPORIGIN>
     <COMPTYPE>E</COMPTYPE>
    </DD03P>
    <DD03P>
     <TABNAME>ZEFI_FDBL_BALANCE_LINE</TABNAME>
     <FIELDNAME>GL_ACCOUNT</FIELDNAME>
     <POSITION>0002</POSITION>
     <ROLLNAME>SAKNR</ROLLNAME>
     <ADMINFIELD>0</ADMINFIELD>
     <SHLPORIGIN>D</SHLPORIGIN>
     <COMPTYPE>E</COMPTYPE>
    </DD03P>
    <DD03P>
     <TABNAME>ZEFI_FDBL_BALANCE_LINE</TABNAME>
     <FIELDNAME>FISC_YEAR</FIELDNAME>
     <POSITION>0003</POSITION>
     <ROLLNAME>GJAHR</ROLLNAME>
     <ADMINFIELD>0</ADMINFIELD>
     <COMPTYPE>E</COMPTYPE>
    </DD03P>
    <DD03P>
     <TABNAME>ZEFI_FDBL_BALANCE_LINE</TABNAME>
     <FIELDNAME>DEBIT</FIELDNAME>
     <POSITION>0004</POSITION>
     <ROLLNAME>FDBL_DE_S</ROLLNAME>
     <ADMINFIELD>0</ADMINFIELD>
     <REFTABLE>T001</REFTABLE>
     <REFFIELD>WAERS</REFFIELD>
     <COMPTYPE>E</COMPTYPE>
    </DD03P>
    <DD03P>
     <TABNAME>ZEFI_FDBL_BALANCE_LINE</TABNAME>
     <FIELDNAME>CREDIT</FIELDNAME>
     <POSITION>0005</POSITION>
     <ROLLNAME>FDBL_DE_H</ROLLNAME>
     <ADMINFIELD>0</ADMINFIELD>
     <REFTABLE>T001</REFTABLE>
     <REFFIELD>WAERS</REFFIELD>
     <COMPTYPE>E</COMPTYPE>
    </DD03P>
    <DD03P>
     <TABNAME>ZEFI_FDBL_BALANCE_LINE</TABNAME>
     <FIELDNAME>BALANCE</FIELDNAME>
     <POSITION>0006</POSITION>
     <ROLLNAME>FDBL_DE_BAL</ROLLNAME>
     <ADMINFIELD>0</ADMINFIELD>
     <REFTABLE>T001</REFTABLE>
     <REFFIELD>WAERS</REFFIELD>
     <COMPTYPE>E</COMPTYPE>
    </DD03P>
    <DD03P>
     <TABNAME>ZEFI_FDBL_BALANCE_LINE</TABNAME>
     <FIELDNAME>CURRENCY</FIELDNAME>
     <POSITION>0007</POSITION>
     <ROLLNAME>WAERS</ROLLNAME>
     <ADMINFIELD>0</ADMINFIELD>
     <COMPTYPE>E</COMPTYPE>
    </DD03P>
   </DD03P_TABLE>
  </asx:values>
 </asx:abap>
</abapGit>
