﻿<?xml version="1.0" encoding="utf-8"?>
<abapGit version="v1.0.0" serializer="LCL_OBJECT_TABL" serializer_version="v1.0.0">
 <asx:abap xmlns:asx="http://www.sap.com/abapxml" version="1.0">
  <asx:values>
   <DD02V>
    <TABNAME>ZEFI_ITENS_ABERTOS_GL</TABNAME>
    <DDLANGUAGE>P</DDLANGUAGE>
    <TABCLASS>INTTAB</TABCLASS>
    <DDTEXT>Extração dos ítens em aberto GL</DDTEXT>
    <EXCLASS>3</EXCLASS>
   </DD02V>
   <DD03P_TABLE>
    <DD03P>
     <TABNAME>ZEFI_ITENS_ABERTOS_GL</TABNAME>
     <FIELDNAME>BUKRS</FIELDNAME>
     <POSITION>0001</POSITION>
     <ROLLNAME>BUKRS</ROLLNAME>
     <ADMINFIELD>0</ADMINFIELD>
     <SHLPORIGIN>D</SHLPORIGIN>
     <COMPTYPE>E</COMPTYPE>
    </DD03P>
    <DD03P>
     <TABNAME>ZEFI_ITENS_ABERTOS_GL</TABNAME>
     <FIELDNAME>HKONT</FIELDNAME>
     <POSITION>0002</POSITION>
     <ROLLNAME>HKONT</ROLLNAME>
     <ADMINFIELD>0</ADMINFIELD>
     <COMPTYPE>E</COMPTYPE>
    </DD03P>
    <DD03P>
     <TABNAME>ZEFI_ITENS_ABERTOS_GL</TABNAME>
     <FIELDNAME>XBLNR</FIELDNAME>
     <POSITION>0003</POSITION>
     <ROLLNAME>XBLNR1</ROLLNAME>
     <ADMINFIELD>0</ADMINFIELD>
     <COMPTYPE>E</COMPTYPE>
    </DD03P>
    <DD03P>
     <TABNAME>ZEFI_ITENS_ABERTOS_GL</TABNAME>
     <FIELDNAME>ACC_PRINCIPLE</FIELDNAME>
     <POSITION>0004</POSITION>
     <ROLLNAME>SAKNR</ROLLNAME>
     <ADMINFIELD>0</ADMINFIELD>
     <SHLPORIGIN>D</SHLPORIGIN>
     <COMPTYPE>E</COMPTYPE>
    </DD03P>
    <DD03P>
     <TABNAME>ZEFI_ITENS_ABERTOS_GL</TABNAME>
     <FIELDNAME>BLDAT</FIELDNAME>
     <POSITION>0005</POSITION>
     <ROLLNAME>BLDAT</ROLLNAME>
     <ADMINFIELD>0</ADMINFIELD>
     <SHLPORIGIN>T</SHLPORIGIN>
     <COMPTYPE>E</COMPTYPE>
    </DD03P>
    <DD03P>
     <TABNAME>ZEFI_ITENS_ABERTOS_GL</TABNAME>
     <FIELDNAME>BUDAT</FIELDNAME>
     <POSITION>0006</POSITION>
     <ROLLNAME>BUDAT</ROLLNAME>
     <ADMINFIELD>0</ADMINFIELD>
     <SHLPORIGIN>T</SHLPORIGIN>
     <COMPTYPE>E</COMPTYPE>
    </DD03P>
    <DD03P>
     <TABNAME>ZEFI_ITENS_ABERTOS_GL</TABNAME>
     <FIELDNAME>BKTXT</FIELDNAME>
     <POSITION>0007</POSITION>
     <ROLLNAME>BKTXT</ROLLNAME>
     <ADMINFIELD>0</ADMINFIELD>
     <COMPTYPE>E</COMPTYPE>
    </DD03P>
    <DD03P>
     <TABNAME>ZEFI_ITENS_ABERTOS_GL</TABNAME>
     <FIELDNAME>SGTXT</FIELDNAME>
     <POSITION>0008</POSITION>
     <ROLLNAME>SGTXT</ROLLNAME>
     <ADMINFIELD>0</ADMINFIELD>
     <COMPTYPE>E</COMPTYPE>
    </DD03P>
    <DD03P>
     <TABNAME>ZEFI_ITENS_ABERTOS_GL</TABNAME>
     <FIELDNAME>GKONT</FIELDNAME>
     <POSITION>0009</POSITION>
     <ROLLNAME>GKONT</ROLLNAME>
     <ADMINFIELD>0</ADMINFIELD>
     <SHLPORIGIN>D</SHLPORIGIN>
     <COMPTYPE>E</COMPTYPE>
    </DD03P>
    <DD03P>
     <TABNAME>ZEFI_ITENS_ABERTOS_GL</TABNAME>
     <FIELDNAME>WRBTR</FIELDNAME>
     <POSITION>0010</POSITION>
     <ROLLNAME>WRBTR</ROLLNAME>
     <ADMINFIELD>0</ADMINFIELD>
     <REFTABLE>BSIS</REFTABLE>
     <REFFIELD>WAERS</REFFIELD>
     <COMPTYPE>E</COMPTYPE>
    </DD03P>
    <DD03P>
     <TABNAME>ZEFI_ITENS_ABERTOS_GL</TABNAME>
     <FIELDNAME>DMBTR</FIELDNAME>
     <POSITION>0011</POSITION>
     <ROLLNAME>DMBTR</ROLLNAME>
     <ADMINFIELD>0</ADMINFIELD>
     <REFTABLE>T001</REFTABLE>
     <REFFIELD>WAERS</REFFIELD>
     <COMPTYPE>E</COMPTYPE>
    </DD03P>
    <DD03P>
     <TABNAME>ZEFI_ITENS_ABERTOS_GL</TABNAME>
     <FIELDNAME>DMBE2</FIELDNAME>
     <POSITION>0012</POSITION>
     <ROLLNAME>DMBE2</ROLLNAME>
     <ADMINFIELD>0</ADMINFIELD>
     <REFTABLE>BKPF</REFTABLE>
     <REFFIELD>HWAE2</REFFIELD>
     <COMPTYPE>E</COMPTYPE>
    </DD03P>
    <DD03P>
     <TABNAME>ZEFI_ITENS_ABERTOS_GL</TABNAME>
     <FIELDNAME>DMBE3</FIELDNAME>
     <POSITION>0013</POSITION>
     <ROLLNAME>DMBE3</ROLLNAME>
     <ADMINFIELD>0</ADMINFIELD>
     <REFTABLE>BKPF</REFTABLE>
     <REFFIELD>HWAE3</REFFIELD>
     <COMPTYPE>E</COMPTYPE>
    </DD03P>
    <DD03P>
     <TABNAME>ZEFI_ITENS_ABERTOS_GL</TABNAME>
     <FIELDNAME>WAERS</FIELDNAME>
     <POSITION>0014</POSITION>
     <ROLLNAME>WAERS</ROLLNAME>
     <ADMINFIELD>0</ADMINFIELD>
     <COMPTYPE>E</COMPTYPE>
    </DD03P>
    <DD03P>
     <TABNAME>ZEFI_ITENS_ABERTOS_GL</TABNAME>
     <FIELDNAME>HWAER</FIELDNAME>
     <POSITION>0015</POSITION>
     <ROLLNAME>HWAER</ROLLNAME>
     <ADMINFIELD>0</ADMINFIELD>
     <COMPTYPE>E</COMPTYPE>
    </DD03P>
    <DD03P>
     <TABNAME>ZEFI_ITENS_ABERTOS_GL</TABNAME>
     <FIELDNAME>HWAE2</FIELDNAME>
     <POSITION>0016</POSITION>
     <ROLLNAME>HWAE2</ROLLNAME>
     <ADMINFIELD>0</ADMINFIELD>
     <COMPTYPE>E</COMPTYPE>
    </DD03P>
    <DD03P>
     <TABNAME>ZEFI_ITENS_ABERTOS_GL</TABNAME>
     <FIELDNAME>HWAE3</FIELDNAME>
     <POSITION>0017</POSITION>
     <ROLLNAME>HWAE3</ROLLNAME>
     <ADMINFIELD>0</ADMINFIELD>
     <COMPTYPE>E</COMPTYPE>
    </DD03P>
    <DD03P>
     <TABNAME>ZEFI_ITENS_ABERTOS_GL</TABNAME>
     <FIELDNAME>MWSKZ</FIELDNAME>
     <POSITION>0018</POSITION>
     <ROLLNAME>MWSKZ</ROLLNAME>
     <ADMINFIELD>0</ADMINFIELD>
     <COMPTYPE>E</COMPTYPE>
    </DD03P>
    <DD03P>
     <TABNAME>ZEFI_ITENS_ABERTOS_GL</TABNAME>
     <FIELDNAME>VALUT</FIELDNAME>
     <POSITION>0019</POSITION>
     <ROLLNAME>VALUT</ROLLNAME>
     <ADMINFIELD>0</ADMINFIELD>
     <SHLPORIGIN>T</SHLPORIGIN>
     <COMPTYPE>E</COMPTYPE>
    </DD03P>
    <DD03P>
     <TABNAME>ZEFI_ITENS_ABERTOS_GL</TABNAME>
     <FIELDNAME>KOSTL</FIELDNAME>
     <POSITION>0020</POSITION>
     <ROLLNAME>KOSTL</ROLLNAME>
     <ADMINFIELD>0</ADMINFIELD>
     <COMPTYPE>E</COMPTYPE>
    </DD03P>
    <DD03P>
     <TABNAME>ZEFI_ITENS_ABERTOS_GL</TABNAME>
     <FIELDNAME>PRCTR</FIELDNAME>
     <POSITION>0021</POSITION>
     <ROLLNAME>PRCTR</ROLLNAME>
     <ADMINFIELD>0</ADMINFIELD>
     <SHLPORIGIN>D</SHLPORIGIN>
     <COMPTYPE>E</COMPTYPE>
    </DD03P>
    <DD03P>
     <TABNAME>ZEFI_ITENS_ABERTOS_GL</TABNAME>
     <FIELDNAME>AUFNR</FIELDNAME>
     <POSITION>0022</POSITION>
     <ROLLNAME>AUFNR_NEU</ROLLNAME>
     <ADMINFIELD>0</ADMINFIELD>
     <COMPTYPE>E</COMPTYPE>
    </DD03P>
    <DD03P>
     <TABNAME>ZEFI_ITENS_ABERTOS_GL</TABNAME>
     <FIELDNAME>NPLNR</FIELDNAME>
     <POSITION>0023</POSITION>
     <ROLLNAME>NPLNR</ROLLNAME>
     <ADMINFIELD>0</ADMINFIELD>
     <COMPTYPE>E</COMPTYPE>
    </DD03P>
    <DD03P>
     <TABNAME>ZEFI_ITENS_ABERTOS_GL</TABNAME>
     <FIELDNAME>VBUND</FIELDNAME>
     <POSITION>0024</POSITION>
     <ROLLNAME>RASSC</ROLLNAME>
     <ADMINFIELD>0</ADMINFIELD>
     <COMPTYPE>E</COMPTYPE>
    </DD03P>
    <DD03P>
     <TABNAME>ZEFI_ITENS_ABERTOS_GL</TABNAME>
     <FIELDNAME>SEGMENT</FIELDNAME>
     <POSITION>0025</POSITION>
     <ROLLNAME>FB_SEGMENT</ROLLNAME>
     <ADMINFIELD>0</ADMINFIELD>
     <COMPTYPE>E</COMPTYPE>
    </DD03P>
    <DD03P>
     <TABNAME>ZEFI_ITENS_ABERTOS_GL</TABNAME>
     <FIELDNAME>PROJK</FIELDNAME>
     <POSITION>0026</POSITION>
     <ROLLNAME>PS_PSP_PNR</ROLLNAME>
     <ADMINFIELD>0</ADMINFIELD>
     <COMPTYPE>E</COMPTYPE>
    </DD03P>
    <DD03P>
     <TABNAME>ZEFI_ITENS_ABERTOS_GL</TABNAME>
     <FIELDNAME>PERNR</FIELDNAME>
     <POSITION>0027</POSITION>
     <ROLLNAME>P_PERNR</ROLLNAME>
     <ADMINFIELD>0</ADMINFIELD>
     <COMPTYPE>E</COMPTYPE>
    </DD03P>
    <DD03P>
     <TABNAME>ZEFI_ITENS_ABERTOS_GL</TABNAME>
     <FIELDNAME>ZUONR</FIELDNAME>
     <POSITION>0028</POSITION>
     <ROLLNAME>DZUONR</ROLLNAME>
     <ADMINFIELD>0</ADMINFIELD>
     <COMPTYPE>E</COMPTYPE>
    </DD03P>
    <DD03P>
     <TABNAME>ZEFI_ITENS_ABERTOS_GL</TABNAME>
     <FIELDNAME>HBKID</FIELDNAME>
     <POSITION>0029</POSITION>
     <ROLLNAME>HBKID</ROLLNAME>
     <ADMINFIELD>0</ADMINFIELD>
     <COMPTYPE>E</COMPTYPE>
    </DD03P>
    <DD03P>
     <TABNAME>ZEFI_ITENS_ABERTOS_GL</TABNAME>
     <FIELDNAME>HKTID</FIELDNAME>
     <POSITION>0030</POSITION>
     <ROLLNAME>HKTID</ROLLNAME>
     <ADMINFIELD>0</ADMINFIELD>
     <COMPTYPE>E</COMPTYPE>
    </DD03P>
    <DD03P>
     <TABNAME>ZEFI_ITENS_ABERTOS_GL</TABNAME>
     <FIELDNAME>GSBER</FIELDNAME>
     <POSITION>0031</POSITION>
     <ROLLNAME>GSBER</ROLLNAME>
     <ADMINFIELD>0</ADMINFIELD>
     <COMPTYPE>E</COMPTYPE>
    </DD03P>
    <DD03P>
     <TABNAME>ZEFI_ITENS_ABERTOS_GL</TABNAME>
     <FIELDNAME>BSCHL</FIELDNAME>
     <POSITION>0032</POSITION>
     <ROLLNAME>BSCHL</ROLLNAME>
     <ADMINFIELD>0</ADMINFIELD>
     <COMPTYPE>E</COMPTYPE>
    </DD03P>
    <DD03P>
     <TABNAME>ZEFI_ITENS_ABERTOS_GL</TABNAME>
     <FIELDNAME>BEWAR</FIELDNAME>
     <POSITION>0033</POSITION>
     <ROLLNAME>RMVCT</ROLLNAME>
     <ADMINFIELD>0</ADMINFIELD>
     <COMPTYPE>E</COMPTYPE>
    </DD03P>
    <DD03P>
     <TABNAME>ZEFI_ITENS_ABERTOS_GL</TABNAME>
     <FIELDNAME>BLART</FIELDNAME>
     <POSITION>0034</POSITION>
     <ROLLNAME>BLART</ROLLNAME>
     <ADMINFIELD>0</ADMINFIELD>
     <COMPTYPE>E</COMPTYPE>
    </DD03P>
   </DD03P_TABLE>
  </asx:values>
 </asx:abap>
</abapGit>
