﻿<?xml version="1.0" encoding="utf-8"?>
<abapGit version="v1.0.0" serializer="LCL_OBJECT_TABL" serializer_version="v1.0.0">
 <asx:abap xmlns:asx="http://www.sap.com/abapxml" version="1.0">
  <asx:values>
   <DD02V>
    <TABNAME>ZEFI_DADOS_PARCEIROS</TABNAME>
    <DDLANGUAGE>P</DDLANGUAGE>
    <TABCLASS>INTTAB</TABCLASS>
    <DDTEXT>Extração de dados dos parceiros (Mestre de Clientes)</DDTEXT>
    <EXCLASS>2</EXCLASS>
   </DD02V>
   <DD03P_TABLE>
    <DD03P>
     <TABNAME>ZEFI_DADOS_PARCEIROS</TABNAME>
     <FIELDNAME>KUNNR</FIELDNAME>
     <POSITION>0001</POSITION>
     <ROLLNAME>KUNNR</ROLLNAME>
     <ADMINFIELD>0</ADMINFIELD>
     <SHLPORIGIN>D</SHLPORIGIN>
     <COMPTYPE>E</COMPTYPE>
    </DD03P>
    <DD03P>
     <TABNAME>ZEFI_DADOS_PARCEIROS</TABNAME>
     <FIELDNAME>VKORG</FIELDNAME>
     <POSITION>0002</POSITION>
     <ROLLNAME>VKORG</ROLLNAME>
     <ADMINFIELD>0</ADMINFIELD>
     <SHLPORIGIN>D</SHLPORIGIN>
     <COMPTYPE>E</COMPTYPE>
    </DD03P>
    <DD03P>
     <TABNAME>ZEFI_DADOS_PARCEIROS</TABNAME>
     <FIELDNAME>VTWEG</FIELDNAME>
     <POSITION>0003</POSITION>
     <ROLLNAME>VTWEG</ROLLNAME>
     <ADMINFIELD>0</ADMINFIELD>
     <SHLPORIGIN>D</SHLPORIGIN>
     <COMPTYPE>E</COMPTYPE>
    </DD03P>
    <DD03P>
     <TABNAME>ZEFI_DADOS_PARCEIROS</TABNAME>
     <FIELDNAME>SPART</FIELDNAME>
     <POSITION>0004</POSITION>
     <ROLLNAME>SPART</ROLLNAME>
     <ADMINFIELD>0</ADMINFIELD>
     <SHLPORIGIN>D</SHLPORIGIN>
     <COMPTYPE>E</COMPTYPE>
    </DD03P>
    <DD03P>
     <TABNAME>ZEFI_DADOS_PARCEIROS</TABNAME>
     <FIELDNAME>PARVW</FIELDNAME>
     <POSITION>0005</POSITION>
     <ROLLNAME>PARVW</ROLLNAME>
     <ADMINFIELD>0</ADMINFIELD>
     <COMPTYPE>E</COMPTYPE>
    </DD03P>
    <DD03P>
     <TABNAME>ZEFI_DADOS_PARCEIROS</TABNAME>
     <FIELDNAME>KUNN2</FIELDNAME>
     <POSITION>0006</POSITION>
     <ROLLNAME>KUNN2</ROLLNAME>
     <ADMINFIELD>0</ADMINFIELD>
     <COMPTYPE>E</COMPTYPE>
    </DD03P>
    <DD03P>
     <TABNAME>ZEFI_DADOS_PARCEIROS</TABNAME>
     <FIELDNAME>LIFNR</FIELDNAME>
     <POSITION>0007</POSITION>
     <ROLLNAME>LIFNR</ROLLNAME>
     <ADMINFIELD>0</ADMINFIELD>
     <SHLPORIGIN>D</SHLPORIGIN>
     <COMPTYPE>E</COMPTYPE>
    </DD03P>
    <DD03P>
     <TABNAME>ZEFI_DADOS_PARCEIROS</TABNAME>
     <FIELDNAME>PERNR</FIELDNAME>
     <POSITION>0008</POSITION>
     <ROLLNAME>PERNR_D</ROLLNAME>
     <ADMINFIELD>0</ADMINFIELD>
     <COMPTYPE>E</COMPTYPE>
    </DD03P>
    <DD03P>
     <TABNAME>ZEFI_DADOS_PARCEIROS</TABNAME>
     <FIELDNAME>PARNR</FIELDNAME>
     <POSITION>0009</POSITION>
     <ROLLNAME>PARNR</ROLLNAME>
     <ADMINFIELD>0</ADMINFIELD>
     <COMPTYPE>E</COMPTYPE>
    </DD03P>
    <DD03P>
     <TABNAME>ZEFI_DADOS_PARCEIROS</TABNAME>
     <FIELDNAME>DEFPA</FIELDNAME>
     <POSITION>0010</POSITION>
     <ROLLNAME>DEFPA</ROLLNAME>
     <ADMINFIELD>0</ADMINFIELD>
     <VALEXI>X</VALEXI>
     <SHLPORIGIN>F</SHLPORIGIN>
     <COMPTYPE>E</COMPTYPE>
    </DD03P>
    <DD03P>
     <TABNAME>ZEFI_DADOS_PARCEIROS</TABNAME>
     <FIELDNAME>KNREF</FIELDNAME>
     <POSITION>0011</POSITION>
     <ROLLNAME>KNREF</ROLLNAME>
     <ADMINFIELD>0</ADMINFIELD>
     <COMPTYPE>E</COMPTYPE>
    </DD03P>
   </DD03P_TABLE>
  </asx:values>
 </asx:abap>
</abapGit>
