﻿<?xml version="1.0" encoding="utf-8"?>
<abapGit version="v1.0.0" serializer="LCL_OBJECT_TABL" serializer_version="v1.0.0">
 <asx:abap xmlns:asx="http://www.sap.com/abapxml" version="1.0">
  <asx:values>
   <DD02V>
    <TABNAME>ZEFI_DADOS_GERAIS_CLIENTE</TABNAME>
    <DDLANGUAGE>P</DDLANGUAGE>
    <TABCLASS>INTTAB</TABCLASS>
    <DDTEXT>Extração de dados gerais de clientes (Mestre de Clientes)</DDTEXT>
    <EXCLASS>3</EXCLASS>
   </DD02V>
   <DD03P_TABLE>
    <DD03P>
     <TABNAME>ZEFI_DADOS_GERAIS_CLIENTE</TABNAME>
     <FIELDNAME>KUNNR</FIELDNAME>
     <POSITION>0001</POSITION>
     <ROLLNAME>KUNNR</ROLLNAME>
     <ADMINFIELD>0</ADMINFIELD>
     <SHLPORIGIN>D</SHLPORIGIN>
     <COMPTYPE>E</COMPTYPE>
    </DD03P>
    <DD03P>
     <TABNAME>ZEFI_DADOS_GERAIS_CLIENTE</TABNAME>
     <FIELDNAME>BU_GROUP</FIELDNAME>
     <POSITION>0002</POSITION>
     <ROLLNAME>BU_GROUP</ROLLNAME>
     <ADMINFIELD>0</ADMINFIELD>
     <COMPTYPE>E</COMPTYPE>
    </DD03P>
    <DD03P>
     <TABNAME>ZEFI_DADOS_GERAIS_CLIENTE</TABNAME>
     <FIELDNAME>KTOKD</FIELDNAME>
     <POSITION>0003</POSITION>
     <ROLLNAME>KTOKD</ROLLNAME>
     <ADMINFIELD>0</ADMINFIELD>
     <COMPTYPE>E</COMPTYPE>
    </DD03P>
    <DD03P>
     <TABNAME>ZEFI_DADOS_GERAIS_CLIENTE</TABNAME>
     <FIELDNAME>NAMORG1</FIELDNAME>
     <POSITION>0004</POSITION>
     <ROLLNAME>BU_NAMEOR1</ROLLNAME>
     <ADMINFIELD>0</ADMINFIELD>
     <COMPTYPE>E</COMPTYPE>
    </DD03P>
    <DD03P>
     <TABNAME>ZEFI_DADOS_GERAIS_CLIENTE</TABNAME>
     <FIELDNAME>NAMORG2</FIELDNAME>
     <POSITION>0005</POSITION>
     <ROLLNAME>BU_NAMEOR2</ROLLNAME>
     <ADMINFIELD>0</ADMINFIELD>
     <COMPTYPE>E</COMPTYPE>
    </DD03P>
    <DD03P>
     <TABNAME>ZEFI_DADOS_GERAIS_CLIENTE</TABNAME>
     <FIELDNAME>NAMORG3</FIELDNAME>
     <POSITION>0006</POSITION>
     <ROLLNAME>BU_NAMEOR3</ROLLNAME>
     <ADMINFIELD>0</ADMINFIELD>
     <COMPTYPE>E</COMPTYPE>
    </DD03P>
    <DD03P>
     <TABNAME>ZEFI_DADOS_GERAIS_CLIENTE</TABNAME>
     <FIELDNAME>NAMORG4</FIELDNAME>
     <POSITION>0007</POSITION>
     <ROLLNAME>BU_NAMEOR4</ROLLNAME>
     <ADMINFIELD>0</ADMINFIELD>
     <COMPTYPE>E</COMPTYPE>
    </DD03P>
    <DD03P>
     <TABNAME>ZEFI_DADOS_GERAIS_CLIENTE</TABNAME>
     <FIELDNAME>ANRED</FIELDNAME>
     <POSITION>0008</POSITION>
     <ROLLNAME>ANRED</ROLLNAME>
     <ADMINFIELD>0</ADMINFIELD>
     <COMPTYPE>E</COMPTYPE>
    </DD03P>
    <DD03P>
     <TABNAME>ZEFI_DADOS_GERAIS_CLIENTE</TABNAME>
     <FIELDNAME>NAME_FIRST</FIELDNAME>
     <POSITION>0009</POSITION>
     <ROLLNAME>NAME_FIRST</ROLLNAME>
     <ADMINFIELD>0</ADMINFIELD>
     <COMPTYPE>E</COMPTYPE>
    </DD03P>
    <DD03P>
     <TABNAME>ZEFI_DADOS_GERAIS_CLIENTE</TABNAME>
     <FIELDNAME>NAME_LAST</FIELDNAME>
     <POSITION>0010</POSITION>
     <ROLLNAME>NAME_LAST</ROLLNAME>
     <ADMINFIELD>0</ADMINFIELD>
     <COMPTYPE>E</COMPTYPE>
    </DD03P>
    <DD03P>
     <TABNAME>ZEFI_DADOS_GERAIS_CLIENTE</TABNAME>
     <FIELDNAME>NAME_MIDDLE</FIELDNAME>
     <POSITION>0011</POSITION>
     <ROLLNAME>NAMEMIDDLE</ROLLNAME>
     <ADMINFIELD>0</ADMINFIELD>
     <COMPTYPE>E</COMPTYPE>
    </DD03P>
    <DD03P>
     <TABNAME>ZEFI_DADOS_GERAIS_CLIENTE</TABNAME>
     <FIELDNAME>NAME_BIRTH</FIELDNAME>
     <POSITION>0012</POSITION>
     <ROLLNAME>TF_BIRTH_NAME_PS</ROLLNAME>
     <ADMINFIELD>0</ADMINFIELD>
     <COMPTYPE>E</COMPTYPE>
    </DD03P>
    <DD03P>
     <TABNAME>ZEFI_DADOS_GERAIS_CLIENTE</TABNAME>
     <FIELDNAME>SORT1</FIELDNAME>
     <POSITION>0013</POSITION>
     <ROLLNAME>AD_SORT1</ROLLNAME>
     <ADMINFIELD>0</ADMINFIELD>
     <COMPTYPE>E</COMPTYPE>
    </DD03P>
    <DD03P>
     <TABNAME>ZEFI_DADOS_GERAIS_CLIENTE</TABNAME>
     <FIELDNAME>SORT2</FIELDNAME>
     <POSITION>0014</POSITION>
     <ROLLNAME>AD_SORT2</ROLLNAME>
     <ADMINFIELD>0</ADMINFIELD>
     <COMPTYPE>E</COMPTYPE>
    </DD03P>
    <DD03P>
     <TABNAME>ZEFI_DADOS_GERAIS_CLIENTE</TABNAME>
     <FIELDNAME>LIFNR</FIELDNAME>
     <POSITION>0015</POSITION>
     <ROLLNAME>LIFNR</ROLLNAME>
     <ADMINFIELD>0</ADMINFIELD>
     <SHLPORIGIN>D</SHLPORIGIN>
     <COMPTYPE>E</COMPTYPE>
    </DD03P>
    <DD03P>
     <TABNAME>ZEFI_DADOS_GERAIS_CLIENTE</TABNAME>
     <FIELDNAME>KONZS</FIELDNAME>
     <POSITION>0016</POSITION>
     <ROLLNAME>KONZS</ROLLNAME>
     <ADMINFIELD>0</ADMINFIELD>
     <COMPTYPE>E</COMPTYPE>
    </DD03P>
    <DD03P>
     <TABNAME>ZEFI_DADOS_GERAIS_CLIENTE</TABNAME>
     <FIELDNAME>VBUND</FIELDNAME>
     <POSITION>0017</POSITION>
     <ROLLNAME>VBUND</ROLLNAME>
     <ADMINFIELD>0</ADMINFIELD>
     <COMPTYPE>E</COMPTYPE>
    </DD03P>
    <DD03P>
     <TABNAME>ZEFI_DADOS_GERAIS_CLIENTE</TABNAME>
     <FIELDNAME>STREET</FIELDNAME>
     <POSITION>0018</POSITION>
     <ROLLNAME>AD_STREET</ROLLNAME>
     <ADMINFIELD>0</ADMINFIELD>
     <SHLPORIGIN>D</SHLPORIGIN>
     <COMPTYPE>E</COMPTYPE>
    </DD03P>
    <DD03P>
     <TABNAME>ZEFI_DADOS_GERAIS_CLIENTE</TABNAME>
     <FIELDNAME>HOUSE_NUM1</FIELDNAME>
     <POSITION>0019</POSITION>
     <ROLLNAME>AD_HSNM1</ROLLNAME>
     <ADMINFIELD>0</ADMINFIELD>
     <COMPTYPE>E</COMPTYPE>
    </DD03P>
    <DD03P>
     <TABNAME>ZEFI_DADOS_GERAIS_CLIENTE</TABNAME>
     <FIELDNAME>CITY2</FIELDNAME>
     <POSITION>0020</POSITION>
     <ROLLNAME>AD_CITY2</ROLLNAME>
     <ADMINFIELD>0</ADMINFIELD>
     <SHLPORIGIN>D</SHLPORIGIN>
     <COMPTYPE>E</COMPTYPE>
    </DD03P>
    <DD03P>
     <TABNAME>ZEFI_DADOS_GERAIS_CLIENTE</TABNAME>
     <FIELDNAME>HOME_CITY</FIELDNAME>
     <POSITION>0021</POSITION>
     <ROLLNAME>AD_CITY3</ROLLNAME>
     <ADMINFIELD>0</ADMINFIELD>
     <COMPTYPE>E</COMPTYPE>
    </DD03P>
    <DD03P>
     <TABNAME>ZEFI_DADOS_GERAIS_CLIENTE</TABNAME>
     <FIELDNAME>POST_CODE1</FIELDNAME>
     <POSITION>0022</POSITION>
     <ROLLNAME>AD_PSTCD1</ROLLNAME>
     <ADMINFIELD>0</ADMINFIELD>
     <COMPTYPE>E</COMPTYPE>
    </DD03P>
    <DD03P>
     <TABNAME>ZEFI_DADOS_GERAIS_CLIENTE</TABNAME>
     <FIELDNAME>CITY1</FIELDNAME>
     <POSITION>0023</POSITION>
     <ROLLNAME>AD_CITY1</ROLLNAME>
     <ADMINFIELD>0</ADMINFIELD>
     <SHLPORIGIN>D</SHLPORIGIN>
     <COMPTYPE>E</COMPTYPE>
    </DD03P>
    <DD03P>
     <TABNAME>ZEFI_DADOS_GERAIS_CLIENTE</TABNAME>
     <FIELDNAME>COUNTRY</FIELDNAME>
     <POSITION>0024</POSITION>
     <ROLLNAME>LAND1</ROLLNAME>
     <ADMINFIELD>0</ADMINFIELD>
     <COMPTYPE>E</COMPTYPE>
    </DD03P>
    <DD03P>
     <TABNAME>ZEFI_DADOS_GERAIS_CLIENTE</TABNAME>
     <FIELDNAME>REGION</FIELDNAME>
     <POSITION>0025</POSITION>
     <ROLLNAME>REGIO</ROLLNAME>
     <ADMINFIELD>0</ADMINFIELD>
     <COMPTYPE>E</COMPTYPE>
    </DD03P>
    <DD03P>
     <TABNAME>ZEFI_DADOS_GERAIS_CLIENTE</TABNAME>
     <FIELDNAME>TIME_ZONE</FIELDNAME>
     <POSITION>0026</POSITION>
     <ROLLNAME>TIMEZONE</ROLLNAME>
     <ADMINFIELD>0</ADMINFIELD>
     <COMPTYPE>E</COMPTYPE>
    </DD03P>
    <DD03P>
     <TABNAME>ZEFI_DADOS_GERAIS_CLIENTE</TABNAME>
     <FIELDNAME>LZONE</FIELDNAME>
     <POSITION>0027</POSITION>
     <ROLLNAME>LZONE</ROLLNAME>
     <ADMINFIELD>0</ADMINFIELD>
     <COMPTYPE>E</COMPTYPE>
    </DD03P>
    <DD03P>
     <TABNAME>ZEFI_DADOS_GERAIS_CLIENTE</TABNAME>
     <FIELDNAME>BUILDING</FIELDNAME>
     <POSITION>0028</POSITION>
     <ROLLNAME>AD_BLDNG</ROLLNAME>
     <ADMINFIELD>0</ADMINFIELD>
     <COMPTYPE>E</COMPTYPE>
    </DD03P>
    <DD03P>
     <TABNAME>ZEFI_DADOS_GERAIS_CLIENTE</TABNAME>
     <FIELDNAME>ROOMNUMBER</FIELDNAME>
     <POSITION>0029</POSITION>
     <ROLLNAME>AD_ROOMNUM</ROLLNAME>
     <ADMINFIELD>0</ADMINFIELD>
     <COMPTYPE>E</COMPTYPE>
    </DD03P>
    <DD03P>
     <TABNAME>ZEFI_DADOS_GERAIS_CLIENTE</TABNAME>
     <FIELDNAME>FLOOR</FIELDNAME>
     <POSITION>0030</POSITION>
     <ROLLNAME>AD_FLOOR</ROLLNAME>
     <ADMINFIELD>0</ADMINFIELD>
     <COMPTYPE>E</COMPTYPE>
    </DD03P>
    <DD03P>
     <TABNAME>ZEFI_DADOS_GERAIS_CLIENTE</TABNAME>
     <FIELDNAME>NAME_CO</FIELDNAME>
     <POSITION>0031</POSITION>
     <ROLLNAME>AD_NAME_CO</ROLLNAME>
     <ADMINFIELD>0</ADMINFIELD>
     <COMPTYPE>E</COMPTYPE>
    </DD03P>
    <DD03P>
     <TABNAME>ZEFI_DADOS_GERAIS_CLIENTE</TABNAME>
     <FIELDNAME>STR_SUPPL1</FIELDNAME>
     <POSITION>0032</POSITION>
     <ROLLNAME>AD_STRSPP1</ROLLNAME>
     <ADMINFIELD>0</ADMINFIELD>
     <COMPTYPE>E</COMPTYPE>
    </DD03P>
    <DD03P>
     <TABNAME>ZEFI_DADOS_GERAIS_CLIENTE</TABNAME>
     <FIELDNAME>STR_SUPPL2</FIELDNAME>
     <POSITION>0033</POSITION>
     <ROLLNAME>AD_STRSPP2</ROLLNAME>
     <ADMINFIELD>0</ADMINFIELD>
     <COMPTYPE>E</COMPTYPE>
    </DD03P>
    <DD03P>
     <TABNAME>ZEFI_DADOS_GERAIS_CLIENTE</TABNAME>
     <FIELDNAME>HOUSE_NO2</FIELDNAME>
     <POSITION>0034</POSITION>
     <ROLLNAME>AD_HSNM2</ROLLNAME>
     <ADMINFIELD>0</ADMINFIELD>
     <COMPTYPE>E</COMPTYPE>
    </DD03P>
    <DD03P>
     <TABNAME>ZEFI_DADOS_GERAIS_CLIENTE</TABNAME>
     <FIELDNAME>STR_SUPPL3</FIELDNAME>
     <POSITION>0035</POSITION>
     <ROLLNAME>AD_STRSPP3</ROLLNAME>
     <ADMINFIELD>0</ADMINFIELD>
     <COMPTYPE>E</COMPTYPE>
    </DD03P>
    <DD03P>
     <TABNAME>ZEFI_DADOS_GERAIS_CLIENTE</TABNAME>
     <FIELDNAME>LOCATION</FIELDNAME>
     <POSITION>0036</POSITION>
     <ROLLNAME>AD_LCTN</ROLLNAME>
     <ADMINFIELD>0</ADMINFIELD>
     <COMPTYPE>E</COMPTYPE>
    </DD03P>
    <DD03P>
     <TABNAME>ZEFI_DADOS_GERAIS_CLIENTE</TABNAME>
     <FIELDNAME>TAXJURCODE</FIELDNAME>
     <POSITION>0037</POSITION>
     <ROLLNAME>AD_TXJCD</ROLLNAME>
     <ADMINFIELD>0</ADMINFIELD>
     <COMPTYPE>E</COMPTYPE>
    </DD03P>
    <DD03P>
     <TABNAME>ZEFI_DADOS_GERAIS_CLIENTE</TABNAME>
     <FIELDNAME>SUPPRESS_TXJCD</FIELDNAME>
     <POSITION>0038</POSITION>
     <ROLLNAME>CHAR1</ROLLNAME>
     <ADMINFIELD>0</ADMINFIELD>
     <COMPTYPE>E</COMPTYPE>
    </DD03P>
    <DD03P>
     <TABNAME>ZEFI_DADOS_GERAIS_CLIENTE</TABNAME>
     <FIELDNAME>PO_BOX</FIELDNAME>
     <POSITION>0039</POSITION>
     <ROLLNAME>AD_POBX</ROLLNAME>
     <ADMINFIELD>0</ADMINFIELD>
     <COMPTYPE>E</COMPTYPE>
    </DD03P>
    <DD03P>
     <TABNAME>ZEFI_DADOS_GERAIS_CLIENTE</TABNAME>
     <FIELDNAME>POST_CODE2</FIELDNAME>
     <POSITION>0040</POSITION>
     <ROLLNAME>AD_PSTCD2</ROLLNAME>
     <ADMINFIELD>0</ADMINFIELD>
     <COMPTYPE>E</COMPTYPE>
    </DD03P>
    <DD03P>
     <TABNAME>ZEFI_DADOS_GERAIS_CLIENTE</TABNAME>
     <FIELDNAME>PO_BOX_LOC</FIELDNAME>
     <POSITION>0041</POSITION>
     <ROLLNAME>AD_POBXLOC</ROLLNAME>
     <ADMINFIELD>0</ADMINFIELD>
     <SHLPORIGIN>D</SHLPORIGIN>
     <COMPTYPE>E</COMPTYPE>
    </DD03P>
    <DD03P>
     <TABNAME>ZEFI_DADOS_GERAIS_CLIENTE</TABNAME>
     <FIELDNAME>PO_BOX_CTY</FIELDNAME>
     <POSITION>0042</POSITION>
     <ROLLNAME>AD_POBXCTY</ROLLNAME>
     <ADMINFIELD>0</ADMINFIELD>
     <COMPTYPE>E</COMPTYPE>
    </DD03P>
    <DD03P>
     <TABNAME>ZEFI_DADOS_GERAIS_CLIENTE</TABNAME>
     <FIELDNAME>PO_BOX_REG</FIELDNAME>
     <POSITION>0043</POSITION>
     <ROLLNAME>AD_POBXREG</ROLLNAME>
     <ADMINFIELD>0</ADMINFIELD>
     <COMPTYPE>E</COMPTYPE>
    </DD03P>
    <DD03P>
     <TABNAME>ZEFI_DADOS_GERAIS_CLIENTE</TABNAME>
     <FIELDNAME>POST_CODE3</FIELDNAME>
     <POSITION>0044</POSITION>
     <ROLLNAME>AD_PSTCD3</ROLLNAME>
     <ADMINFIELD>0</ADMINFIELD>
     <COMPTYPE>E</COMPTYPE>
    </DD03P>
    <DD03P>
     <TABNAME>ZEFI_DADOS_GERAIS_CLIENTE</TABNAME>
     <FIELDNAME>LANGU_CORR</FIELDNAME>
     <POSITION>0045</POSITION>
     <ROLLNAME>SYST_LANGU</ROLLNAME>
     <ADMINFIELD>0</ADMINFIELD>
     <COMPTYPE>E</COMPTYPE>
     <LANGUFLAG>X</LANGUFLAG>
    </DD03P>
    <DD03P>
     <TABNAME>ZEFI_DADOS_GERAIS_CLIENTE</TABNAME>
     <FIELDNAME>TELNR_LONG</FIELDNAME>
     <POSITION>0046</POSITION>
     <ROLLNAME>AD_TELNRLG</ROLLNAME>
     <ADMINFIELD>0</ADMINFIELD>
     <COMPTYPE>E</COMPTYPE>
    </DD03P>
    <DD03P>
     <TABNAME>ZEFI_DADOS_GERAIS_CLIENTE</TABNAME>
     <FIELDNAME>TELNR_LONG_2</FIELDNAME>
     <POSITION>0047</POSITION>
     <ROLLNAME>AD_TELNRLG</ROLLNAME>
     <ADMINFIELD>0</ADMINFIELD>
     <COMPTYPE>E</COMPTYPE>
    </DD03P>
    <DD03P>
     <TABNAME>ZEFI_DADOS_GERAIS_CLIENTE</TABNAME>
     <FIELDNAME>TELNR_LONG_3</FIELDNAME>
     <POSITION>0048</POSITION>
     <ROLLNAME>AD_TELNRLG</ROLLNAME>
     <ADMINFIELD>0</ADMINFIELD>
     <COMPTYPE>E</COMPTYPE>
    </DD03P>
    <DD03P>
     <TABNAME>ZEFI_DADOS_GERAIS_CLIENTE</TABNAME>
     <FIELDNAME>MOBILE_LONG</FIELDNAME>
     <POSITION>0049</POSITION>
     <ROLLNAME>AD_TELNRLG</ROLLNAME>
     <ADMINFIELD>0</ADMINFIELD>
     <COMPTYPE>E</COMPTYPE>
    </DD03P>
    <DD03P>
     <TABNAME>ZEFI_DADOS_GERAIS_CLIENTE</TABNAME>
     <FIELDNAME>MOBILE_LONG_2</FIELDNAME>
     <POSITION>0050</POSITION>
     <ROLLNAME>AD_TELNRLG</ROLLNAME>
     <ADMINFIELD>0</ADMINFIELD>
     <COMPTYPE>E</COMPTYPE>
    </DD03P>
    <DD03P>
     <TABNAME>ZEFI_DADOS_GERAIS_CLIENTE</TABNAME>
     <FIELDNAME>MOBILE_LONG_3</FIELDNAME>
     <POSITION>0051</POSITION>
     <ROLLNAME>AD_TELNRLG</ROLLNAME>
     <ADMINFIELD>0</ADMINFIELD>
     <COMPTYPE>E</COMPTYPE>
    </DD03P>
    <DD03P>
     <TABNAME>ZEFI_DADOS_GERAIS_CLIENTE</TABNAME>
     <FIELDNAME>FAXNR_LONG</FIELDNAME>
     <POSITION>0052</POSITION>
     <ROLLNAME>AD_FXNRLNG</ROLLNAME>
     <ADMINFIELD>0</ADMINFIELD>
     <COMPTYPE>E</COMPTYPE>
    </DD03P>
    <DD03P>
     <TABNAME>ZEFI_DADOS_GERAIS_CLIENTE</TABNAME>
     <FIELDNAME>FAXNR_LONG_2</FIELDNAME>
     <POSITION>0053</POSITION>
     <ROLLNAME>AD_FXNRLNG</ROLLNAME>
     <ADMINFIELD>0</ADMINFIELD>
     <COMPTYPE>E</COMPTYPE>
    </DD03P>
    <DD03P>
     <TABNAME>ZEFI_DADOS_GERAIS_CLIENTE</TABNAME>
     <FIELDNAME>FAXNR_LONG_3</FIELDNAME>
     <POSITION>0054</POSITION>
     <ROLLNAME>AD_FXNRLNG</ROLLNAME>
     <ADMINFIELD>0</ADMINFIELD>
     <COMPTYPE>E</COMPTYPE>
    </DD03P>
    <DD03P>
     <TABNAME>ZEFI_DADOS_GERAIS_CLIENTE</TABNAME>
     <FIELDNAME>SMTP_ADDR</FIELDNAME>
     <POSITION>0055</POSITION>
     <ROLLNAME>AD_SMTPADR</ROLLNAME>
     <ADMINFIELD>0</ADMINFIELD>
     <COMPTYPE>E</COMPTYPE>
    </DD03P>
    <DD03P>
     <TABNAME>ZEFI_DADOS_GERAIS_CLIENTE</TABNAME>
     <FIELDNAME>SMTP_ADDR_2</FIELDNAME>
     <POSITION>0056</POSITION>
     <ROLLNAME>AD_SMTPADR</ROLLNAME>
     <ADMINFIELD>0</ADMINFIELD>
     <COMPTYPE>E</COMPTYPE>
    </DD03P>
    <DD03P>
     <TABNAME>ZEFI_DADOS_GERAIS_CLIENTE</TABNAME>
     <FIELDNAME>SMTP_ADDR_3</FIELDNAME>
     <POSITION>0057</POSITION>
     <ROLLNAME>AD_SMTPADR</ROLLNAME>
     <ADMINFIELD>0</ADMINFIELD>
     <COMPTYPE>E</COMPTYPE>
    </DD03P>
    <DD03P>
     <TABNAME>ZEFI_DADOS_GERAIS_CLIENTE</TABNAME>
     <FIELDNAME>URI_TYP</FIELDNAME>
     <POSITION>0058</POSITION>
     <ROLLNAME>AD_URITYPE</ROLLNAME>
     <ADMINFIELD>0</ADMINFIELD>
     <VALEXI>X</VALEXI>
     <SHLPORIGIN>F</SHLPORIGIN>
     <COMPTYPE>E</COMPTYPE>
    </DD03P>
    <DD03P>
     <TABNAME>ZEFI_DADOS_GERAIS_CLIENTE</TABNAME>
     <FIELDNAME>URI_ADDR</FIELDNAME>
     <POSITION>0059</POSITION>
     <ROLLNAME>AD_URISCR</ROLLNAME>
     <ADMINFIELD>0</ADMINFIELD>
     <COMPTYPE>E</COMPTYPE>
    </DD03P>
    <DD03P>
     <TABNAME>ZEFI_DADOS_GERAIS_CLIENTE</TABNAME>
     <FIELDNAME>DTAMS</FIELDNAME>
     <POSITION>0060</POSITION>
     <ROLLNAME>DTAMS</ROLLNAME>
     <ADMINFIELD>0</ADMINFIELD>
     <VALEXI>X</VALEXI>
     <SHLPORIGIN>F</SHLPORIGIN>
     <COMPTYPE>E</COMPTYPE>
    </DD03P>
    <DD03P>
     <TABNAME>ZEFI_DADOS_GERAIS_CLIENTE</TABNAME>
     <FIELDNAME>DTAWS</FIELDNAME>
     <POSITION>0061</POSITION>
     <ROLLNAME>DTAWS</ROLLNAME>
     <ADMINFIELD>0</ADMINFIELD>
     <COMPTYPE>E</COMPTYPE>
    </DD03P>
    <DD03P>
     <TABNAME>ZEFI_DADOS_GERAIS_CLIENTE</TABNAME>
     <FIELDNAME>KNRZA</FIELDNAME>
     <POSITION>0062</POSITION>
     <ROLLNAME>KNRZA</ROLLNAME>
     <ADMINFIELD>0</ADMINFIELD>
     <COMPTYPE>E</COMPTYPE>
    </DD03P>
    <DD03P>
     <TABNAME>ZEFI_DADOS_GERAIS_CLIENTE</TABNAME>
     <FIELDNAME>NIELS</FIELDNAME>
     <POSITION>0063</POSITION>
     <ROLLNAME>NIELS</ROLLNAME>
     <ADMINFIELD>0</ADMINFIELD>
     <COMPTYPE>E</COMPTYPE>
    </DD03P>
    <DD03P>
     <TABNAME>ZEFI_DADOS_GERAIS_CLIENTE</TABNAME>
     <FIELDNAME>RPMKR</FIELDNAME>
     <POSITION>0064</POSITION>
     <ROLLNAME>RPMKR</ROLLNAME>
     <ADMINFIELD>0</ADMINFIELD>
     <COMPTYPE>E</COMPTYPE>
    </DD03P>
    <DD03P>
     <TABNAME>ZEFI_DADOS_GERAIS_CLIENTE</TABNAME>
     <FIELDNAME>KUKLA</FIELDNAME>
     <POSITION>0065</POSITION>
     <ROLLNAME>KUKLA</ROLLNAME>
     <ADMINFIELD>0</ADMINFIELD>
     <COMPTYPE>E</COMPTYPE>
    </DD03P>
    <DD03P>
     <TABNAME>ZEFI_DADOS_GERAIS_CLIENTE</TABNAME>
     <FIELDNAME>HZUOR</FIELDNAME>
     <POSITION>0066</POSITION>
     <ROLLNAME>HZUOR</ROLLNAME>
     <ADMINFIELD>0</ADMINFIELD>
     <COMPTYPE>E</COMPTYPE>
    </DD03P>
    <DD03P>
     <TABNAME>ZEFI_DADOS_GERAIS_CLIENTE</TABNAME>
     <FIELDNAME>BRAN1</FIELDNAME>
     <POSITION>0067</POSITION>
     <ROLLNAME>BRAN1_D</ROLLNAME>
     <ADMINFIELD>0</ADMINFIELD>
     <COMPTYPE>E</COMPTYPE>
    </DD03P>
    <DD03P>
     <TABNAME>ZEFI_DADOS_GERAIS_CLIENTE</TABNAME>
     <FIELDNAME>BRAN2</FIELDNAME>
     <POSITION>0068</POSITION>
     <ROLLNAME>BRAN2</ROLLNAME>
     <ADMINFIELD>0</ADMINFIELD>
     <COMPTYPE>E</COMPTYPE>
    </DD03P>
    <DD03P>
     <TABNAME>ZEFI_DADOS_GERAIS_CLIENTE</TABNAME>
     <FIELDNAME>BRAN3</FIELDNAME>
     <POSITION>0069</POSITION>
     <ROLLNAME>BRAN3</ROLLNAME>
     <ADMINFIELD>0</ADMINFIELD>
     <COMPTYPE>E</COMPTYPE>
    </DD03P>
    <DD03P>
     <TABNAME>ZEFI_DADOS_GERAIS_CLIENTE</TABNAME>
     <FIELDNAME>BRAN4</FIELDNAME>
     <POSITION>0070</POSITION>
     <ROLLNAME>BRAN4</ROLLNAME>
     <ADMINFIELD>0</ADMINFIELD>
     <COMPTYPE>E</COMPTYPE>
    </DD03P>
    <DD03P>
     <TABNAME>ZEFI_DADOS_GERAIS_CLIENTE</TABNAME>
     <FIELDNAME>BRAN5</FIELDNAME>
     <POSITION>0071</POSITION>
     <ROLLNAME>BRAN5</ROLLNAME>
     <ADMINFIELD>0</ADMINFIELD>
     <COMPTYPE>E</COMPTYPE>
    </DD03P>
    <DD03P>
     <TABNAME>ZEFI_DADOS_GERAIS_CLIENTE</TABNAME>
     <FIELDNAME>SPERR</FIELDNAME>
     <POSITION>0072</POSITION>
     <ROLLNAME>SPERR</ROLLNAME>
     <ADMINFIELD>0</ADMINFIELD>
     <VALEXI>X</VALEXI>
     <SHLPORIGIN>F</SHLPORIGIN>
     <COMPTYPE>E</COMPTYPE>
    </DD03P>
    <DD03P>
     <TABNAME>ZEFI_DADOS_GERAIS_CLIENTE</TABNAME>
     <FIELDNAME>COLLMAN</FIELDNAME>
     <POSITION>0073</POSITION>
     <ROLLNAME>CHAR1</ROLLNAME>
     <ADMINFIELD>0</ADMINFIELD>
     <COMPTYPE>E</COMPTYPE>
    </DD03P>
   </DD03P_TABLE>
  </asx:values>
 </asx:abap>
</abapGit>
