﻿<?xml version="1.0" encoding="utf-8"?>
<abapGit version="v1.0.0" serializer="LCL_OBJECT_TABL" serializer_version="v1.0.0">
 <asx:abap xmlns:asx="http://www.sap.com/abapxml" version="1.0">
  <asx:values>
   <DD02V>
    <TABNAME>ZEFI_EXT_PLANO_CONTAS</TABNAME>
    <DDLANGUAGE>P</DDLANGUAGE>
    <TABCLASS>INTTAB</TABCLASS>
    <DDTEXT>Extração do plano de contas</DDTEXT>
    <EXCLASS>3</EXCLASS>
   </DD02V>
   <DD03P_TABLE>
    <DD03P>
     <TABNAME>ZEFI_EXT_PLANO_CONTAS</TABNAME>
     <FIELDNAME>SAKNR</FIELDNAME>
     <POSITION>0001</POSITION>
     <ROLLNAME>SAKNR</ROLLNAME>
     <ADMINFIELD>0</ADMINFIELD>
     <SHLPORIGIN>D</SHLPORIGIN>
     <COMPTYPE>E</COMPTYPE>
    </DD03P>
    <DD03P>
     <TABNAME>ZEFI_EXT_PLANO_CONTAS</TABNAME>
     <FIELDNAME>KTOPL</FIELDNAME>
     <POSITION>0002</POSITION>
     <ROLLNAME>KTOPL</ROLLNAME>
     <ADMINFIELD>0</ADMINFIELD>
     <SHLPORIGIN>D</SHLPORIGIN>
     <COMPTYPE>E</COMPTYPE>
    </DD03P>
    <DD03P>
     <TABNAME>ZEFI_EXT_PLANO_CONTAS</TABNAME>
     <FIELDNAME>XBILK</FIELDNAME>
     <POSITION>0003</POSITION>
     <ROLLNAME>XBILK</ROLLNAME>
     <ADMINFIELD>0</ADMINFIELD>
     <VALEXI>X</VALEXI>
     <SHLPORIGIN>F</SHLPORIGIN>
     <COMPTYPE>E</COMPTYPE>
    </DD03P>
    <DD03P>
     <TABNAME>ZEFI_EXT_PLANO_CONTAS</TABNAME>
     <FIELDNAME>SAKAN</FIELDNAME>
     <POSITION>0004</POSITION>
     <ROLLNAME>SAKAN</ROLLNAME>
     <ADMINFIELD>0</ADMINFIELD>
     <COMPTYPE>E</COMPTYPE>
    </DD03P>
    <DD03P>
     <TABNAME>ZEFI_EXT_PLANO_CONTAS</TABNAME>
     <FIELDNAME>BILKT</FIELDNAME>
     <POSITION>0005</POSITION>
     <ROLLNAME>BILKT</ROLLNAME>
     <ADMINFIELD>0</ADMINFIELD>
     <COMPTYPE>E</COMPTYPE>
    </DD03P>
    <DD03P>
     <TABNAME>ZEFI_EXT_PLANO_CONTAS</TABNAME>
     <FIELDNAME>GVTYP</FIELDNAME>
     <POSITION>0006</POSITION>
     <ROLLNAME>GVTYP</ROLLNAME>
     <ADMINFIELD>0</ADMINFIELD>
     <COMPTYPE>E</COMPTYPE>
    </DD03P>
    <DD03P>
     <TABNAME>ZEFI_EXT_PLANO_CONTAS</TABNAME>
     <FIELDNAME>KTOKS</FIELDNAME>
     <POSITION>0007</POSITION>
     <ROLLNAME>KTOKS</ROLLNAME>
     <ADMINFIELD>0</ADMINFIELD>
     <COMPTYPE>E</COMPTYPE>
    </DD03P>
    <DD03P>
     <TABNAME>ZEFI_EXT_PLANO_CONTAS</TABNAME>
     <FIELDNAME>MUSTR</FIELDNAME>
     <POSITION>0008</POSITION>
     <ROLLNAME>MUSTR</ROLLNAME>
     <ADMINFIELD>0</ADMINFIELD>
     <COMPTYPE>E</COMPTYPE>
    </DD03P>
    <DD03P>
     <TABNAME>ZEFI_EXT_PLANO_CONTAS</TABNAME>
     <FIELDNAME>VBUND</FIELDNAME>
     <POSITION>0009</POSITION>
     <ROLLNAME>RASSC</ROLLNAME>
     <ADMINFIELD>0</ADMINFIELD>
     <COMPTYPE>E</COMPTYPE>
    </DD03P>
    <DD03P>
     <TABNAME>ZEFI_EXT_PLANO_CONTAS</TABNAME>
     <FIELDNAME>XLOEV</FIELDNAME>
     <POSITION>0010</POSITION>
     <ROLLNAME>XLOEV</ROLLNAME>
     <ADMINFIELD>0</ADMINFIELD>
     <VALEXI>X</VALEXI>
     <SHLPORIGIN>F</SHLPORIGIN>
     <COMPTYPE>E</COMPTYPE>
    </DD03P>
    <DD03P>
     <TABNAME>ZEFI_EXT_PLANO_CONTAS</TABNAME>
     <FIELDNAME>XSPEA</FIELDNAME>
     <POSITION>0011</POSITION>
     <ROLLNAME>XSPEA</ROLLNAME>
     <ADMINFIELD>0</ADMINFIELD>
     <VALEXI>X</VALEXI>
     <SHLPORIGIN>F</SHLPORIGIN>
     <COMPTYPE>E</COMPTYPE>
    </DD03P>
    <DD03P>
     <TABNAME>ZEFI_EXT_PLANO_CONTAS</TABNAME>
     <FIELDNAME>XSPEB_SKA1</FIELDNAME>
     <POSITION>0012</POSITION>
     <ROLLNAME>XSPEB</ROLLNAME>
     <ADMINFIELD>0</ADMINFIELD>
     <VALEXI>X</VALEXI>
     <SHLPORIGIN>F</SHLPORIGIN>
     <COMPTYPE>E</COMPTYPE>
    </DD03P>
    <DD03P>
     <TABNAME>ZEFI_EXT_PLANO_CONTAS</TABNAME>
     <FIELDNAME>XSPEP</FIELDNAME>
     <POSITION>0013</POSITION>
     <ROLLNAME>XSPEP</ROLLNAME>
     <ADMINFIELD>0</ADMINFIELD>
     <VALEXI>X</VALEXI>
     <SHLPORIGIN>F</SHLPORIGIN>
     <COMPTYPE>E</COMPTYPE>
    </DD03P>
    <DD03P>
     <TABNAME>ZEFI_EXT_PLANO_CONTAS</TABNAME>
     <FIELDNAME>MCOD1</FIELDNAME>
     <POSITION>0014</POSITION>
     <ROLLNAME>MCODF</ROLLNAME>
     <ADMINFIELD>0</ADMINFIELD>
     <COMPTYPE>E</COMPTYPE>
    </DD03P>
    <DD03P>
     <TABNAME>ZEFI_EXT_PLANO_CONTAS</TABNAME>
     <FIELDNAME>FUNC_AREA</FIELDNAME>
     <POSITION>0015</POSITION>
     <ROLLNAME>FKBER</ROLLNAME>
     <ADMINFIELD>0</ADMINFIELD>
     <COMPTYPE>E</COMPTYPE>
    </DD03P>
    <DD03P>
     <TABNAME>ZEFI_EXT_PLANO_CONTAS</TABNAME>
     <FIELDNAME>BUKRS</FIELDNAME>
     <POSITION>0016</POSITION>
     <ROLLNAME>BUKRS</ROLLNAME>
     <ADMINFIELD>0</ADMINFIELD>
     <SHLPORIGIN>D</SHLPORIGIN>
     <COMPTYPE>E</COMPTYPE>
    </DD03P>
    <DD03P>
     <TABNAME>ZEFI_EXT_PLANO_CONTAS</TABNAME>
     <FIELDNAME>BEGRU</FIELDNAME>
     <POSITION>0017</POSITION>
     <ROLLNAME>BRGRU</ROLLNAME>
     <ADMINFIELD>0</ADMINFIELD>
     <COMPTYPE>E</COMPTYPE>
    </DD03P>
    <DD03P>
     <TABNAME>ZEFI_EXT_PLANO_CONTAS</TABNAME>
     <FIELDNAME>BUSAB</FIELDNAME>
     <POSITION>0018</POSITION>
     <ROLLNAME>BUSAB</ROLLNAME>
     <ADMINFIELD>0</ADMINFIELD>
     <COMPTYPE>E</COMPTYPE>
    </DD03P>
    <DD03P>
     <TABNAME>ZEFI_EXT_PLANO_CONTAS</TABNAME>
     <FIELDNAME>DATLZ</FIELDNAME>
     <POSITION>0019</POSITION>
     <ROLLNAME>DATLZ</ROLLNAME>
     <ADMINFIELD>0</ADMINFIELD>
     <SHLPORIGIN>T</SHLPORIGIN>
     <COMPTYPE>E</COMPTYPE>
    </DD03P>
    <DD03P>
     <TABNAME>ZEFI_EXT_PLANO_CONTAS</TABNAME>
     <FIELDNAME>FDGRV</FIELDNAME>
     <POSITION>0020</POSITION>
     <ROLLNAME>FDGRV</ROLLNAME>
     <ADMINFIELD>0</ADMINFIELD>
     <COMPTYPE>E</COMPTYPE>
    </DD03P>
    <DD03P>
     <TABNAME>ZEFI_EXT_PLANO_CONTAS</TABNAME>
     <FIELDNAME>FDLEV</FIELDNAME>
     <POSITION>0021</POSITION>
     <ROLLNAME>FDLEV</ROLLNAME>
     <ADMINFIELD>0</ADMINFIELD>
     <COMPTYPE>E</COMPTYPE>
    </DD03P>
    <DD03P>
     <TABNAME>ZEFI_EXT_PLANO_CONTAS</TABNAME>
     <FIELDNAME>FIPLS</FIELDNAME>
     <POSITION>0022</POSITION>
     <ROLLNAME>FIPLS</ROLLNAME>
     <ADMINFIELD>0</ADMINFIELD>
     <COMPTYPE>E</COMPTYPE>
    </DD03P>
    <DD03P>
     <TABNAME>ZEFI_EXT_PLANO_CONTAS</TABNAME>
     <FIELDNAME>FSTAG</FIELDNAME>
     <POSITION>0023</POSITION>
     <ROLLNAME>FSTAG</ROLLNAME>
     <ADMINFIELD>0</ADMINFIELD>
     <COMPTYPE>E</COMPTYPE>
    </DD03P>
    <DD03P>
     <TABNAME>ZEFI_EXT_PLANO_CONTAS</TABNAME>
     <FIELDNAME>HBKID</FIELDNAME>
     <POSITION>0024</POSITION>
     <ROLLNAME>HBKID</ROLLNAME>
     <ADMINFIELD>0</ADMINFIELD>
     <COMPTYPE>E</COMPTYPE>
    </DD03P>
    <DD03P>
     <TABNAME>ZEFI_EXT_PLANO_CONTAS</TABNAME>
     <FIELDNAME>HKTID</FIELDNAME>
     <POSITION>0025</POSITION>
     <ROLLNAME>HKTID</ROLLNAME>
     <ADMINFIELD>0</ADMINFIELD>
     <COMPTYPE>E</COMPTYPE>
    </DD03P>
    <DD03P>
     <TABNAME>ZEFI_EXT_PLANO_CONTAS</TABNAME>
     <FIELDNAME>KDFSL</FIELDNAME>
     <POSITION>0026</POSITION>
     <ROLLNAME>KDFSL</ROLLNAME>
     <ADMINFIELD>0</ADMINFIELD>
     <COMPTYPE>E</COMPTYPE>
    </DD03P>
    <DD03P>
     <TABNAME>ZEFI_EXT_PLANO_CONTAS</TABNAME>
     <FIELDNAME>MITKZ</FIELDNAME>
     <POSITION>0027</POSITION>
     <ROLLNAME>MITKZ</ROLLNAME>
     <ADMINFIELD>0</ADMINFIELD>
     <VALEXI>X</VALEXI>
     <SHLPORIGIN>F</SHLPORIGIN>
     <COMPTYPE>E</COMPTYPE>
    </DD03P>
    <DD03P>
     <TABNAME>ZEFI_EXT_PLANO_CONTAS</TABNAME>
     <FIELDNAME>MWSKZ</FIELDNAME>
     <POSITION>0028</POSITION>
     <ROLLNAME>SMWSK</ROLLNAME>
     <ADMINFIELD>0</ADMINFIELD>
     <COMPTYPE>E</COMPTYPE>
    </DD03P>
    <DD03P>
     <TABNAME>ZEFI_EXT_PLANO_CONTAS</TABNAME>
     <FIELDNAME>STEXT</FIELDNAME>
     <POSITION>0029</POSITION>
     <ROLLNAME>STEXT_SKB1</ROLLNAME>
     <ADMINFIELD>0</ADMINFIELD>
     <COMPTYPE>E</COMPTYPE>
    </DD03P>
    <DD03P>
     <TABNAME>ZEFI_EXT_PLANO_CONTAS</TABNAME>
     <FIELDNAME>VZSKZ</FIELDNAME>
     <POSITION>0030</POSITION>
     <ROLLNAME>VZSKZ</ROLLNAME>
     <ADMINFIELD>0</ADMINFIELD>
     <COMPTYPE>E</COMPTYPE>
    </DD03P>
    <DD03P>
     <TABNAME>ZEFI_EXT_PLANO_CONTAS</TABNAME>
     <FIELDNAME>WAERS</FIELDNAME>
     <POSITION>0031</POSITION>
     <ROLLNAME>WAERS_SKB1</ROLLNAME>
     <ADMINFIELD>0</ADMINFIELD>
     <COMPTYPE>E</COMPTYPE>
    </DD03P>
    <DD03P>
     <TABNAME>ZEFI_EXT_PLANO_CONTAS</TABNAME>
     <FIELDNAME>WMETH</FIELDNAME>
     <POSITION>0032</POSITION>
     <ROLLNAME>WMETH</ROLLNAME>
     <ADMINFIELD>0</ADMINFIELD>
     <VALEXI>X</VALEXI>
     <SHLPORIGIN>F</SHLPORIGIN>
     <COMPTYPE>E</COMPTYPE>
    </DD03P>
    <DD03P>
     <TABNAME>ZEFI_EXT_PLANO_CONTAS</TABNAME>
     <FIELDNAME>XGKON</FIELDNAME>
     <POSITION>0033</POSITION>
     <ROLLNAME>XGKON</ROLLNAME>
     <ADMINFIELD>0</ADMINFIELD>
     <VALEXI>X</VALEXI>
     <SHLPORIGIN>F</SHLPORIGIN>
     <COMPTYPE>E</COMPTYPE>
    </DD03P>
    <DD03P>
     <TABNAME>ZEFI_EXT_PLANO_CONTAS</TABNAME>
     <FIELDNAME>XINTB</FIELDNAME>
     <POSITION>0034</POSITION>
     <ROLLNAME>XINTB</ROLLNAME>
     <ADMINFIELD>0</ADMINFIELD>
     <VALEXI>X</VALEXI>
     <SHLPORIGIN>F</SHLPORIGIN>
     <COMPTYPE>E</COMPTYPE>
    </DD03P>
    <DD03P>
     <TABNAME>ZEFI_EXT_PLANO_CONTAS</TABNAME>
     <FIELDNAME>XKRES</FIELDNAME>
     <POSITION>0035</POSITION>
     <ROLLNAME>XKRES</ROLLNAME>
     <ADMINFIELD>0</ADMINFIELD>
     <VALEXI>X</VALEXI>
     <SHLPORIGIN>F</SHLPORIGIN>
     <COMPTYPE>E</COMPTYPE>
    </DD03P>
    <DD03P>
     <TABNAME>ZEFI_EXT_PLANO_CONTAS</TABNAME>
     <FIELDNAME>XLOEB</FIELDNAME>
     <POSITION>0036</POSITION>
     <ROLLNAME>XLOEV</ROLLNAME>
     <ADMINFIELD>0</ADMINFIELD>
     <VALEXI>X</VALEXI>
     <SHLPORIGIN>F</SHLPORIGIN>
     <COMPTYPE>E</COMPTYPE>
    </DD03P>
    <DD03P>
     <TABNAME>ZEFI_EXT_PLANO_CONTAS</TABNAME>
     <FIELDNAME>XNKON</FIELDNAME>
     <POSITION>0037</POSITION>
     <ROLLNAME>XNKON</ROLLNAME>
     <ADMINFIELD>0</ADMINFIELD>
     <VALEXI>X</VALEXI>
     <SHLPORIGIN>F</SHLPORIGIN>
     <COMPTYPE>E</COMPTYPE>
    </DD03P>
    <DD03P>
     <TABNAME>ZEFI_EXT_PLANO_CONTAS</TABNAME>
     <FIELDNAME>XOPVW</FIELDNAME>
     <POSITION>0038</POSITION>
     <ROLLNAME>XOPVW</ROLLNAME>
     <ADMINFIELD>0</ADMINFIELD>
     <VALEXI>X</VALEXI>
     <SHLPORIGIN>F</SHLPORIGIN>
     <COMPTYPE>E</COMPTYPE>
    </DD03P>
    <DD03P>
     <TABNAME>ZEFI_EXT_PLANO_CONTAS</TABNAME>
     <FIELDNAME>XSPEB_SKB1</FIELDNAME>
     <POSITION>0039</POSITION>
     <ROLLNAME>XSPEB</ROLLNAME>
     <ADMINFIELD>0</ADMINFIELD>
     <VALEXI>X</VALEXI>
     <SHLPORIGIN>F</SHLPORIGIN>
     <COMPTYPE>E</COMPTYPE>
    </DD03P>
    <DD03P>
     <TABNAME>ZEFI_EXT_PLANO_CONTAS</TABNAME>
     <FIELDNAME>ZINDT</FIELDNAME>
     <POSITION>0040</POSITION>
     <ROLLNAME>DZINDT</ROLLNAME>
     <ADMINFIELD>0</ADMINFIELD>
     <SHLPORIGIN>T</SHLPORIGIN>
     <COMPTYPE>E</COMPTYPE>
    </DD03P>
    <DD03P>
     <TABNAME>ZEFI_EXT_PLANO_CONTAS</TABNAME>
     <FIELDNAME>ZINRT</FIELDNAME>
     <POSITION>0041</POSITION>
     <ROLLNAME>DZINRT</ROLLNAME>
     <ADMINFIELD>0</ADMINFIELD>
     <VALEXI>X</VALEXI>
     <SHLPORIGIN>F</SHLPORIGIN>
     <COMPTYPE>E</COMPTYPE>
    </DD03P>
    <DD03P>
     <TABNAME>ZEFI_EXT_PLANO_CONTAS</TABNAME>
     <FIELDNAME>ZUAWA</FIELDNAME>
     <POSITION>0042</POSITION>
     <ROLLNAME>DZUAWA</ROLLNAME>
     <ADMINFIELD>0</ADMINFIELD>
     <COMPTYPE>E</COMPTYPE>
    </DD03P>
    <DD03P>
     <TABNAME>ZEFI_EXT_PLANO_CONTAS</TABNAME>
     <FIELDNAME>ALTKT</FIELDNAME>
     <POSITION>0043</POSITION>
     <ROLLNAME>ALTKT_SKB1</ROLLNAME>
     <ADMINFIELD>0</ADMINFIELD>
     <COMPTYPE>E</COMPTYPE>
    </DD03P>
    <DD03P>
     <TABNAME>ZEFI_EXT_PLANO_CONTAS</TABNAME>
     <FIELDNAME>XMITK</FIELDNAME>
     <POSITION>0044</POSITION>
     <ROLLNAME>XMITK</ROLLNAME>
     <ADMINFIELD>0</ADMINFIELD>
     <VALEXI>X</VALEXI>
     <SHLPORIGIN>F</SHLPORIGIN>
     <COMPTYPE>E</COMPTYPE>
    </DD03P>
    <DD03P>
     <TABNAME>ZEFI_EXT_PLANO_CONTAS</TABNAME>
     <FIELDNAME>RECID</FIELDNAME>
     <POSITION>0045</POSITION>
     <ROLLNAME>JV_RECIND</ROLLNAME>
     <ADMINFIELD>0</ADMINFIELD>
     <COMPTYPE>E</COMPTYPE>
    </DD03P>
    <DD03P>
     <TABNAME>ZEFI_EXT_PLANO_CONTAS</TABNAME>
     <FIELDNAME>FIPOS</FIELDNAME>
     <POSITION>0046</POSITION>
     <ROLLNAME>FIPOS</ROLLNAME>
     <ADMINFIELD>0</ADMINFIELD>
     <COMPTYPE>E</COMPTYPE>
    </DD03P>
    <DD03P>
     <TABNAME>ZEFI_EXT_PLANO_CONTAS</TABNAME>
     <FIELDNAME>XMWNO</FIELDNAME>
     <POSITION>0047</POSITION>
     <ROLLNAME>XMWNO</ROLLNAME>
     <ADMINFIELD>0</ADMINFIELD>
     <VALEXI>X</VALEXI>
     <SHLPORIGIN>F</SHLPORIGIN>
     <COMPTYPE>E</COMPTYPE>
    </DD03P>
    <DD03P>
     <TABNAME>ZEFI_EXT_PLANO_CONTAS</TABNAME>
     <FIELDNAME>XSALH</FIELDNAME>
     <POSITION>0048</POSITION>
     <ROLLNAME>XSALH</ROLLNAME>
     <ADMINFIELD>0</ADMINFIELD>
     <VALEXI>X</VALEXI>
     <SHLPORIGIN>F</SHLPORIGIN>
     <COMPTYPE>E</COMPTYPE>
    </DD03P>
    <DD03P>
     <TABNAME>ZEFI_EXT_PLANO_CONTAS</TABNAME>
     <FIELDNAME>BEWGP</FIELDNAME>
     <POSITION>0049</POSITION>
     <ROLLNAME>BEWGP</ROLLNAME>
     <ADMINFIELD>0</ADMINFIELD>
     <COMPTYPE>E</COMPTYPE>
    </DD03P>
    <DD03P>
     <TABNAME>ZEFI_EXT_PLANO_CONTAS</TABNAME>
     <FIELDNAME>INFKY</FIELDNAME>
     <POSITION>0050</POSITION>
     <ROLLNAME>J_1AIFSKS</ROLLNAME>
     <ADMINFIELD>0</ADMINFIELD>
     <COMPTYPE>E</COMPTYPE>
    </DD03P>
    <DD03P>
     <TABNAME>ZEFI_EXT_PLANO_CONTAS</TABNAME>
     <FIELDNAME>TOGRU</FIELDNAME>
     <POSITION>0051</POSITION>
     <ROLLNAME>TOGRU_S</ROLLNAME>
     <ADMINFIELD>0</ADMINFIELD>
     <COMPTYPE>E</COMPTYPE>
    </DD03P>
    <DD03P>
     <TABNAME>ZEFI_EXT_PLANO_CONTAS</TABNAME>
     <FIELDNAME>XLGCLR</FIELDNAME>
     <POSITION>0052</POSITION>
     <ROLLNAME>XLGCLR</ROLLNAME>
     <ADMINFIELD>0</ADMINFIELD>
     <VALEXI>X</VALEXI>
     <SHLPORIGIN>F</SHLPORIGIN>
     <COMPTYPE>E</COMPTYPE>
    </DD03P>
    <DD03P>
     <TABNAME>ZEFI_EXT_PLANO_CONTAS</TABNAME>
     <FIELDNAME>MCAKEY</FIELDNAME>
     <POSITION>0053</POSITION>
     <ROLLNAME>GLE_DTE_MCA_MCAKEY</ROLLNAME>
     <ADMINFIELD>0</ADMINFIELD>
     <COMPTYPE>E</COMPTYPE>
    </DD03P>
    <DD03P>
     <TABNAME>ZEFI_EXT_PLANO_CONTAS</TABNAME>
     <FIELDNAME>TXT20</FIELDNAME>
     <POSITION>0054</POSITION>
     <ROLLNAME>TXT20_SKAT</ROLLNAME>
     <ADMINFIELD>0</ADMINFIELD>
     <COMPTYPE>E</COMPTYPE>
    </DD03P>
    <DD03P>
     <TABNAME>ZEFI_EXT_PLANO_CONTAS</TABNAME>
     <FIELDNAME>TXT50</FIELDNAME>
     <POSITION>0055</POSITION>
     <ROLLNAME>TXT50_SKAT</ROLLNAME>
     <ADMINFIELD>0</ADMINFIELD>
     <COMPTYPE>E</COMPTYPE>
    </DD03P>
   </DD03P_TABLE>
  </asx:values>
 </asx:abap>
</abapGit>
