﻿<?xml version="1.0" encoding="utf-8"?>
<abapGit version="v1.0.0" serializer="LCL_OBJECT_TABL" serializer_version="v1.0.0">
 <asx:abap xmlns:asx="http://www.sap.com/abapxml" version="1.0">
  <asx:values>
   <DD02V>
    <TABNAME>ZEFI_EXT_CONTAS_BCO_EMPRESA</TABNAME>
    <DDLANGUAGE>P</DDLANGUAGE>
    <TABCLASS>INTTAB</TABCLASS>
    <DDTEXT>Extração de contas nos bancos da empresa</DDTEXT>
    <EXCLASS>3</EXCLASS>
   </DD02V>
   <DD03P_TABLE>
    <DD03P>
     <TABNAME>ZEFI_EXT_CONTAS_BCO_EMPRESA</TABNAME>
     <FIELDNAME>BUKRS</FIELDNAME>
     <POSITION>0001</POSITION>
     <ROLLNAME>BUKRS</ROLLNAME>
     <ADMINFIELD>0</ADMINFIELD>
     <SHLPORIGIN>D</SHLPORIGIN>
     <COMPTYPE>E</COMPTYPE>
    </DD03P>
    <DD03P>
     <TABNAME>ZEFI_EXT_CONTAS_BCO_EMPRESA</TABNAME>
     <FIELDNAME>HBKID</FIELDNAME>
     <POSITION>0002</POSITION>
     <ROLLNAME>HBKID</ROLLNAME>
     <ADMINFIELD>0</ADMINFIELD>
     <COMPTYPE>E</COMPTYPE>
    </DD03P>
    <DD03P>
     <TABNAME>ZEFI_EXT_CONTAS_BCO_EMPRESA</TABNAME>
     <FIELDNAME>HKTID</FIELDNAME>
     <POSITION>0003</POSITION>
     <ROLLNAME>HKTID</ROLLNAME>
     <ADMINFIELD>0</ADMINFIELD>
     <COMPTYPE>E</COMPTYPE>
    </DD03P>
    <DD03P>
     <TABNAME>ZEFI_EXT_CONTAS_BCO_EMPRESA</TABNAME>
     <FIELDNAME>BANKS</FIELDNAME>
     <POSITION>0004</POSITION>
     <ROLLNAME>BANKS</ROLLNAME>
     <ADMINFIELD>0</ADMINFIELD>
     <COMPTYPE>E</COMPTYPE>
    </DD03P>
    <DD03P>
     <TABNAME>ZEFI_EXT_CONTAS_BCO_EMPRESA</TABNAME>
     <FIELDNAME>BANKL</FIELDNAME>
     <POSITION>0005</POSITION>
     <ROLLNAME>BANKK</ROLLNAME>
     <ADMINFIELD>0</ADMINFIELD>
     <COMPTYPE>E</COMPTYPE>
    </DD03P>
    <DD03P>
     <TABNAME>ZEFI_EXT_CONTAS_BCO_EMPRESA</TABNAME>
     <FIELDNAME>BANKN</FIELDNAME>
     <POSITION>0006</POSITION>
     <ROLLNAME>BANKN</ROLLNAME>
     <ADMINFIELD>0</ADMINFIELD>
     <COMPTYPE>E</COMPTYPE>
    </DD03P>
    <DD03P>
     <TABNAME>ZEFI_EXT_CONTAS_BCO_EMPRESA</TABNAME>
     <FIELDNAME>BKONT</FIELDNAME>
     <POSITION>0007</POSITION>
     <ROLLNAME>BKONT</ROLLNAME>
     <ADMINFIELD>0</ADMINFIELD>
     <COMPTYPE>E</COMPTYPE>
    </DD03P>
    <DD03P>
     <TABNAME>ZEFI_EXT_CONTAS_BCO_EMPRESA</TABNAME>
     <FIELDNAME>NAME1</FIELDNAME>
     <POSITION>0008</POSITION>
     <ROLLNAME>NAME1_A</ROLLNAME>
     <ADMINFIELD>0</ADMINFIELD>
     <COMPTYPE>E</COMPTYPE>
    </DD03P>
    <DD03P>
     <TABNAME>ZEFI_EXT_CONTAS_BCO_EMPRESA</TABNAME>
     <FIELDNAME>STRAS</FIELDNAME>
     <POSITION>0009</POSITION>
     <ROLLNAME>STRAS_GP</ROLLNAME>
     <ADMINFIELD>0</ADMINFIELD>
     <COMPTYPE>E</COMPTYPE>
    </DD03P>
    <DD03P>
     <TABNAME>ZEFI_EXT_CONTAS_BCO_EMPRESA</TABNAME>
     <FIELDNAME>ORT01</FIELDNAME>
     <POSITION>0010</POSITION>
     <ROLLNAME>ORT01_GP</ROLLNAME>
     <ADMINFIELD>0</ADMINFIELD>
     <COMPTYPE>E</COMPTYPE>
    </DD03P>
    <DD03P>
     <TABNAME>ZEFI_EXT_CONTAS_BCO_EMPRESA</TABNAME>
     <FIELDNAME>TEXT1</FIELDNAME>
     <POSITION>0011</POSITION>
     <ROLLNAME>FIBL_TXT50</ROLLNAME>
     <ADMINFIELD>0</ADMINFIELD>
     <COMPTYPE>E</COMPTYPE>
    </DD03P>
    <DD03P>
     <TABNAME>ZEFI_EXT_CONTAS_BCO_EMPRESA</TABNAME>
     <FIELDNAME>WAERS</FIELDNAME>
     <POSITION>0012</POSITION>
     <ROLLNAME>WAERS</ROLLNAME>
     <ADMINFIELD>0</ADMINFIELD>
     <COMPTYPE>E</COMPTYPE>
    </DD03P>
    <DD03P>
     <TABNAME>ZEFI_EXT_CONTAS_BCO_EMPRESA</TABNAME>
     <FIELDNAME>BNKN2</FIELDNAME>
     <POSITION>0013</POSITION>
     <ROLLNAME>BNKN2</ROLLNAME>
     <ADMINFIELD>0</ADMINFIELD>
     <COMPTYPE>E</COMPTYPE>
    </DD03P>
    <DD03P>
     <TABNAME>ZEFI_EXT_CONTAS_BCO_EMPRESA</TABNAME>
     <FIELDNAME>FDGRP</FIELDNAME>
     <POSITION>0014</POSITION>
     <ROLLNAME>FDGRP</ROLLNAME>
     <ADMINFIELD>0</ADMINFIELD>
     <COMPTYPE>E</COMPTYPE>
    </DD03P>
    <DD03P>
     <TABNAME>ZEFI_EXT_CONTAS_BCO_EMPRESA</TABNAME>
     <FIELDNAME>ABWAE</FIELDNAME>
     <POSITION>0015</POSITION>
     <ROLLNAME>ABWAE</ROLLNAME>
     <ADMINFIELD>0</ADMINFIELD>
     <COMPTYPE>E</COMPTYPE>
    </DD03P>
    <DD03P>
     <TABNAME>ZEFI_EXT_CONTAS_BCO_EMPRESA</TABNAME>
     <FIELDNAME>HKONT</FIELDNAME>
     <POSITION>0016</POSITION>
     <ROLLNAME>HKONT</ROLLNAME>
     <ADMINFIELD>0</ADMINFIELD>
     <COMPTYPE>E</COMPTYPE>
    </DD03P>
    <DD03P>
     <TABNAME>ZEFI_EXT_CONTAS_BCO_EMPRESA</TABNAME>
     <FIELDNAME>WEKON</FIELDNAME>
     <POSITION>0017</POSITION>
     <ROLLNAME>WEKON</ROLLNAME>
     <ADMINFIELD>0</ADMINFIELD>
     <COMPTYPE>E</COMPTYPE>
    </DD03P>
    <DD03P>
     <TABNAME>ZEFI_EXT_CONTAS_BCO_EMPRESA</TABNAME>
     <FIELDNAME>MINDT</FIELDNAME>
     <POSITION>0018</POSITION>
     <ROLLNAME>MINDT</ROLLNAME>
     <ADMINFIELD>0</ADMINFIELD>
     <COMPTYPE>E</COMPTYPE>
    </DD03P>
    <DD03P>
     <TABNAME>ZEFI_EXT_CONTAS_BCO_EMPRESA</TABNAME>
     <FIELDNAME>HBID1</FIELDNAME>
     <POSITION>0019</POSITION>
     <ROLLNAME>HBID1_012K</ROLLNAME>
     <ADMINFIELD>0</ADMINFIELD>
     <COMPTYPE>E</COMPTYPE>
    </DD03P>
    <DD03P>
     <TABNAME>ZEFI_EXT_CONTAS_BCO_EMPRESA</TABNAME>
     <FIELDNAME>HKID1</FIELDNAME>
     <POSITION>0020</POSITION>
     <ROLLNAME>HKID1_012K</ROLLNAME>
     <ADMINFIELD>0</ADMINFIELD>
     <COMPTYPE>E</COMPTYPE>
    </DD03P>
    <DD03P>
     <TABNAME>ZEFI_EXT_CONTAS_BCO_EMPRESA</TABNAME>
     <FIELDNAME>HBID2</FIELDNAME>
     <POSITION>0021</POSITION>
     <ROLLNAME>HBID2_012K</ROLLNAME>
     <ADMINFIELD>0</ADMINFIELD>
     <COMPTYPE>E</COMPTYPE>
    </DD03P>
    <DD03P>
     <TABNAME>ZEFI_EXT_CONTAS_BCO_EMPRESA</TABNAME>
     <FIELDNAME>HKID2</FIELDNAME>
     <POSITION>0022</POSITION>
     <ROLLNAME>HKID2_012K</ROLLNAME>
     <ADMINFIELD>0</ADMINFIELD>
     <COMPTYPE>E</COMPTYPE>
    </DD03P>
    <DD03P>
     <TABNAME>ZEFI_EXT_CONTAS_BCO_EMPRESA</TABNAME>
     <FIELDNAME>WKKON</FIELDNAME>
     <POSITION>0023</POSITION>
     <ROLLNAME>WKKON_012K</ROLLNAME>
     <ADMINFIELD>0</ADMINFIELD>
     <COMPTYPE>E</COMPTYPE>
    </DD03P>
    <DD03P>
     <TABNAME>ZEFI_EXT_CONTAS_BCO_EMPRESA</TABNAME>
     <FIELDNAME>WIKON</FIELDNAME>
     <POSITION>0024</POSITION>
     <ROLLNAME>WIKON_012K</ROLLNAME>
     <ADMINFIELD>0</ADMINFIELD>
     <COMPTYPE>E</COMPTYPE>
    </DD03P>
    <DD03P>
     <TABNAME>ZEFI_EXT_CONTAS_BCO_EMPRESA</TABNAME>
     <FIELDNAME>GSBER</FIELDNAME>
     <POSITION>0025</POSITION>
     <ROLLNAME>GSBER_BANK</ROLLNAME>
     <ADMINFIELD>0</ADMINFIELD>
     <COMPTYPE>E</COMPTYPE>
    </DD03P>
   </DD03P_TABLE>
  </asx:values>
 </asx:abap>
</abapGit>
