﻿<?xml version="1.0" encoding="utf-8"?>
<abapGit version="v1.0.0" serializer="LCL_OBJECT_TABL" serializer_version="v1.0.0">
 <asx:abap xmlns:asx="http://www.sap.com/abapxml" version="1.0">
  <asx:values>
   <DD02V>
    <TABNAME>ZEFI_PESSOA_CONTATO</TABNAME>
    <DDLANGUAGE>P</DDLANGUAGE>
    <TABCLASS>INTTAB</TABCLASS>
    <DDTEXT>Extração de pessoas de contato (Mestre de Clientes)</DDTEXT>
    <EXCLASS>3</EXCLASS>
   </DD02V>
   <DD03P_TABLE>
    <DD03P>
     <TABNAME>ZEFI_PESSOA_CONTATO</TABNAME>
     <FIELDNAME>KUNNR</FIELDNAME>
     <POSITION>0001</POSITION>
     <ROLLNAME>KUNNR</ROLLNAME>
     <ADMINFIELD>0</ADMINFIELD>
     <SHLPORIGIN>D</SHLPORIGIN>
     <COMPTYPE>E</COMPTYPE>
    </DD03P>
    <DD03P>
     <TABNAME>ZEFI_PESSOA_CONTATO</TABNAME>
     <FIELDNAME>PARNR</FIELDNAME>
     <POSITION>0002</POSITION>
     <ROLLNAME>PARNR</ROLLNAME>
     <ADMINFIELD>0</ADMINFIELD>
     <COMPTYPE>E</COMPTYPE>
    </DD03P>
    <DD03P>
     <TABNAME>ZEFI_PESSOA_CONTATO</TABNAME>
     <FIELDNAME>TITLE</FIELDNAME>
     <POSITION>0003</POSITION>
     <ROLLNAME>CHAR80</ROLLNAME>
     <ADMINFIELD>0</ADMINFIELD>
     <COMPTYPE>E</COMPTYPE>
    </DD03P>
    <DD03P>
     <TABNAME>ZEFI_PESSOA_CONTATO</TABNAME>
     <FIELDNAME>NAMEV</FIELDNAME>
     <POSITION>0004</POSITION>
     <ROLLNAME>NAMEV_VP</ROLLNAME>
     <ADMINFIELD>0</ADMINFIELD>
     <COMPTYPE>E</COMPTYPE>
    </DD03P>
    <DD03P>
     <TABNAME>ZEFI_PESSOA_CONTATO</TABNAME>
     <FIELDNAME>LNAME</FIELDNAME>
     <POSITION>0005</POSITION>
     <ROLLNAME>CHAR40</ROLLNAME>
     <ADMINFIELD>0</ADMINFIELD>
     <COMPTYPE>E</COMPTYPE>
    </DD03P>
    <DD03P>
     <TABNAME>ZEFI_PESSOA_CONTATO</TABNAME>
     <FIELDNAME>LANGUCORR</FIELDNAME>
     <POSITION>0006</POSITION>
     <ROLLNAME>CHAR80</ROLLNAME>
     <ADMINFIELD>0</ADMINFIELD>
     <COMPTYPE>E</COMPTYPE>
    </DD03P>
    <DD03P>
     <TABNAME>ZEFI_PESSOA_CONTATO</TABNAME>
     <FIELDNAME>ABTNR</FIELDNAME>
     <POSITION>0007</POSITION>
     <ROLLNAME>ABTNR_PA</ROLLNAME>
     <ADMINFIELD>0</ADMINFIELD>
     <COMPTYPE>E</COMPTYPE>
    </DD03P>
    <DD03P>
     <TABNAME>ZEFI_PESSOA_CONTATO</TABNAME>
     <FIELDNAME>PAFKT</FIELDNAME>
     <POSITION>0008</POSITION>
     <ROLLNAME>PAFKT</ROLLNAME>
     <ADMINFIELD>0</ADMINFIELD>
     <COMPTYPE>E</COMPTYPE>
    </DD03P>
    <DD03P>
     <TABNAME>ZEFI_PESSOA_CONTATO</TABNAME>
     <FIELDNAME>PAVIP</FIELDNAME>
     <POSITION>0009</POSITION>
     <ROLLNAME>PAVIP</ROLLNAME>
     <ADMINFIELD>0</ADMINFIELD>
     <COMPTYPE>E</COMPTYPE>
    </DD03P>
    <DD03P>
     <TABNAME>ZEFI_PESSOA_CONTATO</TABNAME>
     <FIELDNAME>COUNTRY</FIELDNAME>
     <POSITION>0010</POSITION>
     <ROLLNAME>LAND1</ROLLNAME>
     <ADMINFIELD>0</ADMINFIELD>
     <COMPTYPE>E</COMPTYPE>
    </DD03P>
    <DD03P>
     <TABNAME>ZEFI_PESSOA_CONTATO</TABNAME>
     <FIELDNAME>POST_CODE1</FIELDNAME>
     <POSITION>0011</POSITION>
     <ROLLNAME>AD_PSTCD1</ROLLNAME>
     <ADMINFIELD>0</ADMINFIELD>
     <COMPTYPE>E</COMPTYPE>
    </DD03P>
    <DD03P>
     <TABNAME>ZEFI_PESSOA_CONTATO</TABNAME>
     <FIELDNAME>CITY1</FIELDNAME>
     <POSITION>0012</POSITION>
     <ROLLNAME>AD_CITY1</ROLLNAME>
     <ADMINFIELD>0</ADMINFIELD>
     <SHLPORIGIN>D</SHLPORIGIN>
     <COMPTYPE>E</COMPTYPE>
    </DD03P>
    <DD03P>
     <TABNAME>ZEFI_PESSOA_CONTATO</TABNAME>
     <FIELDNAME>STREET</FIELDNAME>
     <POSITION>0013</POSITION>
     <ROLLNAME>AD_STREET</ROLLNAME>
     <ADMINFIELD>0</ADMINFIELD>
     <SHLPORIGIN>D</SHLPORIGIN>
     <COMPTYPE>E</COMPTYPE>
    </DD03P>
    <DD03P>
     <TABNAME>ZEFI_PESSOA_CONTATO</TABNAME>
     <FIELDNAME>HOUSE_NUM1</FIELDNAME>
     <POSITION>0014</POSITION>
     <ROLLNAME>AD_HSNM1</ROLLNAME>
     <ADMINFIELD>0</ADMINFIELD>
     <COMPTYPE>E</COMPTYPE>
    </DD03P>
    <DD03P>
     <TABNAME>ZEFI_PESSOA_CONTATO</TABNAME>
     <FIELDNAME>TEL_NUMBER</FIELDNAME>
     <POSITION>0015</POSITION>
     <ROLLNAME>AD_TLNMBR</ROLLNAME>
     <ADMINFIELD>0</ADMINFIELD>
     <COMPTYPE>E</COMPTYPE>
    </DD03P>
    <DD03P>
     <TABNAME>ZEFI_PESSOA_CONTATO</TABNAME>
     <FIELDNAME>MOBILE_NO</FIELDNAME>
     <POSITION>0016</POSITION>
     <ROLLNAME>CHAR30</ROLLNAME>
     <ADMINFIELD>0</ADMINFIELD>
     <COMPTYPE>E</COMPTYPE>
    </DD03P>
    <DD03P>
     <TABNAME>ZEFI_PESSOA_CONTATO</TABNAME>
     <FIELDNAME>FAX_NUMBER</FIELDNAME>
     <POSITION>0017</POSITION>
     <ROLLNAME>AD_FXNMBR</ROLLNAME>
     <ADMINFIELD>0</ADMINFIELD>
     <COMPTYPE>E</COMPTYPE>
    </DD03P>
    <DD03P>
     <TABNAME>ZEFI_PESSOA_CONTATO</TABNAME>
     <FIELDNAME>SMTP_ADDR</FIELDNAME>
     <POSITION>0018</POSITION>
     <ROLLNAME>AD_SMTPADR</ROLLNAME>
     <ADMINFIELD>0</ADMINFIELD>
     <COMPTYPE>E</COMPTYPE>
    </DD03P>
   </DD03P_TABLE>
  </asx:values>
 </asx:abap>
</abapGit>
