﻿<?xml version="1.0" encoding="utf-8"?>
<abapGit version="v1.0.0" serializer="LCL_OBJECT_TABL" serializer_version="v1.0.0">
 <asx:abap xmlns:asx="http://www.sap.com/abapxml" version="1.0">
  <asx:values>
   <DD02V>
    <TABNAME>ZEFI_TITULOS_ABERTOS_AR</TABNAME>
    <DDLANGUAGE>P</DDLANGUAGE>
    <TABCLASS>INTTAB</TABCLASS>
    <DDTEXT>Extração de títulos em abertos contas a pagar</DDTEXT>
    <EXCLASS>3</EXCLASS>
   </DD02V>
   <DD03P_TABLE>
    <DD03P>
     <TABNAME>ZEFI_TITULOS_ABERTOS_AR</TABNAME>
     <FIELDNAME>BUKRS</FIELDNAME>
     <POSITION>0001</POSITION>
     <ROLLNAME>BUKRS</ROLLNAME>
     <ADMINFIELD>0</ADMINFIELD>
     <SHLPORIGIN>D</SHLPORIGIN>
     <COMPTYPE>E</COMPTYPE>
    </DD03P>
    <DD03P>
     <TABNAME>ZEFI_TITULOS_ABERTOS_AR</TABNAME>
     <FIELDNAME>KUNNR</FIELDNAME>
     <POSITION>0002</POSITION>
     <ROLLNAME>KUNNR</ROLLNAME>
     <ADMINFIELD>0</ADMINFIELD>
     <SHLPORIGIN>D</SHLPORIGIN>
     <COMPTYPE>E</COMPTYPE>
    </DD03P>
    <DD03P>
     <TABNAME>ZEFI_TITULOS_ABERTOS_AR</TABNAME>
     <FIELDNAME>XBLNR</FIELDNAME>
     <POSITION>0003</POSITION>
     <ROLLNAME>XBLNR1</ROLLNAME>
     <ADMINFIELD>0</ADMINFIELD>
     <COMPTYPE>E</COMPTYPE>
    </DD03P>
    <DD03P>
     <TABNAME>ZEFI_TITULOS_ABERTOS_AR</TABNAME>
     <FIELDNAME>UMSKZ</FIELDNAME>
     <POSITION>0004</POSITION>
     <ROLLNAME>UMSKZ</ROLLNAME>
     <ADMINFIELD>0</ADMINFIELD>
     <COMPTYPE>E</COMPTYPE>
    </DD03P>
    <DD03P>
     <TABNAME>ZEFI_TITULOS_ABERTOS_AR</TABNAME>
     <FIELDNAME>BLDAT</FIELDNAME>
     <POSITION>0005</POSITION>
     <ROLLNAME>BLDAT</ROLLNAME>
     <ADMINFIELD>0</ADMINFIELD>
     <SHLPORIGIN>T</SHLPORIGIN>
     <COMPTYPE>E</COMPTYPE>
    </DD03P>
    <DD03P>
     <TABNAME>ZEFI_TITULOS_ABERTOS_AR</TABNAME>
     <FIELDNAME>BUDAT</FIELDNAME>
     <POSITION>0006</POSITION>
     <ROLLNAME>BUDAT</ROLLNAME>
     <ADMINFIELD>0</ADMINFIELD>
     <SHLPORIGIN>T</SHLPORIGIN>
     <COMPTYPE>E</COMPTYPE>
    </DD03P>
    <DD03P>
     <TABNAME>ZEFI_TITULOS_ABERTOS_AR</TABNAME>
     <FIELDNAME>BKTXT</FIELDNAME>
     <POSITION>0007</POSITION>
     <ROLLNAME>BKTXT</ROLLNAME>
     <ADMINFIELD>0</ADMINFIELD>
     <COMPTYPE>E</COMPTYPE>
    </DD03P>
    <DD03P>
     <TABNAME>ZEFI_TITULOS_ABERTOS_AR</TABNAME>
     <FIELDNAME>SGTXT</FIELDNAME>
     <POSITION>0008</POSITION>
     <ROLLNAME>SGTXT</ROLLNAME>
     <ADMINFIELD>0</ADMINFIELD>
     <COMPTYPE>E</COMPTYPE>
    </DD03P>
    <DD03P>
     <TABNAME>ZEFI_TITULOS_ABERTOS_AR</TABNAME>
     <FIELDNAME>WRBTR</FIELDNAME>
     <POSITION>0009</POSITION>
     <ROLLNAME>BAPIWRBTR</ROLLNAME>
     <ADMINFIELD>0</ADMINFIELD>
     <COMPTYPE>E</COMPTYPE>
    </DD03P>
    <DD03P>
     <TABNAME>ZEFI_TITULOS_ABERTOS_AR</TABNAME>
     <FIELDNAME>DMBTR</FIELDNAME>
     <POSITION>0010</POSITION>
     <ROLLNAME>BAPIDMBTR</ROLLNAME>
     <ADMINFIELD>0</ADMINFIELD>
     <COMPTYPE>E</COMPTYPE>
    </DD03P>
    <DD03P>
     <TABNAME>ZEFI_TITULOS_ABERTOS_AR</TABNAME>
     <FIELDNAME>WAERS</FIELDNAME>
     <POSITION>0011</POSITION>
     <ROLLNAME>WAERS</ROLLNAME>
     <ADMINFIELD>0</ADMINFIELD>
     <COMPTYPE>E</COMPTYPE>
    </DD03P>
    <DD03P>
     <TABNAME>ZEFI_TITULOS_ABERTOS_AR</TABNAME>
     <FIELDNAME>HWAER</FIELDNAME>
     <POSITION>0012</POSITION>
     <ROLLNAME>HWAER</ROLLNAME>
     <ADMINFIELD>0</ADMINFIELD>
     <COMPTYPE>E</COMPTYPE>
    </DD03P>
    <DD03P>
     <TABNAME>ZEFI_TITULOS_ABERTOS_AR</TABNAME>
     <FIELDNAME>MWSKZ</FIELDNAME>
     <POSITION>0013</POSITION>
     <ROLLNAME>MWSKZ</ROLLNAME>
     <ADMINFIELD>0</ADMINFIELD>
     <COMPTYPE>E</COMPTYPE>
    </DD03P>
    <DD03P>
     <TABNAME>ZEFI_TITULOS_ABERTOS_AR</TABNAME>
     <FIELDNAME>PRCTR</FIELDNAME>
     <POSITION>0014</POSITION>
     <ROLLNAME>PRCTR</ROLLNAME>
     <ADMINFIELD>0</ADMINFIELD>
     <SHLPORIGIN>D</SHLPORIGIN>
     <COMPTYPE>E</COMPTYPE>
    </DD03P>
    <DD03P>
     <TABNAME>ZEFI_TITULOS_ABERTOS_AR</TABNAME>
     <FIELDNAME>FKBER</FIELDNAME>
     <POSITION>0015</POSITION>
     <ROLLNAME>FKBER</ROLLNAME>
     <ADMINFIELD>0</ADMINFIELD>
     <COMPTYPE>E</COMPTYPE>
    </DD03P>
    <DD03P>
     <TABNAME>ZEFI_TITULOS_ABERTOS_AR</TABNAME>
     <FIELDNAME>ZTERM</FIELDNAME>
     <POSITION>0016</POSITION>
     <ROLLNAME>DZTERM</ROLLNAME>
     <ADMINFIELD>0</ADMINFIELD>
     <COMPTYPE>E</COMPTYPE>
    </DD03P>
    <DD03P>
     <TABNAME>ZEFI_TITULOS_ABERTOS_AR</TABNAME>
     <FIELDNAME>ZFBDT</FIELDNAME>
     <POSITION>0017</POSITION>
     <ROLLNAME>DZFBDT</ROLLNAME>
     <ADMINFIELD>0</ADMINFIELD>
     <SHLPORIGIN>T</SHLPORIGIN>
     <COMPTYPE>E</COMPTYPE>
    </DD03P>
    <DD03P>
     <TABNAME>ZEFI_TITULOS_ABERTOS_AR</TABNAME>
     <FIELDNAME>ZBD1T</FIELDNAME>
     <POSITION>0018</POSITION>
     <ROLLNAME>DZBD1T</ROLLNAME>
     <ADMINFIELD>0</ADMINFIELD>
     <COMPTYPE>E</COMPTYPE>
    </DD03P>
    <DD03P>
     <TABNAME>ZEFI_TITULOS_ABERTOS_AR</TABNAME>
     <FIELDNAME>ZBD1P</FIELDNAME>
     <POSITION>0019</POSITION>
     <ROLLNAME>DZBD1P</ROLLNAME>
     <ADMINFIELD>0</ADMINFIELD>
     <COMPTYPE>E</COMPTYPE>
    </DD03P>
    <DD03P>
     <TABNAME>ZEFI_TITULOS_ABERTOS_AR</TABNAME>
     <FIELDNAME>ZBD2T</FIELDNAME>
     <POSITION>0020</POSITION>
     <ROLLNAME>DZBD2T</ROLLNAME>
     <ADMINFIELD>0</ADMINFIELD>
     <COMPTYPE>E</COMPTYPE>
    </DD03P>
    <DD03P>
     <TABNAME>ZEFI_TITULOS_ABERTOS_AR</TABNAME>
     <FIELDNAME>ZBD2P</FIELDNAME>
     <POSITION>0021</POSITION>
     <ROLLNAME>DZBD2P</ROLLNAME>
     <ADMINFIELD>0</ADMINFIELD>
     <COMPTYPE>E</COMPTYPE>
    </DD03P>
    <DD03P>
     <TABNAME>ZEFI_TITULOS_ABERTOS_AR</TABNAME>
     <FIELDNAME>ZBD3T</FIELDNAME>
     <POSITION>0022</POSITION>
     <ROLLNAME>DZBD3T</ROLLNAME>
     <ADMINFIELD>0</ADMINFIELD>
     <COMPTYPE>E</COMPTYPE>
    </DD03P>
    <DD03P>
     <TABNAME>ZEFI_TITULOS_ABERTOS_AR</TABNAME>
     <FIELDNAME>SKFBT</FIELDNAME>
     <POSITION>0023</POSITION>
     <ROLLNAME>BAPISKFBT</ROLLNAME>
     <ADMINFIELD>0</ADMINFIELD>
     <COMPTYPE>E</COMPTYPE>
    </DD03P>
    <DD03P>
     <TABNAME>ZEFI_TITULOS_ABERTOS_AR</TABNAME>
     <FIELDNAME>ZLSPR</FIELDNAME>
     <POSITION>0024</POSITION>
     <ROLLNAME>DZLSPR</ROLLNAME>
     <ADMINFIELD>0</ADMINFIELD>
     <COMPTYPE>E</COMPTYPE>
    </DD03P>
    <DD03P>
     <TABNAME>ZEFI_TITULOS_ABERTOS_AR</TABNAME>
     <FIELDNAME>ZLSCH</FIELDNAME>
     <POSITION>0025</POSITION>
     <ROLLNAME>DZLSCH</ROLLNAME>
     <ADMINFIELD>0</ADMINFIELD>
     <COMPTYPE>E</COMPTYPE>
    </DD03P>
    <DD03P>
     <TABNAME>ZEFI_TITULOS_ABERTOS_AR</TABNAME>
     <FIELDNAME>MSCHL</FIELDNAME>
     <POSITION>0026</POSITION>
     <ROLLNAME>MSCHL</ROLLNAME>
     <ADMINFIELD>0</ADMINFIELD>
     <COMPTYPE>E</COMPTYPE>
    </DD03P>
    <DD03P>
     <TABNAME>ZEFI_TITULOS_ABERTOS_AR</TABNAME>
     <FIELDNAME>ZUONR</FIELDNAME>
     <POSITION>0027</POSITION>
     <ROLLNAME>DZUONR</ROLLNAME>
     <ADMINFIELD>0</ADMINFIELD>
     <COMPTYPE>E</COMPTYPE>
    </DD03P>
    <DD03P>
     <TABNAME>ZEFI_TITULOS_ABERTOS_AR</TABNAME>
     <FIELDNAME>HBKID</FIELDNAME>
     <POSITION>0028</POSITION>
     <ROLLNAME>HBKID</ROLLNAME>
     <ADMINFIELD>0</ADMINFIELD>
     <COMPTYPE>E</COMPTYPE>
    </DD03P>
    <DD03P>
     <TABNAME>ZEFI_TITULOS_ABERTOS_AR</TABNAME>
     <FIELDNAME>HKTID</FIELDNAME>
     <POSITION>0029</POSITION>
     <ROLLNAME>HKTID</ROLLNAME>
     <ADMINFIELD>0</ADMINFIELD>
     <COMPTYPE>E</COMPTYPE>
    </DD03P>
    <DD03P>
     <TABNAME>ZEFI_TITULOS_ABERTOS_AR</TABNAME>
     <FIELDNAME>BUPLA</FIELDNAME>
     <POSITION>0030</POSITION>
     <ROLLNAME>BUPLA</ROLLNAME>
     <ADMINFIELD>0</ADMINFIELD>
     <COMPTYPE>E</COMPTYPE>
    </DD03P>
    <DD03P>
     <TABNAME>ZEFI_TITULOS_ABERTOS_AR</TABNAME>
     <FIELDNAME>BELNR</FIELDNAME>
     <POSITION>0031</POSITION>
     <ROLLNAME>BELNR_D</ROLLNAME>
     <ADMINFIELD>0</ADMINFIELD>
     <COMPTYPE>E</COMPTYPE>
    </DD03P>
    <DD03P>
     <TABNAME>ZEFI_TITULOS_ABERTOS_AR</TABNAME>
     <FIELDNAME>GJAHR</FIELDNAME>
     <POSITION>0032</POSITION>
     <ROLLNAME>GJAHR</ROLLNAME>
     <ADMINFIELD>0</ADMINFIELD>
     <COMPTYPE>E</COMPTYPE>
    </DD03P>
    <DD03P>
     <TABNAME>ZEFI_TITULOS_ABERTOS_AR</TABNAME>
     <FIELDNAME>GSBER</FIELDNAME>
     <POSITION>0033</POSITION>
     <ROLLNAME>GSBER</ROLLNAME>
     <ADMINFIELD>0</ADMINFIELD>
     <COMPTYPE>E</COMPTYPE>
    </DD03P>
    <DD03P>
     <TABNAME>ZEFI_TITULOS_ABERTOS_AR</TABNAME>
     <FIELDNAME>BSCHL</FIELDNAME>
     <POSITION>0034</POSITION>
     <ROLLNAME>BSCHL</ROLLNAME>
     <ADMINFIELD>0</ADMINFIELD>
     <COMPTYPE>E</COMPTYPE>
    </DD03P>
    <DD03P>
     <TABNAME>ZEFI_TITULOS_ABERTOS_AR</TABNAME>
     <FIELDNAME>BLART</FIELDNAME>
     <POSITION>0035</POSITION>
     <ROLLNAME>BLART</ROLLNAME>
     <ADMINFIELD>0</ADMINFIELD>
     <COMPTYPE>E</COMPTYPE>
    </DD03P>
    <DD03P>
     <TABNAME>ZEFI_TITULOS_ABERTOS_AR</TABNAME>
     <FIELDNAME>FAEDT</FIELDNAME>
     <POSITION>0036</POSITION>
     <ROLLNAME>FAEDT_FPOS</ROLLNAME>
     <ADMINFIELD>0</ADMINFIELD>
     <SHLPORIGIN>T</SHLPORIGIN>
     <COMPTYPE>E</COMPTYPE>
    </DD03P>
    <DD03P>
     <TABNAME>ZEFI_TITULOS_ABERTOS_AR</TABNAME>
     <FIELDNAME>SAKNR</FIELDNAME>
     <POSITION>0037</POSITION>
     <ROLLNAME>SAKNR</ROLLNAME>
     <ADMINFIELD>0</ADMINFIELD>
     <SHLPORIGIN>D</SHLPORIGIN>
     <COMPTYPE>E</COMPTYPE>
    </DD03P>
    <DD03P>
     <TABNAME>ZEFI_TITULOS_ABERTOS_AR</TABNAME>
     <FIELDNAME>ANFBN</FIELDNAME>
     <POSITION>0038</POSITION>
     <ROLLNAME>ANFBN</ROLLNAME>
     <ADMINFIELD>0</ADMINFIELD>
     <COMPTYPE>E</COMPTYPE>
    </DD03P>
    <DD03P>
     <TABNAME>ZEFI_TITULOS_ABERTOS_AR</TABNAME>
     <FIELDNAME>VBUND</FIELDNAME>
     <POSITION>0039</POSITION>
     <ROLLNAME>VBUND</ROLLNAME>
     <ADMINFIELD>0</ADMINFIELD>
     <COMPTYPE>E</COMPTYPE>
    </DD03P>
   </DD03P_TABLE>
  </asx:values>
 </asx:abap>
</abapGit>
