﻿<?xml version="1.0" encoding="utf-8"?>
<abapGit version="v1.0.0" serializer="LCL_OBJECT_TABL" serializer_version="v1.0.0">
 <asx:abap xmlns:asx="http://www.sap.com/abapxml" version="1.0">
  <asx:values>
   <DD02V>
    <TABNAME>ZEFI_TAXAS_JUROS</TABNAME>
    <DDLANGUAGE>P</DDLANGUAGE>
    <TABCLASS>INTTAB</TABCLASS>
    <DDTEXT>Extração de taxas de juros</DDTEXT>
    <EXCLASS>3</EXCLASS>
   </DD02V>
   <DD03P_TABLE>
    <DD03P>
     <TABNAME>ZEFI_TAXAS_JUROS</TABNAME>
     <FIELDNAME>REFERENZ</FIELDNAME>
     <POSITION>0001</POSITION>
     <ROLLNAME>REFERENZ</ROLLNAME>
     <ADMINFIELD>0</ADMINFIELD>
     <COMPTYPE>E</COMPTYPE>
    </DD03P>
    <DD03P>
     <TABNAME>ZEFI_TAXAS_JUROS</TABNAME>
     <FIELDNAME>DATAB</FIELDNAME>
     <POSITION>0002</POSITION>
     <ROLLNAME>DATAB</ROLLNAME>
     <ADMINFIELD>0</ADMINFIELD>
     <SHLPORIGIN>T</SHLPORIGIN>
     <COMPTYPE>E</COMPTYPE>
    </DD03P>
    <DD03P>
     <TABNAME>ZEFI_TAXAS_JUROS</TABNAME>
     <FIELDNAME>ZSOLL</FIELDNAME>
     <POSITION>0003</POSITION>
     <ROLLNAME>AZINSSATZ</ROLLNAME>
     <ADMINFIELD>0</ADMINFIELD>
     <COMPTYPE>E</COMPTYPE>
    </DD03P>
    <DD03P>
     <TABNAME>ZEFI_TAXAS_JUROS</TABNAME>
     <FIELDNAME>ZILABEZ</FIELDNAME>
     <POSITION>0004</POSITION>
     <ROLLNAME>LAZITEXT</ROLLNAME>
     <ADMINFIELD>0</ADMINFIELD>
     <COMPTYPE>E</COMPTYPE>
    </DD03P>
    <DD03P>
     <TABNAME>ZEFI_TAXAS_JUROS</TABNAME>
     <FIELDNAME>ZIKUBEZ</FIELDNAME>
     <POSITION>0005</POSITION>
     <ROLLNAME>KUZITEXT</ROLLNAME>
     <ADMINFIELD>0</ADMINFIELD>
     <COMPTYPE>E</COMPTYPE>
    </DD03P>
   </DD03P_TABLE>
  </asx:values>
 </asx:abap>
</abapGit>
