﻿<?xml version="1.0" encoding="utf-8"?>
<abapGit version="v1.0.0" serializer="LCL_OBJECT_TABL" serializer_version="v1.0.0">
 <asx:abap xmlns:asx="http://www.sap.com/abapxml" version="1.0">
  <asx:values>
   <DD02V>
    <TABNAME>ZEFI_AREAS_DEPRECIACAO</TABNAME>
    <DDLANGUAGE>P</DDLANGUAGE>
    <TABCLASS>INTTAB</TABCLASS>
    <DDTEXT>Extração das áreas de depreciação (Imobilizado)</DDTEXT>
    <EXCLASS>2</EXCLASS>
   </DD02V>
   <DD03P_TABLE>
    <DD03P>
     <TABNAME>ZEFI_AREAS_DEPRECIACAO</TABNAME>
     <FIELDNAME>BUKRS</FIELDNAME>
     <POSITION>0001</POSITION>
     <ROLLNAME>BUKRS</ROLLNAME>
     <ADMINFIELD>0</ADMINFIELD>
     <SHLPORIGIN>D</SHLPORIGIN>
     <COMPTYPE>E</COMPTYPE>
    </DD03P>
    <DD03P>
     <TABNAME>ZEFI_AREAS_DEPRECIACAO</TABNAME>
     <FIELDNAME>ANLN1</FIELDNAME>
     <POSITION>0002</POSITION>
     <ROLLNAME>ANLN1</ROLLNAME>
     <ADMINFIELD>0</ADMINFIELD>
     <COMPTYPE>E</COMPTYPE>
    </DD03P>
    <DD03P>
     <TABNAME>ZEFI_AREAS_DEPRECIACAO</TABNAME>
     <FIELDNAME>ANLN2</FIELDNAME>
     <POSITION>0003</POSITION>
     <ROLLNAME>ANLN2</ROLLNAME>
     <ADMINFIELD>0</ADMINFIELD>
     <COMPTYPE>E</COMPTYPE>
    </DD03P>
    <DD03P>
     <TABNAME>ZEFI_AREAS_DEPRECIACAO</TABNAME>
     <FIELDNAME>AFABE</FIELDNAME>
     <POSITION>0004</POSITION>
     <ROLLNAME>AFABE_D</ROLLNAME>
     <ADMINFIELD>0</ADMINFIELD>
     <COMPTYPE>E</COMPTYPE>
    </DD03P>
    <DD03P>
     <TABNAME>ZEFI_AREAS_DEPRECIACAO</TABNAME>
     <FIELDNAME>AFASL</FIELDNAME>
     <POSITION>0005</POSITION>
     <ROLLNAME>AFASL</ROLLNAME>
     <ADMINFIELD>0</ADMINFIELD>
     <SHLPORIGIN>D</SHLPORIGIN>
     <COMPTYPE>E</COMPTYPE>
    </DD03P>
    <DD03P>
     <TABNAME>ZEFI_AREAS_DEPRECIACAO</TABNAME>
     <FIELDNAME>NDJAR</FIELDNAME>
     <POSITION>0006</POSITION>
     <ROLLNAME>NDJAR</ROLLNAME>
     <ADMINFIELD>0</ADMINFIELD>
     <COMPTYPE>E</COMPTYPE>
    </DD03P>
    <DD03P>
     <TABNAME>ZEFI_AREAS_DEPRECIACAO</TABNAME>
     <FIELDNAME>NDPER</FIELDNAME>
     <POSITION>0007</POSITION>
     <ROLLNAME>NDPER</ROLLNAME>
     <ADMINFIELD>0</ADMINFIELD>
     <VALEXI>X</VALEXI>
     <SHLPORIGIN>F</SHLPORIGIN>
     <COMPTYPE>E</COMPTYPE>
    </DD03P>
    <DD03P>
     <TABNAME>ZEFI_AREAS_DEPRECIACAO</TABNAME>
     <FIELDNAME>AFABG</FIELDNAME>
     <POSITION>0008</POSITION>
     <ROLLNAME>AFABG</ROLLNAME>
     <ADMINFIELD>0</ADMINFIELD>
     <SHLPORIGIN>T</SHLPORIGIN>
     <COMPTYPE>E</COMPTYPE>
    </DD03P>
   </DD03P_TABLE>
  </asx:values>
 </asx:abap>
</abapGit>
