﻿<?xml version="1.0" encoding="utf-8"?>
<abapGit version="v1.0.0" serializer="LCL_OBJECT_TABL" serializer_version="v1.0.0">
 <asx:abap xmlns:asx="http://www.sap.com/abapxml" version="1.0">
  <asx:values>
   <DD02V>
    <TABNAME>ZEMM_EXT_MAT_GERAL</TABNAME>
    <DDLANGUAGE>P</DDLANGUAGE>
    <TABCLASS>INTTAB</TABCLASS>
    <DDTEXT>PROGRAMA DE EXTRACAO - MESTRE MATERIAL - GERAL</DDTEXT>
    <EXCLASS>4</EXCLASS>
   </DD02V>
   <DD03P_TABLE>
    <DD03P>
     <TABNAME>ZEMM_EXT_MAT_GERAL</TABNAME>
     <FIELDNAME>MATNR</FIELDNAME>
     <POSITION>0001</POSITION>
     <ROLLNAME>MATNR</ROLLNAME>
     <ADMINFIELD>0</ADMINFIELD>
     <SHLPORIGIN>D</SHLPORIGIN>
     <COMPTYPE>E</COMPTYPE>
    </DD03P>
    <DD03P>
     <TABNAME>ZEMM_EXT_MAT_GERAL</TABNAME>
     <FIELDNAME>MAKTG</FIELDNAME>
     <POSITION>0002</POSITION>
     <ROLLNAME>MAKTG</ROLLNAME>
     <ADMINFIELD>0</ADMINFIELD>
     <COMPTYPE>E</COMPTYPE>
    </DD03P>
    <DD03P>
     <TABNAME>ZEMM_EXT_MAT_GERAL</TABNAME>
     <FIELDNAME>MTART</FIELDNAME>
     <POSITION>0003</POSITION>
     <ROLLNAME>MTART</ROLLNAME>
     <ADMINFIELD>0</ADMINFIELD>
     <COMPTYPE>E</COMPTYPE>
    </DD03P>
    <DD03P>
     <TABNAME>ZEMM_EXT_MAT_GERAL</TABNAME>
     <FIELDNAME>MATKL</FIELDNAME>
     <POSITION>0004</POSITION>
     <ROLLNAME>MATKL</ROLLNAME>
     <ADMINFIELD>0</ADMINFIELD>
     <SHLPORIGIN>D</SHLPORIGIN>
     <COMPTYPE>E</COMPTYPE>
    </DD03P>
    <DD03P>
     <TABNAME>ZEMM_EXT_MAT_GERAL</TABNAME>
     <FIELDNAME>MEINS</FIELDNAME>
     <POSITION>0005</POSITION>
     <ROLLNAME>MEINS</ROLLNAME>
     <ADMINFIELD>0</ADMINFIELD>
     <COMPTYPE>E</COMPTYPE>
    </DD03P>
    <DD03P>
     <TABNAME>ZEMM_EXT_MAT_GERAL</TABNAME>
     <FIELDNAME>ZEINR</FIELDNAME>
     <POSITION>0006</POSITION>
     <ROLLNAME>DZEINR</ROLLNAME>
     <ADMINFIELD>0</ADMINFIELD>
     <COMPTYPE>E</COMPTYPE>
    </DD03P>
    <DD03P>
     <TABNAME>ZEMM_EXT_MAT_GERAL</TABNAME>
     <FIELDNAME>ZEIAR</FIELDNAME>
     <POSITION>0007</POSITION>
     <ROLLNAME>DZEIAR</ROLLNAME>
     <ADMINFIELD>0</ADMINFIELD>
     <COMPTYPE>E</COMPTYPE>
    </DD03P>
    <DD03P>
     <TABNAME>ZEMM_EXT_MAT_GERAL</TABNAME>
     <FIELDNAME>ZEIVR</FIELDNAME>
     <POSITION>0008</POSITION>
     <ROLLNAME>DZEIVR</ROLLNAME>
     <ADMINFIELD>0</ADMINFIELD>
     <COMPTYPE>E</COMPTYPE>
    </DD03P>
    <DD03P>
     <TABNAME>ZEMM_EXT_MAT_GERAL</TABNAME>
     <FIELDNAME>BLANZ</FIELDNAME>
     <POSITION>0009</POSITION>
     <ROLLNAME>BLANZ</ROLLNAME>
     <ADMINFIELD>0</ADMINFIELD>
     <COMPTYPE>E</COMPTYPE>
    </DD03P>
    <DD03P>
     <TABNAME>ZEMM_EXT_MAT_GERAL</TABNAME>
     <FIELDNAME>WRKST</FIELDNAME>
     <POSITION>0010</POSITION>
     <ROLLNAME>WRKST</ROLLNAME>
     <ADMINFIELD>0</ADMINFIELD>
     <COMPTYPE>E</COMPTYPE>
    </DD03P>
    <DD03P>
     <TABNAME>ZEMM_EXT_MAT_GERAL</TABNAME>
     <FIELDNAME>HUTYP</FIELDNAME>
     <POSITION>0011</POSITION>
     <ROLLNAME>CIFHUTYP</ROLLNAME>
     <ADMINFIELD>0</ADMINFIELD>
     <COMPTYPE>E</COMPTYPE>
    </DD03P>
    <DD03P>
     <TABNAME>ZEMM_EXT_MAT_GERAL</TABNAME>
     <FIELDNAME>MAKTX</FIELDNAME>
     <POSITION>0012</POSITION>
     <ROLLNAME>MAKTX</ROLLNAME>
     <ADMINFIELD>0</ADMINFIELD>
     <COMPTYPE>E</COMPTYPE>
    </DD03P>
    <DD03P>
     <TABNAME>ZEMM_EXT_MAT_GERAL</TABNAME>
     <FIELDNAME>TLINE</FIELDNAME>
     <POSITION>0013</POSITION>
     <ROLLNAME>RSCHAVLEXT</ROLLNAME>
     <ADMINFIELD>0</ADMINFIELD>
     <COMPTYPE>E</COMPTYPE>
    </DD03P>
   </DD03P_TABLE>
  </asx:values>
 </asx:abap>
</abapGit>
