﻿<?xml version="1.0" encoding="utf-8"?>
<abapGit version="v1.0.0" serializer="LCL_OBJECT_TABL" serializer_version="v1.0.0">
 <asx:abap xmlns:asx="http://www.sap.com/abapxml" version="1.0">
  <asx:values>
   <DD02V>
    <TABNAME>ZEMM_EXT_MAT_FORNEC_CONTATO</TABNAME>
    <DDLANGUAGE>P</DDLANGUAGE>
    <TABCLASS>INTTAB</TABCLASS>
    <DDTEXT>PROGRAMA DE EXTRACAO - MESTRE FORNECEDOR - CONTATTO</DDTEXT>
    <EXCLASS>4</EXCLASS>
   </DD02V>
   <DD03P_TABLE>
    <DD03P>
     <TABNAME>ZEMM_EXT_MAT_FORNEC_CONTATO</TABNAME>
     <FIELDNAME>LIFNR</FIELDNAME>
     <POSITION>0001</POSITION>
     <ROLLNAME>LIFNR</ROLLNAME>
     <ADMINFIELD>0</ADMINFIELD>
     <SHLPORIGIN>D</SHLPORIGIN>
     <COMPTYPE>E</COMPTYPE>
    </DD03P>
    <DD03P>
     <TABNAME>ZEMM_EXT_MAT_FORNEC_CONTATO</TABNAME>
     <FIELDNAME>NAME1_FOR</FIELDNAME>
     <POSITION>0002</POSITION>
     <ROLLNAME>NAME1_GP</ROLLNAME>
     <ADMINFIELD>0</ADMINFIELD>
     <COMPTYPE>E</COMPTYPE>
    </DD03P>
    <DD03P>
     <TABNAME>ZEMM_EXT_MAT_FORNEC_CONTATO</TABNAME>
     <FIELDNAME>NAME2_FOR</FIELDNAME>
     <POSITION>0003</POSITION>
     <ROLLNAME>NAME2_GP</ROLLNAME>
     <ADMINFIELD>0</ADMINFIELD>
     <COMPTYPE>E</COMPTYPE>
    </DD03P>
    <DD03P>
     <TABNAME>ZEMM_EXT_MAT_FORNEC_CONTATO</TABNAME>
     <FIELDNAME>PARNR</FIELDNAME>
     <POSITION>0004</POSITION>
     <ROLLNAME>PARNR</ROLLNAME>
     <ADMINFIELD>0</ADMINFIELD>
     <COMPTYPE>E</COMPTYPE>
    </DD03P>
    <DD03P>
     <TABNAME>ZEMM_EXT_MAT_FORNEC_CONTATO</TABNAME>
     <FIELDNAME>PRSNR</FIELDNAME>
     <POSITION>0005</POSITION>
     <ROLLNAME>AD_PERSNUM</ROLLNAME>
     <ADMINFIELD>0</ADMINFIELD>
     <SHLPORIGIN>D</SHLPORIGIN>
     <COMPTYPE>E</COMPTYPE>
    </DD03P>
    <DD03P>
     <TABNAME>ZEMM_EXT_MAT_FORNEC_CONTATO</TABNAME>
     <FIELDNAME>ADRND</FIELDNAME>
     <POSITION>0006</POSITION>
     <ROLLNAME>ADRND</ROLLNAME>
     <ADMINFIELD>0</ADMINFIELD>
     <COMPTYPE>E</COMPTYPE>
    </DD03P>
    <DD03P>
     <TABNAME>ZEMM_EXT_MAT_FORNEC_CONTATO</TABNAME>
     <FIELDNAME>ANRED</FIELDNAME>
     <POSITION>0007</POSITION>
     <ROLLNAME>ANRED_AP</ROLLNAME>
     <ADMINFIELD>0</ADMINFIELD>
     <COMPTYPE>E</COMPTYPE>
    </DD03P>
    <DD03P>
     <TABNAME>ZEMM_EXT_MAT_FORNEC_CONTATO</TABNAME>
     <FIELDNAME>NAMEV</FIELDNAME>
     <POSITION>0008</POSITION>
     <ROLLNAME>NAMEV_VP</ROLLNAME>
     <ADMINFIELD>0</ADMINFIELD>
     <COMPTYPE>E</COMPTYPE>
    </DD03P>
    <DD03P>
     <TABNAME>ZEMM_EXT_MAT_FORNEC_CONTATO</TABNAME>
     <FIELDNAME>NAME1</FIELDNAME>
     <POSITION>0009</POSITION>
     <ROLLNAME>NAME1_GP</ROLLNAME>
     <ADMINFIELD>0</ADMINFIELD>
     <COMPTYPE>E</COMPTYPE>
    </DD03P>
    <DD03P>
     <TABNAME>ZEMM_EXT_MAT_FORNEC_CONTATO</TABNAME>
     <FIELDNAME>SORTL</FIELDNAME>
     <POSITION>0010</POSITION>
     <ROLLNAME>SORTL</ROLLNAME>
     <ADMINFIELD>0</ADMINFIELD>
     <COMPTYPE>E</COMPTYPE>
    </DD03P>
    <DD03P>
     <TABNAME>ZEMM_EXT_MAT_FORNEC_CONTATO</TABNAME>
     <FIELDNAME>STREET</FIELDNAME>
     <POSITION>0011</POSITION>
     <ROLLNAME>AD_STREET</ROLLNAME>
     <ADMINFIELD>0</ADMINFIELD>
     <SHLPORIGIN>D</SHLPORIGIN>
     <COMPTYPE>E</COMPTYPE>
    </DD03P>
    <DD03P>
     <TABNAME>ZEMM_EXT_MAT_FORNEC_CONTATO</TABNAME>
     <FIELDNAME>HOUSE_NUM1</FIELDNAME>
     <POSITION>0012</POSITION>
     <ROLLNAME>AD_HSNM1</ROLLNAME>
     <ADMINFIELD>0</ADMINFIELD>
     <COMPTYPE>E</COMPTYPE>
    </DD03P>
    <DD03P>
     <TABNAME>ZEMM_EXT_MAT_FORNEC_CONTATO</TABNAME>
     <FIELDNAME>CITY2</FIELDNAME>
     <POSITION>0013</POSITION>
     <ROLLNAME>AD_CITY2</ROLLNAME>
     <ADMINFIELD>0</ADMINFIELD>
     <SHLPORIGIN>D</SHLPORIGIN>
     <COMPTYPE>E</COMPTYPE>
    </DD03P>
    <DD03P>
     <TABNAME>ZEMM_EXT_MAT_FORNEC_CONTATO</TABNAME>
     <FIELDNAME>POST_CODE1</FIELDNAME>
     <POSITION>0014</POSITION>
     <ROLLNAME>AD_PSTCD1</ROLLNAME>
     <ADMINFIELD>0</ADMINFIELD>
     <COMPTYPE>E</COMPTYPE>
    </DD03P>
    <DD03P>
     <TABNAME>ZEMM_EXT_MAT_FORNEC_CONTATO</TABNAME>
     <FIELDNAME>CITY1</FIELDNAME>
     <POSITION>0015</POSITION>
     <ROLLNAME>AD_CITY1</ROLLNAME>
     <ADMINFIELD>0</ADMINFIELD>
     <SHLPORIGIN>D</SHLPORIGIN>
     <COMPTYPE>E</COMPTYPE>
    </DD03P>
    <DD03P>
     <TABNAME>ZEMM_EXT_MAT_FORNEC_CONTATO</TABNAME>
     <FIELDNAME>COUNTRY</FIELDNAME>
     <POSITION>0016</POSITION>
     <ROLLNAME>LAND1</ROLLNAME>
     <ADMINFIELD>0</ADMINFIELD>
     <COMPTYPE>E</COMPTYPE>
    </DD03P>
    <DD03P>
     <TABNAME>ZEMM_EXT_MAT_FORNEC_CONTATO</TABNAME>
     <FIELDNAME>REGION</FIELDNAME>
     <POSITION>0017</POSITION>
     <ROLLNAME>REGIO</ROLLNAME>
     <ADMINFIELD>0</ADMINFIELD>
     <COMPTYPE>E</COMPTYPE>
    </DD03P>
    <DD03P>
     <TABNAME>ZEMM_EXT_MAT_FORNEC_CONTATO</TABNAME>
     <FIELDNAME>TAXJURCODE</FIELDNAME>
     <POSITION>0018</POSITION>
     <ROLLNAME>AD_TXJCD</ROLLNAME>
     <ADMINFIELD>0</ADMINFIELD>
     <COMPTYPE>E</COMPTYPE>
    </DD03P>
    <DD03P>
     <TABNAME>ZEMM_EXT_MAT_FORNEC_CONTATO</TABNAME>
     <FIELDNAME>TIME_ZONE</FIELDNAME>
     <POSITION>0019</POSITION>
     <ROLLNAME>AD_TZONE</ROLLNAME>
     <ADMINFIELD>0</ADMINFIELD>
     <COMPTYPE>E</COMPTYPE>
    </DD03P>
    <DD03P>
     <TABNAME>ZEMM_EXT_MAT_FORNEC_CONTATO</TABNAME>
     <FIELDNAME>LANGU</FIELDNAME>
     <POSITION>0020</POSITION>
     <ROLLNAME>SPRAS</ROLLNAME>
     <ADMINFIELD>0</ADMINFIELD>
     <SHLPORIGIN>D</SHLPORIGIN>
     <COMPTYPE>E</COMPTYPE>
     <LANGUFLAG>X</LANGUFLAG>
    </DD03P>
    <DD03P>
     <TABNAME>ZEMM_EXT_MAT_FORNEC_CONTATO</TABNAME>
     <FIELDNAME>TELNR_LONG</FIELDNAME>
     <POSITION>0021</POSITION>
     <ROLLNAME>AD_TELNRCL</ROLLNAME>
     <ADMINFIELD>0</ADMINFIELD>
     <COMPTYPE>E</COMPTYPE>
    </DD03P>
    <DD03P>
     <TABNAME>ZEMM_EXT_MAT_FORNEC_CONTATO</TABNAME>
     <FIELDNAME>MOBILE_LONG</FIELDNAME>
     <POSITION>0022</POSITION>
     <ROLLNAME>AD_TELNRCL</ROLLNAME>
     <ADMINFIELD>0</ADMINFIELD>
     <COMPTYPE>E</COMPTYPE>
    </DD03P>
    <DD03P>
     <TABNAME>ZEMM_EXT_MAT_FORNEC_CONTATO</TABNAME>
     <FIELDNAME>SMTP_ADDR</FIELDNAME>
     <POSITION>0023</POSITION>
     <ROLLNAME>AD_SMTPADR</ROLLNAME>
     <ADMINFIELD>0</ADMINFIELD>
     <COMPTYPE>E</COMPTYPE>
    </DD03P>
   </DD03P_TABLE>
  </asx:values>
 </asx:abap>
</abapGit>
