﻿<?xml version="1.0" encoding="utf-8"?>
<abapGit version="v1.0.0" serializer="LCL_OBJECT_TABL" serializer_version="v1.0.0">
 <asx:abap xmlns:asx="http://www.sap.com/abapxml" version="1.0">
  <asx:values>
   <DD02V>
    <TABNAME>ZEMM_EXT_MAT_ARMAZEM_COPIA</TABNAME>
    <DDLANGUAGE>P</DDLANGUAGE>
    <TABCLASS>INTTAB</TABCLASS>
    <DDTEXT>PROGRAMA DE EXTRACAO - MESTRE DE MATERIAIS - ARMAZENAGEM</DDTEXT>
    <EXCLASS>4</EXCLASS>
   </DD02V>
   <DD03P_TABLE>
    <DD03P>
     <TABNAME>ZEMM_EXT_MAT_ARMAZEM_COPIA</TABNAME>
     <FIELDNAME>MATNR</FIELDNAME>
     <POSITION>0001</POSITION>
     <ROLLNAME>MATNR</ROLLNAME>
     <ADMINFIELD>0</ADMINFIELD>
     <SHLPORIGIN>D</SHLPORIGIN>
     <COMPTYPE>E</COMPTYPE>
    </DD03P>
    <DD03P>
     <TABNAME>ZEMM_EXT_MAT_ARMAZEM_COPIA</TABNAME>
     <FIELDNAME>WERKS</FIELDNAME>
     <POSITION>0002</POSITION>
     <ROLLNAME>WERKS_D</ROLLNAME>
     <ADMINFIELD>0</ADMINFIELD>
     <SHLPORIGIN>D</SHLPORIGIN>
     <COMPTYPE>E</COMPTYPE>
    </DD03P>
    <DD03P>
     <TABNAME>ZEMM_EXT_MAT_ARMAZEM_COPIA</TABNAME>
     <FIELDNAME>BWTTY</FIELDNAME>
     <POSITION>0003</POSITION>
     <ROLLNAME>BWTTY_D</ROLLNAME>
     <ADMINFIELD>0</ADMINFIELD>
     <COMPTYPE>E</COMPTYPE>
    </DD03P>
    <DD03P>
     <TABNAME>ZEMM_EXT_MAT_ARMAZEM_COPIA</TABNAME>
     <FIELDNAME>KZKRI</FIELDNAME>
     <POSITION>0004</POSITION>
     <ROLLNAME>KZKRI</ROLLNAME>
     <ADMINFIELD>0</ADMINFIELD>
     <VALEXI>X</VALEXI>
     <SHLPORIGIN>F</SHLPORIGIN>
     <COMPTYPE>E</COMPTYPE>
    </DD03P>
    <DD03P>
     <TABNAME>ZEMM_EXT_MAT_ARMAZEM_COPIA</TABNAME>
     <FIELDNAME>DISMM</FIELDNAME>
     <POSITION>0005</POSITION>
     <ROLLNAME>DISMM</ROLLNAME>
     <ADMINFIELD>0</ADMINFIELD>
     <COMPTYPE>E</COMPTYPE>
    </DD03P>
    <DD03P>
     <TABNAME>ZEMM_EXT_MAT_ARMAZEM_COPIA</TABNAME>
     <FIELDNAME>SOBSL</FIELDNAME>
     <POSITION>0006</POSITION>
     <ROLLNAME>SOBSL</ROLLNAME>
     <ADMINFIELD>0</ADMINFIELD>
     <COMPTYPE>E</COMPTYPE>
    </DD03P>
    <DD03P>
     <TABNAME>ZEMM_EXT_MAT_ARMAZEM_COPIA</TABNAME>
     <FIELDNAME>MINBE</FIELDNAME>
     <POSITION>0007</POSITION>
     <ROLLNAME>MINBE</ROLLNAME>
     <ADMINFIELD>0</ADMINFIELD>
     <REFTABLE>MARA</REFTABLE>
     <REFFIELD>MEINS</REFFIELD>
     <COMPTYPE>E</COMPTYPE>
    </DD03P>
    <DD03P>
     <TABNAME>ZEMM_EXT_MAT_ARMAZEM_COPIA</TABNAME>
     <FIELDNAME>EISBE</FIELDNAME>
     <POSITION>0008</POSITION>
     <ROLLNAME>EISBE</ROLLNAME>
     <ADMINFIELD>0</ADMINFIELD>
     <REFTABLE>MARA</REFTABLE>
     <REFFIELD>MEINS</REFFIELD>
     <COMPTYPE>E</COMPTYPE>
    </DD03P>
    <DD03P>
     <TABNAME>ZEMM_EXT_MAT_ARMAZEM_COPIA</TABNAME>
     <FIELDNAME>MABST</FIELDNAME>
     <POSITION>0009</POSITION>
     <ROLLNAME>MABST</ROLLNAME>
     <ADMINFIELD>0</ADMINFIELD>
     <REFTABLE>MARA</REFTABLE>
     <REFFIELD>MEINS</REFFIELD>
     <COMPTYPE>E</COMPTYPE>
    </DD03P>
    <DD03P>
     <TABNAME>ZEMM_EXT_MAT_ARMAZEM_COPIA</TABNAME>
     <FIELDNAME>ATPKZ</FIELDNAME>
     <POSITION>0010</POSITION>
     <ROLLNAME>ATPKZ</ROLLNAME>
     <ADMINFIELD>0</ADMINFIELD>
     <VALEXI>X</VALEXI>
     <SHLPORIGIN>F</SHLPORIGIN>
     <COMPTYPE>E</COMPTYPE>
    </DD03P>
    <DD03P>
     <TABNAME>ZEMM_EXT_MAT_ARMAZEM_COPIA</TABNAME>
     <FIELDNAME>SERNP</FIELDNAME>
     <POSITION>0011</POSITION>
     <ROLLNAME>SERAIL</ROLLNAME>
     <ADMINFIELD>0</ADMINFIELD>
     <COMPTYPE>E</COMPTYPE>
    </DD03P>
    <DD03P>
     <TABNAME>ZEMM_EXT_MAT_ARMAZEM_COPIA</TABNAME>
     <FIELDNAME>INDUS</FIELDNAME>
     <POSITION>0012</POSITION>
     <ROLLNAME>J_1BINDUS3</ROLLNAME>
     <ADMINFIELD>0</ADMINFIELD>
     <VALEXI>X</VALEXI>
     <SHLPORIGIN>F</SHLPORIGIN>
     <COMPTYPE>E</COMPTYPE>
    </DD03P>
    <DD03P>
     <TABNAME>ZEMM_EXT_MAT_ARMAZEM_COPIA</TABNAME>
     <FIELDNAME>STEUC</FIELDNAME>
     <POSITION>0013</POSITION>
     <ROLLNAME>STEUC</ROLLNAME>
     <ADMINFIELD>0</ADMINFIELD>
     <COMPTYPE>E</COMPTYPE>
    </DD03P>
    <DD03P>
     <TABNAME>ZEMM_EXT_MAT_ARMAZEM_COPIA</TABNAME>
     <FIELDNAME>EISLO</FIELDNAME>
     <POSITION>0014</POSITION>
     <ROLLNAME>EISLO</ROLLNAME>
     <ADMINFIELD>0</ADMINFIELD>
     <REFTABLE>MARA</REFTABLE>
     <REFFIELD>MEINS</REFFIELD>
     <COMPTYPE>E</COMPTYPE>
    </DD03P>
    <DD03P>
     <TABNAME>ZEMM_EXT_MAT_ARMAZEM_COPIA</TABNAME>
     <FIELDNAME>AUSME</FIELDNAME>
     <POSITION>0015</POSITION>
     <ROLLNAME>AUSME</ROLLNAME>
     <ADMINFIELD>0</ADMINFIELD>
     <COMPTYPE>E</COMPTYPE>
    </DD03P>
    <DD03P>
     <TABNAME>ZEMM_EXT_MAT_ARMAZEM_COPIA</TABNAME>
     <FIELDNAME>XCHPF</FIELDNAME>
     <POSITION>0016</POSITION>
     <ROLLNAME>XCHPF</ROLLNAME>
     <ADMINFIELD>0</ADMINFIELD>
     <VALEXI>X</VALEXI>
     <SHLPORIGIN>F</SHLPORIGIN>
     <COMPTYPE>E</COMPTYPE>
    </DD03P>
    <DD03P>
     <TABNAME>ZEMM_EXT_MAT_ARMAZEM_COPIA</TABNAME>
     <FIELDNAME>MMSTA</FIELDNAME>
     <POSITION>0017</POSITION>
     <ROLLNAME>MMSTA</ROLLNAME>
     <ADMINFIELD>0</ADMINFIELD>
     <COMPTYPE>E</COMPTYPE>
    </DD03P>
    <DD03P>
     <TABNAME>ZEMM_EXT_MAT_ARMAZEM_COPIA</TABNAME>
     <FIELDNAME>MMSTD</FIELDNAME>
     <POSITION>0018</POSITION>
     <ROLLNAME>MMSTD</ROLLNAME>
     <ADMINFIELD>0</ADMINFIELD>
     <SHLPORIGIN>T</SHLPORIGIN>
     <COMPTYPE>E</COMPTYPE>
    </DD03P>
    <DD03P>
     <TABNAME>ZEMM_EXT_MAT_ARMAZEM_COPIA</TABNAME>
     <FIELDNAME>MTVFP</FIELDNAME>
     <POSITION>0019</POSITION>
     <ROLLNAME>MTVFP</ROLLNAME>
     <ADMINFIELD>0</ADMINFIELD>
     <COMPTYPE>E</COMPTYPE>
    </DD03P>
    <DD03P>
     <TABNAME>ZEMM_EXT_MAT_ARMAZEM_COPIA</TABNAME>
     <FIELDNAME>KZECH</FIELDNAME>
     <POSITION>0020</POSITION>
     <ROLLNAME>KZECH</ROLLNAME>
     <ADMINFIELD>0</ADMINFIELD>
     <VALEXI>X</VALEXI>
     <SHLPORIGIN>F</SHLPORIGIN>
     <COMPTYPE>E</COMPTYPE>
    </DD03P>
    <DD03P>
     <TABNAME>ZEMM_EXT_MAT_ARMAZEM_COPIA</TABNAME>
     <FIELDNAME>WEBAZ</FIELDNAME>
     <POSITION>0021</POSITION>
     <ROLLNAME>WEBAZ</ROLLNAME>
     <ADMINFIELD>0</ADMINFIELD>
     <COMPTYPE>E</COMPTYPE>
    </DD03P>
    <DD03P>
     <TABNAME>ZEMM_EXT_MAT_ARMAZEM_COPIA</TABNAME>
     <FIELDNAME>LGPRO</FIELDNAME>
     <POSITION>0022</POSITION>
     <ROLLNAME>LGPRO</ROLLNAME>
     <ADMINFIELD>0</ADMINFIELD>
     <COMPTYPE>E</COMPTYPE>
    </DD03P>
    <DD03P>
     <TABNAME>ZEMM_EXT_MAT_ARMAZEM_COPIA</TABNAME>
     <FIELDNAME>INSMK</FIELDNAME>
     <POSITION>0023</POSITION>
     <ROLLNAME>INSMK_MAT</ROLLNAME>
     <ADMINFIELD>0</ADMINFIELD>
     <VALEXI>X</VALEXI>
     <SHLPORIGIN>F</SHLPORIGIN>
     <COMPTYPE>E</COMPTYPE>
    </DD03P>
    <DD03P>
     <TABNAME>ZEMM_EXT_MAT_ARMAZEM_COPIA</TABNAME>
     <FIELDNAME>LADGR</FIELDNAME>
     <POSITION>0024</POSITION>
     <ROLLNAME>LADGR</ROLLNAME>
     <ADMINFIELD>0</ADMINFIELD>
     <COMPTYPE>E</COMPTYPE>
    </DD03P>
    <DD03P>
     <TABNAME>ZEMM_EXT_MAT_ARMAZEM_COPIA</TABNAME>
     <FIELDNAME>VRVEZ</FIELDNAME>
     <POSITION>0025</POSITION>
     <ROLLNAME>VRVEZ</ROLLNAME>
     <ADMINFIELD>0</ADMINFIELD>
     <COMPTYPE>E</COMPTYPE>
    </DD03P>
    <DD03P>
     <TABNAME>ZEMM_EXT_MAT_ARMAZEM_COPIA</TABNAME>
     <FIELDNAME>VBEAZ</FIELDNAME>
     <POSITION>0026</POSITION>
     <ROLLNAME>VBEAZ</ROLLNAME>
     <ADMINFIELD>0</ADMINFIELD>
     <COMPTYPE>E</COMPTYPE>
    </DD03P>
    <DD03P>
     <TABNAME>ZEMM_EXT_MAT_ARMAZEM_COPIA</TABNAME>
     <FIELDNAME>VBAMG</FIELDNAME>
     <POSITION>0027</POSITION>
     <ROLLNAME>VBAMG</ROLLNAME>
     <ADMINFIELD>0</ADMINFIELD>
     <REFTABLE>MARA</REFTABLE>
     <REFFIELD>MEINS</REFFIELD>
     <COMPTYPE>E</COMPTYPE>
    </DD03P>
    <DD03P>
     <TABNAME>ZEMM_EXT_MAT_ARMAZEM_COPIA</TABNAME>
     <FIELDNAME>PRCTR</FIELDNAME>
     <POSITION>0028</POSITION>
     <ROLLNAME>PRCTR</ROLLNAME>
     <ADMINFIELD>0</ADMINFIELD>
     <SHLPORIGIN>D</SHLPORIGIN>
     <COMPTYPE>E</COMPTYPE>
    </DD03P>
    <DD03P>
     <TABNAME>ZEMM_EXT_MAT_ARMAZEM_COPIA</TABNAME>
     <FIELDNAME>EKGRP</FIELDNAME>
     <POSITION>0029</POSITION>
     <ROLLNAME>EKGRP</ROLLNAME>
     <ADMINFIELD>0</ADMINFIELD>
     <COMPTYPE>E</COMPTYPE>
    </DD03P>
    <DD03P>
     <TABNAME>ZEMM_EXT_MAT_ARMAZEM_COPIA</TABNAME>
     <FIELDNAME>KAUTB</FIELDNAME>
     <POSITION>0030</POSITION>
     <ROLLNAME>KAUTB</ROLLNAME>
     <ADMINFIELD>0</ADMINFIELD>
     <VALEXI>X</VALEXI>
     <SHLPORIGIN>F</SHLPORIGIN>
     <COMPTYPE>E</COMPTYPE>
    </DD03P>
    <DD03P>
     <TABNAME>ZEMM_EXT_MAT_ARMAZEM_COPIA</TABNAME>
     <FIELDNAME>USEQU</FIELDNAME>
     <POSITION>0031</POSITION>
     <ROLLNAME>USEQU</ROLLNAME>
     <ADMINFIELD>0</ADMINFIELD>
     <COMPTYPE>E</COMPTYPE>
    </DD03P>
    <DD03P>
     <TABNAME>ZEMM_EXT_MAT_ARMAZEM_COPIA</TABNAME>
     <FIELDNAME>KORDB</FIELDNAME>
     <POSITION>0032</POSITION>
     <ROLLNAME>KORDB</ROLLNAME>
     <ADMINFIELD>0</ADMINFIELD>
     <VALEXI>X</VALEXI>
     <SHLPORIGIN>F</SHLPORIGIN>
     <COMPTYPE>E</COMPTYPE>
    </DD03P>
    <DD03P>
     <TABNAME>ZEMM_EXT_MAT_ARMAZEM_COPIA</TABNAME>
     <FIELDNAME>MTVER</FIELDNAME>
     <POSITION>0033</POSITION>
     <ROLLNAME>MTVER</ROLLNAME>
     <ADMINFIELD>0</ADMINFIELD>
     <COMPTYPE>E</COMPTYPE>
    </DD03P>
    <DD03P>
     <TABNAME>ZEMM_EXT_MAT_ARMAZEM_COPIA</TABNAME>
     <FIELDNAME>HERKL</FIELDNAME>
     <POSITION>0034</POSITION>
     <ROLLNAME>HERKL</ROLLNAME>
     <ADMINFIELD>0</ADMINFIELD>
     <COMPTYPE>E</COMPTYPE>
    </DD03P>
    <DD03P>
     <TABNAME>ZEMM_EXT_MAT_ARMAZEM_COPIA</TABNAME>
     <FIELDNAME>HERKR</FIELDNAME>
     <POSITION>0035</POSITION>
     <ROLLNAME>HERKR</ROLLNAME>
     <ADMINFIELD>0</ADMINFIELD>
     <COMPTYPE>E</COMPTYPE>
    </DD03P>
    <DD03P>
     <TABNAME>ZEMM_EXT_MAT_ARMAZEM_COPIA</TABNAME>
     <FIELDNAME>DISGR</FIELDNAME>
     <POSITION>0036</POSITION>
     <ROLLNAME>DISGR</ROLLNAME>
     <ADMINFIELD>0</ADMINFIELD>
     <COMPTYPE>E</COMPTYPE>
    </DD03P>
    <DD03P>
     <TABNAME>ZEMM_EXT_MAT_ARMAZEM_COPIA</TABNAME>
     <FIELDNAME>MAABC</FIELDNAME>
     <POSITION>0037</POSITION>
     <ROLLNAME>MAABC</ROLLNAME>
     <ADMINFIELD>0</ADMINFIELD>
     <COMPTYPE>E</COMPTYPE>
    </DD03P>
    <DD03P>
     <TABNAME>ZEMM_EXT_MAT_ARMAZEM_COPIA</TABNAME>
     <FIELDNAME>FXHOR</FIELDNAME>
     <POSITION>0038</POSITION>
     <ROLLNAME>FXHOR</ROLLNAME>
     <ADMINFIELD>0</ADMINFIELD>
     <COMPTYPE>E</COMPTYPE>
    </DD03P>
    <DD03P>
     <TABNAME>ZEMM_EXT_MAT_ARMAZEM_COPIA</TABNAME>
     <FIELDNAME>DISPO</FIELDNAME>
     <POSITION>0039</POSITION>
     <ROLLNAME>DISPO</ROLLNAME>
     <ADMINFIELD>0</ADMINFIELD>
     <SHLPORIGIN>D</SHLPORIGIN>
     <COMPTYPE>E</COMPTYPE>
    </DD03P>
    <DD03P>
     <TABNAME>ZEMM_EXT_MAT_ARMAZEM_COPIA</TABNAME>
     <FIELDNAME>DISLS</FIELDNAME>
     <POSITION>0040</POSITION>
     <ROLLNAME>DISLS</ROLLNAME>
     <ADMINFIELD>0</ADMINFIELD>
     <COMPTYPE>E</COMPTYPE>
    </DD03P>
    <DD03P>
     <TABNAME>ZEMM_EXT_MAT_ARMAZEM_COPIA</TABNAME>
     <FIELDNAME>BSTMI</FIELDNAME>
     <POSITION>0041</POSITION>
     <ROLLNAME>BSTMI</ROLLNAME>
     <ADMINFIELD>0</ADMINFIELD>
     <REFTABLE>MARA</REFTABLE>
     <REFFIELD>MEINS</REFFIELD>
     <COMPTYPE>E</COMPTYPE>
    </DD03P>
    <DD03P>
     <TABNAME>ZEMM_EXT_MAT_ARMAZEM_COPIA</TABNAME>
     <FIELDNAME>BSTMA</FIELDNAME>
     <POSITION>0042</POSITION>
     <ROLLNAME>BSTMA</ROLLNAME>
     <ADMINFIELD>0</ADMINFIELD>
     <REFTABLE>MARA</REFTABLE>
     <REFFIELD>MEINS</REFFIELD>
     <COMPTYPE>E</COMPTYPE>
    </DD03P>
    <DD03P>
     <TABNAME>ZEMM_EXT_MAT_ARMAZEM_COPIA</TABNAME>
     <FIELDNAME>BSTFE</FIELDNAME>
     <POSITION>0043</POSITION>
     <ROLLNAME>BSTFE</ROLLNAME>
     <ADMINFIELD>0</ADMINFIELD>
     <REFTABLE>MARA</REFTABLE>
     <REFFIELD>MEINS</REFFIELD>
     <COMPTYPE>E</COMPTYPE>
    </DD03P>
    <DD03P>
     <TABNAME>ZEMM_EXT_MAT_ARMAZEM_COPIA</TABNAME>
     <FIELDNAME>RDPRF</FIELDNAME>
     <POSITION>0044</POSITION>
     <ROLLNAME>RDPRF</ROLLNAME>
     <ADMINFIELD>0</ADMINFIELD>
     <COMPTYPE>E</COMPTYPE>
    </DD03P>
    <DD03P>
     <TABNAME>ZEMM_EXT_MAT_ARMAZEM_COPIA</TABNAME>
     <FIELDNAME>BSTRF</FIELDNAME>
     <POSITION>0045</POSITION>
     <ROLLNAME>BSTRF</ROLLNAME>
     <ADMINFIELD>0</ADMINFIELD>
     <REFTABLE>MARA</REFTABLE>
     <REFFIELD>MEINS</REFFIELD>
     <COMPTYPE>E</COMPTYPE>
    </DD03P>
    <DD03P>
     <TABNAME>ZEMM_EXT_MAT_ARMAZEM_COPIA</TABNAME>
     <FIELDNAME>BESKZ</FIELDNAME>
     <POSITION>0046</POSITION>
     <ROLLNAME>BESKZ</ROLLNAME>
     <ADMINFIELD>0</ADMINFIELD>
     <VALEXI>X</VALEXI>
     <SHLPORIGIN>F</SHLPORIGIN>
     <COMPTYPE>E</COMPTYPE>
    </DD03P>
    <DD03P>
     <TABNAME>ZEMM_EXT_MAT_ARMAZEM_COPIA</TABNAME>
     <FIELDNAME>RGEKZ</FIELDNAME>
     <POSITION>0047</POSITION>
     <ROLLNAME>RGEKM</ROLLNAME>
     <ADMINFIELD>0</ADMINFIELD>
     <VALEXI>X</VALEXI>
     <SHLPORIGIN>F</SHLPORIGIN>
     <COMPTYPE>E</COMPTYPE>
    </DD03P>
    <DD03P>
     <TABNAME>ZEMM_EXT_MAT_ARMAZEM_COPIA</TABNAME>
     <FIELDNAME>LGFSB</FIELDNAME>
     <POSITION>0048</POSITION>
     <ROLLNAME>LGFSB</ROLLNAME>
     <ADMINFIELD>0</ADMINFIELD>
     <COMPTYPE>E</COMPTYPE>
    </DD03P>
    <DD03P>
     <TABNAME>ZEMM_EXT_MAT_ARMAZEM_COPIA</TABNAME>
     <FIELDNAME>KZKUP</FIELDNAME>
     <POSITION>0049</POSITION>
     <ROLLNAME>KZKUPMAT</ROLLNAME>
     <ADMINFIELD>0</ADMINFIELD>
     <VALEXI>X</VALEXI>
     <SHLPORIGIN>F</SHLPORIGIN>
     <COMPTYPE>E</COMPTYPE>
    </DD03P>
    <DD03P>
     <TABNAME>ZEMM_EXT_MAT_ARMAZEM_COPIA</TABNAME>
     <FIELDNAME>SCHGT</FIELDNAME>
     <POSITION>0050</POSITION>
     <ROLLNAME>SCHGT</ROLLNAME>
     <ADMINFIELD>0</ADMINFIELD>
     <VALEXI>X</VALEXI>
     <SHLPORIGIN>F</SHLPORIGIN>
     <COMPTYPE>E</COMPTYPE>
    </DD03P>
    <DD03P>
     <TABNAME>ZEMM_EXT_MAT_ARMAZEM_COPIA</TABNAME>
     <FIELDNAME>EPRIO</FIELDNAME>
     <POSITION>0051</POSITION>
     <ROLLNAME>BF_GROUP</ROLLNAME>
     <ADMINFIELD>0</ADMINFIELD>
     <COMPTYPE>E</COMPTYPE>
    </DD03P>
    <DD03P>
     <TABNAME>ZEMM_EXT_MAT_ARMAZEM_COPIA</TABNAME>
     <FIELDNAME>PLIFZ</FIELDNAME>
     <POSITION>0052</POSITION>
     <ROLLNAME>PLIFZ</ROLLNAME>
     <ADMINFIELD>0</ADMINFIELD>
     <COMPTYPE>E</COMPTYPE>
    </DD03P>
    <DD03P>
     <TABNAME>ZEMM_EXT_MAT_ARMAZEM_COPIA</TABNAME>
     <FIELDNAME>FHORI</FIELDNAME>
     <POSITION>0053</POSITION>
     <ROLLNAME>FHORI</ROLLNAME>
     <ADMINFIELD>0</ADMINFIELD>
     <COMPTYPE>E</COMPTYPE>
    </DD03P>
    <DD03P>
     <TABNAME>ZEMM_EXT_MAT_ARMAZEM_COPIA</TABNAME>
     <FIELDNAME>MRPPP</FIELDNAME>
     <POSITION>0054</POSITION>
     <ROLLNAME>MRPPP</ROLLNAME>
     <ADMINFIELD>0</ADMINFIELD>
     <COMPTYPE>E</COMPTYPE>
    </DD03P>
    <DD03P>
     <TABNAME>ZEMM_EXT_MAT_ARMAZEM_COPIA</TABNAME>
     <FIELDNAME>RWPRO</FIELDNAME>
     <POSITION>0055</POSITION>
     <ROLLNAME>RWPRO</ROLLNAME>
     <ADMINFIELD>0</ADMINFIELD>
     <COMPTYPE>E</COMPTYPE>
    </DD03P>
    <DD03P>
     <TABNAME>ZEMM_EXT_MAT_ARMAZEM_COPIA</TABNAME>
     <FIELDNAME>SHFLG</FIELDNAME>
     <POSITION>0056</POSITION>
     <ROLLNAME>SHFLG</ROLLNAME>
     <ADMINFIELD>0</ADMINFIELD>
     <VALEXI>X</VALEXI>
     <SHLPORIGIN>F</SHLPORIGIN>
     <COMPTYPE>E</COMPTYPE>
    </DD03P>
    <DD03P>
     <TABNAME>ZEMM_EXT_MAT_ARMAZEM_COPIA</TABNAME>
     <FIELDNAME>SHZET</FIELDNAME>
     <POSITION>0057</POSITION>
     <ROLLNAME>SHZET</ROLLNAME>
     <ADMINFIELD>0</ADMINFIELD>
     <COMPTYPE>E</COMPTYPE>
    </DD03P>
    <DD03P>
     <TABNAME>ZEMM_EXT_MAT_ARMAZEM_COPIA</TABNAME>
     <FIELDNAME>PERKZ</FIELDNAME>
     <POSITION>0058</POSITION>
     <ROLLNAME>PERKZ</ROLLNAME>
     <ADMINFIELD>0</ADMINFIELD>
     <VALEXI>X</VALEXI>
     <SHLPORIGIN>F</SHLPORIGIN>
     <COMPTYPE>E</COMPTYPE>
    </DD03P>
    <DD03P>
     <TABNAME>ZEMM_EXT_MAT_ARMAZEM_COPIA</TABNAME>
     <FIELDNAME>PERIV</FIELDNAME>
     <POSITION>0059</POSITION>
     <ROLLNAME>PERIV</ROLLNAME>
     <ADMINFIELD>0</ADMINFIELD>
     <COMPTYPE>E</COMPTYPE>
    </DD03P>
    <DD03P>
     <TABNAME>ZEMM_EXT_MAT_ARMAZEM_COPIA</TABNAME>
     <FIELDNAME>AUTRU</FIELDNAME>
     <POSITION>0060</POSITION>
     <ROLLNAME>AUTRU</ROLLNAME>
     <ADMINFIELD>0</ADMINFIELD>
     <VALEXI>X</VALEXI>
     <SHLPORIGIN>F</SHLPORIGIN>
     <COMPTYPE>E</COMPTYPE>
    </DD03P>
    <DD03P>
     <TABNAME>ZEMM_EXT_MAT_ARMAZEM_COPIA</TABNAME>
     <FIELDNAME>KZKFK</FIELDNAME>
     <POSITION>0061</POSITION>
     <ROLLNAME>KZKFK</ROLLNAME>
     <ADMINFIELD>0</ADMINFIELD>
     <VALEXI>X</VALEXI>
     <SHLPORIGIN>F</SHLPORIGIN>
     <COMPTYPE>E</COMPTYPE>
    </DD03P>
    <DD03P>
     <TABNAME>ZEMM_EXT_MAT_ARMAZEM_COPIA</TABNAME>
     <FIELDNAME>STRGR</FIELDNAME>
     <POSITION>0062</POSITION>
     <ROLLNAME>STRGR</ROLLNAME>
     <ADMINFIELD>0</ADMINFIELD>
     <COMPTYPE>E</COMPTYPE>
    </DD03P>
    <DD03P>
     <TABNAME>ZEMM_EXT_MAT_ARMAZEM_COPIA</TABNAME>
     <FIELDNAME>VRMOD</FIELDNAME>
     <POSITION>0063</POSITION>
     <ROLLNAME>VRMOD</ROLLNAME>
     <ADMINFIELD>0</ADMINFIELD>
     <VALEXI>X</VALEXI>
     <SHLPORIGIN>F</SHLPORIGIN>
     <COMPTYPE>E</COMPTYPE>
    </DD03P>
    <DD03P>
     <TABNAME>ZEMM_EXT_MAT_ARMAZEM_COPIA</TABNAME>
     <FIELDNAME>VINT1</FIELDNAME>
     <POSITION>0064</POSITION>
     <ROLLNAME>VINT1</ROLLNAME>
     <ADMINFIELD>0</ADMINFIELD>
     <COMPTYPE>E</COMPTYPE>
    </DD03P>
    <DD03P>
     <TABNAME>ZEMM_EXT_MAT_ARMAZEM_COPIA</TABNAME>
     <FIELDNAME>VINT2</FIELDNAME>
     <POSITION>0065</POSITION>
     <ROLLNAME>VINT2</ROLLNAME>
     <ADMINFIELD>0</ADMINFIELD>
     <COMPTYPE>E</COMPTYPE>
    </DD03P>
    <DD03P>
     <TABNAME>ZEMM_EXT_MAT_ARMAZEM_COPIA</TABNAME>
     <FIELDNAME>PRGRP</FIELDNAME>
     <POSITION>0066</POSITION>
     <ROLLNAME>PRGRP</ROLLNAME>
     <ADMINFIELD>0</ADMINFIELD>
     <COMPTYPE>E</COMPTYPE>
    </DD03P>
    <DD03P>
     <TABNAME>ZEMM_EXT_MAT_ARMAZEM_COPIA</TABNAME>
     <FIELDNAME>PRWRK</FIELDNAME>
     <POSITION>0067</POSITION>
     <ROLLNAME>PRWRK</ROLLNAME>
     <ADMINFIELD>0</ADMINFIELD>
     <COMPTYPE>E</COMPTYPE>
    </DD03P>
    <DD03P>
     <TABNAME>ZEMM_EXT_MAT_ARMAZEM_COPIA</TABNAME>
     <FIELDNAME>UMREF</FIELDNAME>
     <POSITION>0068</POSITION>
     <ROLLNAME>UMREF</ROLLNAME>
     <ADMINFIELD>0</ADMINFIELD>
     <COMPTYPE>E</COMPTYPE>
    </DD03P>
    <DD03P>
     <TABNAME>ZEMM_EXT_MAT_ARMAZEM_COPIA</TABNAME>
     <FIELDNAME>WZEIT</FIELDNAME>
     <POSITION>0069</POSITION>
     <ROLLNAME>WZEIT</ROLLNAME>
     <ADMINFIELD>0</ADMINFIELD>
     <COMPTYPE>E</COMPTYPE>
    </DD03P>
    <DD03P>
     <TABNAME>ZEMM_EXT_MAT_ARMAZEM_COPIA</TABNAME>
     <FIELDNAME>SBDKZ</FIELDNAME>
     <POSITION>0070</POSITION>
     <ROLLNAME>SBDKZ</ROLLNAME>
     <ADMINFIELD>0</ADMINFIELD>
     <VALEXI>X</VALEXI>
     <SHLPORIGIN>F</SHLPORIGIN>
     <COMPTYPE>E</COMPTYPE>
    </DD03P>
    <DD03P>
     <TABNAME>ZEMM_EXT_MAT_ARMAZEM_COPIA</TABNAME>
     <FIELDNAME>KAUSF</FIELDNAME>
     <POSITION>0071</POSITION>
     <ROLLNAME>KAUSF</ROLLNAME>
     <ADMINFIELD>0</ADMINFIELD>
     <COMPTYPE>E</COMPTYPE>
    </DD03P>
    <DD03P>
     <TABNAME>ZEMM_EXT_MAT_ARMAZEM_COPIA</TABNAME>
     <FIELDNAME>KZBED</FIELDNAME>
     <POSITION>0072</POSITION>
     <ROLLNAME>KZBED</ROLLNAME>
     <ADMINFIELD>0</ADMINFIELD>
     <VALEXI>X</VALEXI>
     <SHLPORIGIN>F</SHLPORIGIN>
     <COMPTYPE>E</COMPTYPE>
    </DD03P>
    <DD03P>
     <TABNAME>ZEMM_EXT_MAT_ARMAZEM_COPIA</TABNAME>
     <FIELDNAME>AHDIS</FIELDNAME>
     <POSITION>0073</POSITION>
     <ROLLNAME>AHDIS</ROLLNAME>
     <ADMINFIELD>0</ADMINFIELD>
     <VALEXI>X</VALEXI>
     <SHLPORIGIN>F</SHLPORIGIN>
     <COMPTYPE>E</COMPTYPE>
    </DD03P>
    <DD03P>
     <TABNAME>ZEMM_EXT_MAT_ARMAZEM_COPIA</TABNAME>
     <FIELDNAME>SAUFT</FIELDNAME>
     <POSITION>0074</POSITION>
     <ROLLNAME>SA_SAUFT</ROLLNAME>
     <ADMINFIELD>0</ADMINFIELD>
     <VALEXI>X</VALEXI>
     <SHLPORIGIN>F</SHLPORIGIN>
     <COMPTYPE>E</COMPTYPE>
    </DD03P>
    <DD03P>
     <TABNAME>ZEMM_EXT_MAT_ARMAZEM_COPIA</TABNAME>
     <FIELDNAME>SFEPR</FIELDNAME>
     <POSITION>0075</POSITION>
     <ROLLNAME>SFEPR</ROLLNAME>
     <ADMINFIELD>0</ADMINFIELD>
     <COMPTYPE>E</COMPTYPE>
    </DD03P>
    <DD03P>
     <TABNAME>ZEMM_EXT_MAT_ARMAZEM_COPIA</TABNAME>
     <FIELDNAME>FRTME</FIELDNAME>
     <POSITION>0076</POSITION>
     <ROLLNAME>FRTME</ROLLNAME>
     <ADMINFIELD>0</ADMINFIELD>
     <COMPTYPE>E</COMPTYPE>
    </DD03P>
    <DD03P>
     <TABNAME>ZEMM_EXT_MAT_ARMAZEM_COPIA</TABNAME>
     <FIELDNAME>SFCPF</FIELDNAME>
     <POSITION>0077</POSITION>
     <ROLLNAME>CO_PRODPRF</ROLLNAME>
     <ADMINFIELD>0</ADMINFIELD>
     <COMPTYPE>E</COMPTYPE>
    </DD03P>
    <DD03P>
     <TABNAME>ZEMM_EXT_MAT_ARMAZEM_COPIA</TABNAME>
     <FIELDNAME>FEVOR</FIELDNAME>
     <POSITION>0078</POSITION>
     <ROLLNAME>FEVOR</ROLLNAME>
     <ADMINFIELD>0</ADMINFIELD>
     <COMPTYPE>E</COMPTYPE>
    </DD03P>
    <DD03P>
     <TABNAME>ZEMM_EXT_MAT_ARMAZEM_COPIA</TABNAME>
     <FIELDNAME>UEETO</FIELDNAME>
     <POSITION>0079</POSITION>
     <ROLLNAME>UEETO</ROLLNAME>
     <ADMINFIELD>0</ADMINFIELD>
     <COMPTYPE>E</COMPTYPE>
    </DD03P>
    <DD03P>
     <TABNAME>ZEMM_EXT_MAT_ARMAZEM_COPIA</TABNAME>
     <FIELDNAME>UEETK</FIELDNAME>
     <POSITION>0080</POSITION>
     <ROLLNAME>UEETK</ROLLNAME>
     <ADMINFIELD>0</ADMINFIELD>
     <VALEXI>X</VALEXI>
     <SHLPORIGIN>F</SHLPORIGIN>
     <COMPTYPE>E</COMPTYPE>
    </DD03P>
    <DD03P>
     <TABNAME>ZEMM_EXT_MAT_ARMAZEM_COPIA</TABNAME>
     <FIELDNAME>UNETO</FIELDNAME>
     <POSITION>0081</POSITION>
     <ROLLNAME>UNETO</ROLLNAME>
     <ADMINFIELD>0</ADMINFIELD>
     <COMPTYPE>E</COMPTYPE>
    </DD03P>
    <DD03P>
     <TABNAME>ZEMM_EXT_MAT_ARMAZEM_COPIA</TABNAME>
     <FIELDNAME>BEARZ</FIELDNAME>
     <POSITION>0082</POSITION>
     <ROLLNAME>BEARZ</ROLLNAME>
     <ADMINFIELD>0</ADMINFIELD>
     <COMPTYPE>E</COMPTYPE>
    </DD03P>
    <DD03P>
     <TABNAME>ZEMM_EXT_MAT_ARMAZEM_COPIA</TABNAME>
     <FIELDNAME>RUEZT</FIELDNAME>
     <POSITION>0083</POSITION>
     <ROLLNAME>RUEZT</ROLLNAME>
     <ADMINFIELD>0</ADMINFIELD>
     <COMPTYPE>E</COMPTYPE>
    </DD03P>
    <DD03P>
     <TABNAME>ZEMM_EXT_MAT_ARMAZEM_COPIA</TABNAME>
     <FIELDNAME>TRANZ</FIELDNAME>
     <POSITION>0084</POSITION>
     <ROLLNAME>TRANZ</ROLLNAME>
     <ADMINFIELD>0</ADMINFIELD>
     <COMPTYPE>E</COMPTYPE>
    </DD03P>
    <DD03P>
     <TABNAME>ZEMM_EXT_MAT_ARMAZEM_COPIA</TABNAME>
     <FIELDNAME>DZEIT</FIELDNAME>
     <POSITION>0085</POSITION>
     <ROLLNAME>DZEIT</ROLLNAME>
     <ADMINFIELD>0</ADMINFIELD>
     <COMPTYPE>E</COMPTYPE>
    </DD03P>
    <DD03P>
     <TABNAME>ZEMM_EXT_MAT_ARMAZEM_COPIA</TABNAME>
     <FIELDNAME>BASMG</FIELDNAME>
     <POSITION>0086</POSITION>
     <ROLLNAME>BASMG</ROLLNAME>
     <ADMINFIELD>0</ADMINFIELD>
     <REFTABLE>MARA</REFTABLE>
     <REFFIELD>MEINS</REFFIELD>
     <COMPTYPE>E</COMPTYPE>
    </DD03P>
    <DD03P>
     <TABNAME>ZEMM_EXT_MAT_ARMAZEM_COPIA</TABNAME>
     <FIELDNAME>MAXLZ</FIELDNAME>
     <POSITION>0087</POSITION>
     <ROLLNAME>MAXLZ</ROLLNAME>
     <ADMINFIELD>0</ADMINFIELD>
     <COMPTYPE>E</COMPTYPE>
    </DD03P>
    <DD03P>
     <TABNAME>ZEMM_EXT_MAT_ARMAZEM_COPIA</TABNAME>
     <FIELDNAME>LZEIH</FIELDNAME>
     <POSITION>0088</POSITION>
     <ROLLNAME>LZEIH</ROLLNAME>
     <ADMINFIELD>0</ADMINFIELD>
     <COMPTYPE>E</COMPTYPE>
    </DD03P>
    <DD03P>
     <TABNAME>ZEMM_EXT_MAT_ARMAZEM_COPIA</TABNAME>
     <FIELDNAME>XMCNG</FIELDNAME>
     <POSITION>0089</POSITION>
     <ROLLNAME>XMCNG</ROLLNAME>
     <ADMINFIELD>0</ADMINFIELD>
     <VALEXI>X</VALEXI>
     <SHLPORIGIN>F</SHLPORIGIN>
     <COMPTYPE>E</COMPTYPE>
    </DD03P>
    <DD03P>
     <TABNAME>ZEMM_EXT_MAT_ARMAZEM_COPIA</TABNAME>
     <FIELDNAME>QMATA</FIELDNAME>
     <POSITION>0090</POSITION>
     <ROLLNAME>QMATAUTH</ROLLNAME>
     <ADMINFIELD>0</ADMINFIELD>
     <COMPTYPE>E</COMPTYPE>
    </DD03P>
    <DD03P>
     <TABNAME>ZEMM_EXT_MAT_ARMAZEM_COPIA</TABNAME>
     <FIELDNAME>KZDKZ</FIELDNAME>
     <POSITION>0091</POSITION>
     <ROLLNAME>KZDKZ</ROLLNAME>
     <ADMINFIELD>0</ADMINFIELD>
     <VALEXI>X</VALEXI>
     <SHLPORIGIN>F</SHLPORIGIN>
     <COMPTYPE>E</COMPTYPE>
    </DD03P>
    <DD03P>
     <TABNAME>ZEMM_EXT_MAT_ARMAZEM_COPIA</TABNAME>
     <FIELDNAME>PRFRQ</FIELDNAME>
     <POSITION>0092</POSITION>
     <ROLLNAME>PRFRQ</ROLLNAME>
     <ADMINFIELD>0</ADMINFIELD>
     <COMPTYPE>E</COMPTYPE>
    </DD03P>
    <DD03P>
     <TABNAME>ZEMM_EXT_MAT_ARMAZEM_COPIA</TABNAME>
     <FIELDNAME>SSQSS</FIELDNAME>
     <POSITION>0093</POSITION>
     <ROLLNAME>QSSPUR</ROLLNAME>
     <ADMINFIELD>0</ADMINFIELD>
     <COMPTYPE>E</COMPTYPE>
    </DD03P>
    <DD03P>
     <TABNAME>ZEMM_EXT_MAT_ARMAZEM_COPIA</TABNAME>
     <FIELDNAME>QZGTP</FIELDNAME>
     <POSITION>0094</POSITION>
     <ROLLNAME>QZGTYP</ROLLNAME>
     <ADMINFIELD>0</ADMINFIELD>
     <COMPTYPE>E</COMPTYPE>
    </DD03P>
    <DD03P>
     <TABNAME>ZEMM_EXT_MAT_ARMAZEM_COPIA</TABNAME>
     <FIELDNAME>QSSYS</FIELDNAME>
     <POSITION>0095</POSITION>
     <ROLLNAME>QSSYS_SOLL</ROLLNAME>
     <ADMINFIELD>0</ADMINFIELD>
     <COMPTYPE>E</COMPTYPE>
    </DD03P>
    <DD03P>
     <TABNAME>ZEMM_EXT_MAT_ARMAZEM_COPIA</TABNAME>
     <FIELDNAME>NCOST</FIELDNAME>
     <POSITION>0096</POSITION>
     <ROLLNAME>CK_NO_COSTING</ROLLNAME>
     <ADMINFIELD>0</ADMINFIELD>
     <VALEXI>X</VALEXI>
     <SHLPORIGIN>F</SHLPORIGIN>
     <COMPTYPE>E</COMPTYPE>
    </DD03P>
    <DD03P>
     <TABNAME>ZEMM_EXT_MAT_ARMAZEM_COPIA</TABNAME>
     <FIELDNAME>AWSLS</FIELDNAME>
     <POSITION>0097</POSITION>
     <ROLLNAME>AWSLS</ROLLNAME>
     <ADMINFIELD>0</ADMINFIELD>
     <COMPTYPE>E</COMPTYPE>
    </DD03P>
    <DD03P>
     <TABNAME>ZEMM_EXT_MAT_ARMAZEM_COPIA</TABNAME>
     <FIELDNAME>LOSGR</FIELDNAME>
     <POSITION>0098</POSITION>
     <ROLLNAME>CK_LOSGR</ROLLNAME>
     <ADMINFIELD>0</ADMINFIELD>
     <REFTABLE>MARA</REFTABLE>
     <REFFIELD>MEINS</REFFIELD>
     <COMPTYPE>E</COMPTYPE>
    </DD03P>
    <DD03P>
     <TABNAME>ZEMM_EXT_MAT_ARMAZEM_COPIA</TABNAME>
     <FIELDNAME>PSTAT</FIELDNAME>
     <POSITION>0099</POSITION>
     <ROLLNAME>PSTAT_D</ROLLNAME>
     <ADMINFIELD>0</ADMINFIELD>
     <COMPTYPE>E</COMPTYPE>
    </DD03P>
   </DD03P_TABLE>
  </asx:values>
 </asx:abap>
</abapGit>
