﻿<?xml version="1.0" encoding="utf-8"?>
<abapGit version="v1.0.0" serializer="LCL_OBJECT_TABL" serializer_version="v1.0.0">
 <asx:abap xmlns:asx="http://www.sap.com/abapxml" version="1.0">
  <asx:values>
   <DD02V>
    <TABNAME>ZEMM_EXT_CARAC_ZEQM</TABNAME>
    <DDLANGUAGE>P</DDLANGUAGE>
    <TABCLASS>INTTAB</TABCLASS>
    <DDTEXT>PROGRAMA DE EXTRACAO - MESTRE MATERIAL CLASSIF. CARAC., ZEQM</DDTEXT>
    <EXCLASS>4</EXCLASS>
   </DD02V>
   <DD03P_TABLE>
    <DD03P>
     <TABNAME>ZEMM_EXT_CARAC_ZEQM</TABNAME>
     <FIELDNAME>MATNR</FIELDNAME>
     <POSITION>0001</POSITION>
     <ROLLNAME>MATNR</ROLLNAME>
     <ADMINFIELD>0</ADMINFIELD>
     <SHLPORIGIN>D</SHLPORIGIN>
     <COMPTYPE>E</COMPTYPE>
    </DD03P>
    <DD03P>
     <TABNAME>ZEMM_EXT_CARAC_ZEQM</TABNAME>
     <FIELDNAME>MAKTX</FIELDNAME>
     <POSITION>0002</POSITION>
     <ROLLNAME>MAKTX</ROLLNAME>
     <ADMINFIELD>0</ADMINFIELD>
     <COMPTYPE>E</COMPTYPE>
    </DD03P>
    <DD03P>
     <TABNAME>ZEMM_EXT_CARAC_ZEQM</TABNAME>
     <FIELDNAME>CLASS</FIELDNAME>
     <POSITION>0003</POSITION>
     <ROLLNAME>KLASSE_D</ROLLNAME>
     <ADMINFIELD>0</ADMINFIELD>
     <COMPTYPE>E</COMPTYPE>
    </DD03P>
    <DD03P>
     <TABNAME>ZEMM_EXT_CARAC_ZEQM</TABNAME>
     <FIELDNAME>ATINN</FIELDNAME>
     <POSITION>0004</POSITION>
     <ROLLNAME>CHAR30</ROLLNAME>
     <ADMINFIELD>0</ADMINFIELD>
     <COMPTYPE>E</COMPTYPE>
    </DD03P>
    <DD03P>
     <TABNAME>ZEMM_EXT_CARAC_ZEQM</TABNAME>
     <FIELDNAME>ATZHL</FIELDNAME>
     <POSITION>0005</POSITION>
     <ROLLNAME>ATZHL</ROLLNAME>
     <ADMINFIELD>0</ADMINFIELD>
     <COMPTYPE>E</COMPTYPE>
    </DD03P>
    <DD03P>
     <TABNAME>ZEMM_EXT_CARAC_ZEQM</TABNAME>
     <FIELDNAME>ATWRT</FIELDNAME>
     <POSITION>0006</POSITION>
     <ROLLNAME>ATWRT</ROLLNAME>
     <ADMINFIELD>0</ADMINFIELD>
     <COMPTYPE>E</COMPTYPE>
    </DD03P>
   </DD03P_TABLE>
  </asx:values>
 </asx:abap>
</abapGit>
