﻿<?xml version="1.0" encoding="utf-8"?>
<abapGit version="v1.0.0" serializer="LCL_OBJECT_TABL" serializer_version="v1.0.0">
 <asx:abap xmlns:asx="http://www.sap.com/abapxml" version="1.0">
  <asx:values>
   <DD02V>
    <TABNAME>ZEMM_EXT_MAT_CONTAB_COPIA</TABNAME>
    <DDLANGUAGE>P</DDLANGUAGE>
    <TABCLASS>INTTAB</TABCLASS>
    <DDTEXT>PROGRAMA DE EXTRACAO - MESMTRE MATERIAIS - CONTABILIDADE 1 2</DDTEXT>
    <EXCLASS>4</EXCLASS>
   </DD02V>
   <DD03P_TABLE>
    <DD03P>
     <TABNAME>ZEMM_EXT_MAT_CONTAB_COPIA</TABNAME>
     <FIELDNAME>MATNR</FIELDNAME>
     <POSITION>0001</POSITION>
     <ROLLNAME>MATNR</ROLLNAME>
     <ADMINFIELD>0</ADMINFIELD>
     <SHLPORIGIN>D</SHLPORIGIN>
     <COMPTYPE>E</COMPTYPE>
    </DD03P>
    <DD03P>
     <TABNAME>ZEMM_EXT_MAT_CONTAB_COPIA</TABNAME>
     <FIELDNAME>BWKEY</FIELDNAME>
     <POSITION>0002</POSITION>
     <ROLLNAME>BWKEY</ROLLNAME>
     <ADMINFIELD>0</ADMINFIELD>
     <COMPTYPE>E</COMPTYPE>
    </DD03P>
    <DD03P>
     <TABNAME>ZEMM_EXT_MAT_CONTAB_COPIA</TABNAME>
     <FIELDNAME>BWTAR</FIELDNAME>
     <POSITION>0003</POSITION>
     <ROLLNAME>BWTAR_D</ROLLNAME>
     <ADMINFIELD>0</ADMINFIELD>
     <COMPTYPE>E</COMPTYPE>
    </DD03P>
    <DD03P>
     <TABNAME>ZEMM_EXT_MAT_CONTAB_COPIA</TABNAME>
     <FIELDNAME>BWTTY</FIELDNAME>
     <POSITION>0004</POSITION>
     <ROLLNAME>BWTTY_D</ROLLNAME>
     <ADMINFIELD>0</ADMINFIELD>
     <COMPTYPE>E</COMPTYPE>
    </DD03P>
    <DD03P>
     <TABNAME>ZEMM_EXT_MAT_CONTAB_COPIA</TABNAME>
     <FIELDNAME>BKLAS</FIELDNAME>
     <POSITION>0005</POSITION>
     <ROLLNAME>BKLAS</ROLLNAME>
     <ADMINFIELD>0</ADMINFIELD>
     <COMPTYPE>E</COMPTYPE>
    </DD03P>
    <DD03P>
     <TABNAME>ZEMM_EXT_MAT_CONTAB_COPIA</TABNAME>
     <FIELDNAME>MLMAA</FIELDNAME>
     <POSITION>0006</POSITION>
     <ROLLNAME>CK_ML_MAAC</ROLLNAME>
     <ADMINFIELD>0</ADMINFIELD>
     <VALEXI>X</VALEXI>
     <SHLPORIGIN>F</SHLPORIGIN>
     <COMPTYPE>E</COMPTYPE>
    </DD03P>
    <DD03P>
     <TABNAME>ZEMM_EXT_MAT_CONTAB_COPIA</TABNAME>
     <FIELDNAME>MLAST</FIELDNAME>
     <POSITION>0007</POSITION>
     <ROLLNAME>CK_ML_ABST</ROLLNAME>
     <ADMINFIELD>0</ADMINFIELD>
     <VALEXI>X</VALEXI>
     <SHLPORIGIN>F</SHLPORIGIN>
     <COMPTYPE>E</COMPTYPE>
    </DD03P>
    <DD03P>
     <TABNAME>ZEMM_EXT_MAT_CONTAB_COPIA</TABNAME>
     <FIELDNAME>VPRSV</FIELDNAME>
     <POSITION>0008</POSITION>
     <ROLLNAME>VPRSV</ROLLNAME>
     <ADMINFIELD>0</ADMINFIELD>
     <VALEXI>X</VALEXI>
     <SHLPORIGIN>F</SHLPORIGIN>
     <COMPTYPE>E</COMPTYPE>
    </DD03P>
    <DD03P>
     <TABNAME>ZEMM_EXT_MAT_CONTAB_COPIA</TABNAME>
     <FIELDNAME>VERPR</FIELDNAME>
     <POSITION>0009</POSITION>
     <ROLLNAME>VERPR</ROLLNAME>
     <ADMINFIELD>0</ADMINFIELD>
     <REFTABLE>T001</REFTABLE>
     <REFFIELD>WAERS</REFFIELD>
     <COMPTYPE>E</COMPTYPE>
    </DD03P>
    <DD03P>
     <TABNAME>ZEMM_EXT_MAT_CONTAB_COPIA</TABNAME>
     <FIELDNAME>STPRS</FIELDNAME>
     <POSITION>0010</POSITION>
     <ROLLNAME>STPRS</ROLLNAME>
     <ADMINFIELD>0</ADMINFIELD>
     <REFTABLE>T001</REFTABLE>
     <REFFIELD>WAERS</REFFIELD>
     <COMPTYPE>E</COMPTYPE>
    </DD03P>
    <DD03P>
     <TABNAME>ZEMM_EXT_MAT_CONTAB_COPIA</TABNAME>
     <FIELDNAME>PEINH</FIELDNAME>
     <POSITION>0011</POSITION>
     <ROLLNAME>ZPEINH</ROLLNAME>
     <ADMINFIELD>0</ADMINFIELD>
     <COMPTYPE>E</COMPTYPE>
    </DD03P>
    <DD03P>
     <TABNAME>ZEMM_EXT_MAT_CONTAB_COPIA</TABNAME>
     <FIELDNAME>ZKPRS</FIELDNAME>
     <POSITION>0012</POSITION>
     <ROLLNAME>DZKPRS</ROLLNAME>
     <ADMINFIELD>0</ADMINFIELD>
     <REFTABLE>T001</REFTABLE>
     <REFFIELD>WAERS</REFFIELD>
     <COMPTYPE>E</COMPTYPE>
    </DD03P>
    <DD03P>
     <TABNAME>ZEMM_EXT_MAT_CONTAB_COPIA</TABNAME>
     <FIELDNAME>ZKDAT</FIELDNAME>
     <POSITION>0013</POSITION>
     <ROLLNAME>DZKDAT</ROLLNAME>
     <ADMINFIELD>0</ADMINFIELD>
     <SHLPORIGIN>T</SHLPORIGIN>
     <COMPTYPE>E</COMPTYPE>
    </DD03P>
    <DD03P>
     <TABNAME>ZEMM_EXT_MAT_CONTAB_COPIA</TABNAME>
     <FIELDNAME>XLIFO</FIELDNAME>
     <POSITION>0014</POSITION>
     <ROLLNAME>XLIFO</ROLLNAME>
     <ADMINFIELD>0</ADMINFIELD>
     <VALEXI>X</VALEXI>
     <SHLPORIGIN>F</SHLPORIGIN>
     <COMPTYPE>E</COMPTYPE>
    </DD03P>
    <DD03P>
     <TABNAME>ZEMM_EXT_MAT_CONTAB_COPIA</TABNAME>
     <FIELDNAME>MYPOL</FIELDNAME>
     <POSITION>0015</POSITION>
     <ROLLNAME>MYPOOL</ROLLNAME>
     <ADMINFIELD>0</ADMINFIELD>
     <COMPTYPE>E</COMPTYPE>
    </DD03P>
    <DD03P>
     <TABNAME>ZEMM_EXT_MAT_CONTAB_COPIA</TABNAME>
     <FIELDNAME>MTUSE</FIELDNAME>
     <POSITION>0016</POSITION>
     <ROLLNAME>J_1BMATUSE</ROLLNAME>
     <ADMINFIELD>0</ADMINFIELD>
     <VALEXI>X</VALEXI>
     <SHLPORIGIN>F</SHLPORIGIN>
     <COMPTYPE>E</COMPTYPE>
    </DD03P>
    <DD03P>
     <TABNAME>ZEMM_EXT_MAT_CONTAB_COPIA</TABNAME>
     <FIELDNAME>MTORG</FIELDNAME>
     <POSITION>0017</POSITION>
     <ROLLNAME>J_1BMATORG</ROLLNAME>
     <ADMINFIELD>0</ADMINFIELD>
     <VALEXI>X</VALEXI>
     <SHLPORIGIN>F</SHLPORIGIN>
     <COMPTYPE>E</COMPTYPE>
    </DD03P>
    <DD03P>
     <TABNAME>ZEMM_EXT_MAT_CONTAB_COPIA</TABNAME>
     <FIELDNAME>EKALR</FIELDNAME>
     <POSITION>0018</POSITION>
     <ROLLNAME>CK_EKALREL</ROLLNAME>
     <ADMINFIELD>0</ADMINFIELD>
     <VALEXI>X</VALEXI>
     <SHLPORIGIN>F</SHLPORIGIN>
     <COMPTYPE>E</COMPTYPE>
    </DD03P>
    <DD03P>
     <TABNAME>ZEMM_EXT_MAT_CONTAB_COPIA</TABNAME>
     <FIELDNAME>HKMAT</FIELDNAME>
     <POSITION>0019</POSITION>
     <ROLLNAME>HKMAT</ROLLNAME>
     <ADMINFIELD>0</ADMINFIELD>
     <VALEXI>X</VALEXI>
     <SHLPORIGIN>F</SHLPORIGIN>
     <COMPTYPE>E</COMPTYPE>
    </DD03P>
    <DD03P>
     <TABNAME>ZEMM_EXT_MAT_CONTAB_COPIA</TABNAME>
     <FIELDNAME>OWPNR</FIELDNAME>
     <POSITION>0020</POSITION>
     <ROLLNAME>CHAR1</ROLLNAME>
     <ADMINFIELD>0</ADMINFIELD>
     <COMPTYPE>E</COMPTYPE>
    </DD03P>
   </DD03P_TABLE>
  </asx:values>
 </asx:abap>
</abapGit>
