﻿<?xml version="1.0" encoding="utf-8"?>
<abapGit version="v1.0.0" serializer="LCL_OBJECT_TABL" serializer_version="v1.0.0">
 <asx:abap xmlns:asx="http://www.sap.com/abapxml" version="1.0">
  <asx:values>
   <DD02V>
    <TABNAME>ZEMM_EXT_MAT_FORNEC_EMPRESA</TABNAME>
    <DDLANGUAGE>P</DDLANGUAGE>
    <TABCLASS>INTTAB</TABCLASS>
    <DDTEXT>PROGRAMA DE EXTRACAO - MESTRE FORNECEDOR EMPRESA</DDTEXT>
    <EXCLASS>4</EXCLASS>
   </DD02V>
   <DD03P_TABLE>
    <DD03P>
     <TABNAME>ZEMM_EXT_MAT_FORNEC_EMPRESA</TABNAME>
     <FIELDNAME>LIFNR</FIELDNAME>
     <POSITION>0001</POSITION>
     <ROLLNAME>LIFNR</ROLLNAME>
     <ADMINFIELD>0</ADMINFIELD>
     <SHLPORIGIN>D</SHLPORIGIN>
     <COMPTYPE>E</COMPTYPE>
    </DD03P>
    <DD03P>
     <TABNAME>ZEMM_EXT_MAT_FORNEC_EMPRESA</TABNAME>
     <FIELDNAME>BUKRS</FIELDNAME>
     <POSITION>0002</POSITION>
     <ROLLNAME>BUKRS</ROLLNAME>
     <ADMINFIELD>0</ADMINFIELD>
     <SHLPORIGIN>D</SHLPORIGIN>
     <COMPTYPE>E</COMPTYPE>
    </DD03P>
    <DD03P>
     <TABNAME>ZEMM_EXT_MAT_FORNEC_EMPRESA</TABNAME>
     <FIELDNAME>NAME1</FIELDNAME>
     <POSITION>0003</POSITION>
     <ROLLNAME>NAME1_GP</ROLLNAME>
     <ADMINFIELD>0</ADMINFIELD>
     <COMPTYPE>E</COMPTYPE>
    </DD03P>
    <DD03P>
     <TABNAME>ZEMM_EXT_MAT_FORNEC_EMPRESA</TABNAME>
     <FIELDNAME>NAME2</FIELDNAME>
     <POSITION>0004</POSITION>
     <ROLLNAME>NAME2_GP</ROLLNAME>
     <ADMINFIELD>0</ADMINFIELD>
     <COMPTYPE>E</COMPTYPE>
    </DD03P>
    <DD03P>
     <TABNAME>ZEMM_EXT_MAT_FORNEC_EMPRESA</TABNAME>
     <FIELDNAME>ZUAWA</FIELDNAME>
     <POSITION>0005</POSITION>
     <ROLLNAME>DZUAWA</ROLLNAME>
     <ADMINFIELD>0</ADMINFIELD>
     <COMPTYPE>E</COMPTYPE>
    </DD03P>
    <DD03P>
     <TABNAME>ZEMM_EXT_MAT_FORNEC_EMPRESA</TABNAME>
     <FIELDNAME>AKONT</FIELDNAME>
     <POSITION>0006</POSITION>
     <ROLLNAME>AKONT</ROLLNAME>
     <ADMINFIELD>0</ADMINFIELD>
     <COMPTYPE>E</COMPTYPE>
    </DD03P>
    <DD03P>
     <TABNAME>ZEMM_EXT_MAT_FORNEC_EMPRESA</TABNAME>
     <FIELDNAME>FDGRV</FIELDNAME>
     <POSITION>0007</POSITION>
     <ROLLNAME>FDGRV</ROLLNAME>
     <ADMINFIELD>0</ADMINFIELD>
     <COMPTYPE>E</COMPTYPE>
    </DD03P>
    <DD03P>
     <TABNAME>ZEMM_EXT_MAT_FORNEC_EMPRESA</TABNAME>
     <FIELDNAME>ZWELS</FIELDNAME>
     <POSITION>0008</POSITION>
     <ROLLNAME>DZWELS</ROLLNAME>
     <ADMINFIELD>0</ADMINFIELD>
     <COMPTYPE>E</COMPTYPE>
    </DD03P>
    <DD03P>
     <TABNAME>ZEMM_EXT_MAT_FORNEC_EMPRESA</TABNAME>
     <FIELDNAME>HBKID</FIELDNAME>
     <POSITION>0009</POSITION>
     <ROLLNAME>HBKID</ROLLNAME>
     <ADMINFIELD>0</ADMINFIELD>
     <COMPTYPE>E</COMPTYPE>
    </DD03P>
    <DD03P>
     <TABNAME>ZEMM_EXT_MAT_FORNEC_EMPRESA</TABNAME>
     <FIELDNAME>LNRZB</FIELDNAME>
     <POSITION>0010</POSITION>
     <ROLLNAME>LNRZB</ROLLNAME>
     <ADMINFIELD>0</ADMINFIELD>
     <COMPTYPE>E</COMPTYPE>
    </DD03P>
    <DD03P>
     <TABNAME>ZEMM_EXT_MAT_FORNEC_EMPRESA</TABNAME>
     <FIELDNAME>XVERR</FIELDNAME>
     <POSITION>0011</POSITION>
     <ROLLNAME>XVERR_LFB1</ROLLNAME>
     <ADMINFIELD>0</ADMINFIELD>
     <VALEXI>X</VALEXI>
     <SHLPORIGIN>F</SHLPORIGIN>
     <COMPTYPE>E</COMPTYPE>
    </DD03P>
    <DD03P>
     <TABNAME>ZEMM_EXT_MAT_FORNEC_EMPRESA</TABNAME>
     <FIELDNAME>ZAHLS</FIELDNAME>
     <POSITION>0012</POSITION>
     <ROLLNAME>DZAHLS</ROLLNAME>
     <ADMINFIELD>0</ADMINFIELD>
     <COMPTYPE>E</COMPTYPE>
    </DD03P>
    <DD03P>
     <TABNAME>ZEMM_EXT_MAT_FORNEC_EMPRESA</TABNAME>
     <FIELDNAME>ZTERM</FIELDNAME>
     <POSITION>0013</POSITION>
     <ROLLNAME>DZTERM</ROLLNAME>
     <ADMINFIELD>0</ADMINFIELD>
     <COMPTYPE>E</COMPTYPE>
    </DD03P>
    <DD03P>
     <TABNAME>ZEMM_EXT_MAT_FORNEC_EMPRESA</TABNAME>
     <FIELDNAME>REPRF</FIELDNAME>
     <POSITION>0014</POSITION>
     <ROLLNAME>REPRF</ROLLNAME>
     <ADMINFIELD>0</ADMINFIELD>
     <VALEXI>X</VALEXI>
     <SHLPORIGIN>F</SHLPORIGIN>
     <COMPTYPE>E</COMPTYPE>
    </DD03P>
    <DD03P>
     <TABNAME>ZEMM_EXT_MAT_FORNEC_EMPRESA</TABNAME>
     <FIELDNAME>ALTKN</FIELDNAME>
     <POSITION>0015</POSITION>
     <ROLLNAME>ALTKN</ROLLNAME>
     <ADMINFIELD>0</ADMINFIELD>
     <COMPTYPE>E</COMPTYPE>
    </DD03P>
    <DD03P>
     <TABNAME>ZEMM_EXT_MAT_FORNEC_EMPRESA</TABNAME>
     <FIELDNAME>EIKTO</FIELDNAME>
     <POSITION>0016</POSITION>
     <ROLLNAME>EIKTO_K</ROLLNAME>
     <ADMINFIELD>0</ADMINFIELD>
     <COMPTYPE>E</COMPTYPE>
    </DD03P>
    <DD03P>
     <TABNAME>ZEMM_EXT_MAT_FORNEC_EMPRESA</TABNAME>
     <FIELDNAME>BUSAB</FIELDNAME>
     <POSITION>0017</POSITION>
     <ROLLNAME>BUSAB</ROLLNAME>
     <ADMINFIELD>0</ADMINFIELD>
     <COMPTYPE>E</COMPTYPE>
    </DD03P>
    <DD03P>
     <TABNAME>ZEMM_EXT_MAT_FORNEC_EMPRESA</TABNAME>
     <FIELDNAME>ZSABE</FIELDNAME>
     <POSITION>0018</POSITION>
     <ROLLNAME>DZSABE_K</ROLLNAME>
     <ADMINFIELD>0</ADMINFIELD>
     <COMPTYPE>E</COMPTYPE>
    </DD03P>
    <DD03P>
     <TABNAME>ZEMM_EXT_MAT_FORNEC_EMPRESA</TABNAME>
     <FIELDNAME>TLFNS</FIELDNAME>
     <POSITION>0019</POSITION>
     <ROLLNAME>TLFNS</ROLLNAME>
     <ADMINFIELD>0</ADMINFIELD>
     <COMPTYPE>E</COMPTYPE>
    </DD03P>
    <DD03P>
     <TABNAME>ZEMM_EXT_MAT_FORNEC_EMPRESA</TABNAME>
     <FIELDNAME>TLFXS</FIELDNAME>
     <POSITION>0020</POSITION>
     <ROLLNAME>TLFXS</ROLLNAME>
     <ADMINFIELD>0</ADMINFIELD>
     <COMPTYPE>E</COMPTYPE>
    </DD03P>
    <DD03P>
     <TABNAME>ZEMM_EXT_MAT_FORNEC_EMPRESA</TABNAME>
     <FIELDNAME>INTAD</FIELDNAME>
     <POSITION>0021</POSITION>
     <ROLLNAME>INTAD</ROLLNAME>
     <ADMINFIELD>0</ADMINFIELD>
     <COMPTYPE>E</COMPTYPE>
    </DD03P>
   </DD03P_TABLE>
  </asx:values>
 </asx:abap>
</abapGit>
