﻿<?xml version="1.0" encoding="utf-8"?>
<abapGit version="v1.0.0" serializer="LCL_OBJECT_TABL" serializer_version="v1.0.0">
 <asx:abap xmlns:asx="http://www.sap.com/abapxml" version="1.0">
  <asx:values>
   <DD02V>
    <TABNAME>ZEMM_EXT_MAT_VENDA_COPIA</TABNAME>
    <DDLANGUAGE>P</DDLANGUAGE>
    <TABCLASS>INTTAB</TABCLASS>
    <DDTEXT>PROGRAMA DE EXTRACAO - MESTRE MATERIAIS - VENDAS</DDTEXT>
    <EXCLASS>4</EXCLASS>
   </DD02V>
   <DD03P_TABLE>
    <DD03P>
     <TABNAME>ZEMM_EXT_MAT_VENDA_COPIA</TABNAME>
     <FIELDNAME>MATNR</FIELDNAME>
     <POSITION>0001</POSITION>
     <ROLLNAME>MATNR</ROLLNAME>
     <ADMINFIELD>0</ADMINFIELD>
     <SHLPORIGIN>D</SHLPORIGIN>
     <COMPTYPE>E</COMPTYPE>
    </DD03P>
    <DD03P>
     <TABNAME>ZEMM_EXT_MAT_VENDA_COPIA</TABNAME>
     <FIELDNAME>MAKTX</FIELDNAME>
     <POSITION>0002</POSITION>
     <ROLLNAME>MAKTX</ROLLNAME>
     <ADMINFIELD>0</ADMINFIELD>
     <COMPTYPE>E</COMPTYPE>
    </DD03P>
    <DD03P>
     <TABNAME>ZEMM_EXT_MAT_VENDA_COPIA</TABNAME>
     <FIELDNAME>VKORG</FIELDNAME>
     <POSITION>0003</POSITION>
     <ROLLNAME>VKORG</ROLLNAME>
     <ADMINFIELD>0</ADMINFIELD>
     <SHLPORIGIN>D</SHLPORIGIN>
     <COMPTYPE>E</COMPTYPE>
    </DD03P>
    <DD03P>
     <TABNAME>ZEMM_EXT_MAT_VENDA_COPIA</TABNAME>
     <FIELDNAME>VTWEG</FIELDNAME>
     <POSITION>0004</POSITION>
     <ROLLNAME>VTWEG</ROLLNAME>
     <ADMINFIELD>0</ADMINFIELD>
     <SHLPORIGIN>D</SHLPORIGIN>
     <COMPTYPE>E</COMPTYPE>
    </DD03P>
    <DD03P>
     <TABNAME>ZEMM_EXT_MAT_VENDA_COPIA</TABNAME>
     <FIELDNAME>VRKME</FIELDNAME>
     <POSITION>0005</POSITION>
     <ROLLNAME>VRKME</ROLLNAME>
     <ADMINFIELD>0</ADMINFIELD>
     <COMPTYPE>E</COMPTYPE>
    </DD03P>
    <DD03P>
     <TABNAME>ZEMM_EXT_MAT_VENDA_COPIA</TABNAME>
     <FIELDNAME>DWERK</FIELDNAME>
     <POSITION>0006</POSITION>
     <ROLLNAME>DWERK_EXT</ROLLNAME>
     <ADMINFIELD>0</ADMINFIELD>
     <SHLPORIGIN>D</SHLPORIGIN>
     <COMPTYPE>E</COMPTYPE>
    </DD03P>
    <DD03P>
     <TABNAME>ZEMM_EXT_MAT_VENDA_COPIA</TABNAME>
     <FIELDNAME>SKTOF</FIELDNAME>
     <POSITION>0007</POSITION>
     <ROLLNAME>SKTOF</ROLLNAME>
     <ADMINFIELD>0</ADMINFIELD>
     <VALEXI>X</VALEXI>
     <SHLPORIGIN>F</SHLPORIGIN>
     <COMPTYPE>E</COMPTYPE>
    </DD03P>
    <DD03P>
     <TABNAME>ZEMM_EXT_MAT_VENDA_COPIA</TABNAME>
     <FIELDNAME>AUMNG</FIELDNAME>
     <POSITION>0008</POSITION>
     <ROLLNAME>MINAU</ROLLNAME>
     <ADMINFIELD>0</ADMINFIELD>
     <REFTABLE>MARA</REFTABLE>
     <REFFIELD>MEINS</REFFIELD>
     <COMPTYPE>E</COMPTYPE>
    </DD03P>
    <DD03P>
     <TABNAME>ZEMM_EXT_MAT_VENDA_COPIA</TABNAME>
     <FIELDNAME>LFMNG</FIELDNAME>
     <POSITION>0009</POSITION>
     <ROLLNAME>MINLF</ROLLNAME>
     <ADMINFIELD>0</ADMINFIELD>
     <REFTABLE>MARA</REFTABLE>
     <REFFIELD>MEINS</REFFIELD>
     <COMPTYPE>E</COMPTYPE>
    </DD03P>
    <DD03P>
     <TABNAME>ZEMM_EXT_MAT_VENDA_COPIA</TABNAME>
     <FIELDNAME>SCMNG</FIELDNAME>
     <POSITION>0010</POSITION>
     <ROLLNAME>SCHRT</ROLLNAME>
     <ADMINFIELD>0</ADMINFIELD>
     <REFTABLE>MARA</REFTABLE>
     <REFFIELD>MEINS</REFFIELD>
     <COMPTYPE>E</COMPTYPE>
    </DD03P>
    <DD03P>
     <TABNAME>ZEMM_EXT_MAT_VENDA_COPIA</TABNAME>
     <FIELDNAME>SCHME</FIELDNAME>
     <POSITION>0011</POSITION>
     <ROLLNAME>SCHME</ROLLNAME>
     <ADMINFIELD>0</ADMINFIELD>
     <COMPTYPE>E</COMPTYPE>
    </DD03P>
    <DD03P>
     <TABNAME>ZEMM_EXT_MAT_VENDA_COPIA</TABNAME>
     <FIELDNAME>RDPRF</FIELDNAME>
     <POSITION>0012</POSITION>
     <ROLLNAME>RDPRF</ROLLNAME>
     <ADMINFIELD>0</ADMINFIELD>
     <COMPTYPE>E</COMPTYPE>
    </DD03P>
    <DD03P>
     <TABNAME>ZEMM_EXT_MAT_VENDA_COPIA</TABNAME>
     <FIELDNAME>VERSG</FIELDNAME>
     <POSITION>0013</POSITION>
     <ROLLNAME>STGMA</ROLLNAME>
     <ADMINFIELD>0</ADMINFIELD>
     <COMPTYPE>E</COMPTYPE>
    </DD03P>
    <DD03P>
     <TABNAME>ZEMM_EXT_MAT_VENDA_COPIA</TABNAME>
     <FIELDNAME>MTPOS</FIELDNAME>
     <POSITION>0014</POSITION>
     <ROLLNAME>MTPOS</ROLLNAME>
     <ADMINFIELD>0</ADMINFIELD>
     <COMPTYPE>E</COMPTYPE>
    </DD03P>
    <DD03P>
     <TABNAME>ZEMM_EXT_MAT_VENDA_COPIA</TABNAME>
     <FIELDNAME>PRODH</FIELDNAME>
     <POSITION>0015</POSITION>
     <ROLLNAME>PRODH_D</ROLLNAME>
     <ADMINFIELD>0</ADMINFIELD>
     <COMPTYPE>E</COMPTYPE>
    </DD03P>
    <DD03P>
     <TABNAME>ZEMM_EXT_MAT_VENDA_COPIA</TABNAME>
     <FIELDNAME>PMATN</FIELDNAME>
     <POSITION>0016</POSITION>
     <ROLLNAME>PMATN</ROLLNAME>
     <ADMINFIELD>0</ADMINFIELD>
     <COMPTYPE>E</COMPTYPE>
    </DD03P>
    <DD03P>
     <TABNAME>ZEMM_EXT_MAT_VENDA_COPIA</TABNAME>
     <FIELDNAME>KONDM</FIELDNAME>
     <POSITION>0017</POSITION>
     <ROLLNAME>KONDM</ROLLNAME>
     <ADMINFIELD>0</ADMINFIELD>
     <COMPTYPE>E</COMPTYPE>
    </DD03P>
    <DD03P>
     <TABNAME>ZEMM_EXT_MAT_VENDA_COPIA</TABNAME>
     <FIELDNAME>KTGRM</FIELDNAME>
     <POSITION>0018</POSITION>
     <ROLLNAME>KTGRM</ROLLNAME>
     <ADMINFIELD>0</ADMINFIELD>
     <COMPTYPE>E</COMPTYPE>
    </DD03P>
    <DD03P>
     <TABNAME>ZEMM_EXT_MAT_VENDA_COPIA</TABNAME>
     <FIELDNAME>PRAT4</FIELDNAME>
     <POSITION>0019</POSITION>
     <ROLLNAME>PRAT4</ROLLNAME>
     <ADMINFIELD>0</ADMINFIELD>
     <VALEXI>X</VALEXI>
     <SHLPORIGIN>F</SHLPORIGIN>
     <COMPTYPE>E</COMPTYPE>
    </DD03P>
    <DD03P>
     <TABNAME>ZEMM_EXT_MAT_VENDA_COPIA</TABNAME>
     <FIELDNAME>PLGTP</FIELDNAME>
     <POSITION>0020</POSITION>
     <ROLLNAME>WRF_PLGTP</ROLLNAME>
     <ADMINFIELD>0</ADMINFIELD>
     <COMPTYPE>E</COMPTYPE>
    </DD03P>
   </DD03P_TABLE>
  </asx:values>
 </asx:abap>
</abapGit>
