﻿<?xml version="1.0" encoding="utf-8"?>
<abapGit version="v1.0.0" serializer="LCL_OBJECT_TABL" serializer_version="v1.0.0">
 <asx:abap xmlns:asx="http://www.sap.com/abapxml" version="1.0">
  <asx:values>
   <DD02V>
    <TABNAME>ZEMM_EXT_MAT_FORNEC_FUNCPARC</TABNAME>
    <DDLANGUAGE>P</DDLANGUAGE>
    <TABCLASS>INTTAB</TABCLASS>
    <DDTEXT>PROGRAMA DE EXTRACAO - MESTRE FORNECEDOR - FUNCAO PARCEIRO</DDTEXT>
    <EXCLASS>4</EXCLASS>
   </DD02V>
   <DD03P_TABLE>
    <DD03P>
     <TABNAME>ZEMM_EXT_MAT_FORNEC_FUNCPARC</TABNAME>
     <FIELDNAME>LIFNR</FIELDNAME>
     <POSITION>0001</POSITION>
     <ROLLNAME>LIFNR</ROLLNAME>
     <ADMINFIELD>0</ADMINFIELD>
     <SHLPORIGIN>D</SHLPORIGIN>
     <COMPTYPE>E</COMPTYPE>
    </DD03P>
    <DD03P>
     <TABNAME>ZEMM_EXT_MAT_FORNEC_FUNCPARC</TABNAME>
     <FIELDNAME>NAME1</FIELDNAME>
     <POSITION>0002</POSITION>
     <ROLLNAME>NAME1_GP</ROLLNAME>
     <ADMINFIELD>0</ADMINFIELD>
     <COMPTYPE>E</COMPTYPE>
    </DD03P>
    <DD03P>
     <TABNAME>ZEMM_EXT_MAT_FORNEC_FUNCPARC</TABNAME>
     <FIELDNAME>NAME2</FIELDNAME>
     <POSITION>0003</POSITION>
     <ROLLNAME>NAME2_GP</ROLLNAME>
     <ADMINFIELD>0</ADMINFIELD>
     <COMPTYPE>E</COMPTYPE>
    </DD03P>
    <DD03P>
     <TABNAME>ZEMM_EXT_MAT_FORNEC_FUNCPARC</TABNAME>
     <FIELDNAME>EKORG</FIELDNAME>
     <POSITION>0004</POSITION>
     <ROLLNAME>EKORG</ROLLNAME>
     <ADMINFIELD>0</ADMINFIELD>
     <COMPTYPE>E</COMPTYPE>
    </DD03P>
    <DD03P>
     <TABNAME>ZEMM_EXT_MAT_FORNEC_FUNCPARC</TABNAME>
     <FIELDNAME>PARVW</FIELDNAME>
     <POSITION>0005</POSITION>
     <ROLLNAME>PARVW</ROLLNAME>
     <ADMINFIELD>0</ADMINFIELD>
     <COMPTYPE>E</COMPTYPE>
    </DD03P>
    <DD03P>
     <TABNAME>ZEMM_EXT_MAT_FORNEC_FUNCPARC</TABNAME>
     <FIELDNAME>LIFN2</FIELDNAME>
     <POSITION>0006</POSITION>
     <ROLLNAME>LIFN2</ROLLNAME>
     <ADMINFIELD>0</ADMINFIELD>
     <COMPTYPE>E</COMPTYPE>
    </DD03P>
    <DD03P>
     <TABNAME>ZEMM_EXT_MAT_FORNEC_FUNCPARC</TABNAME>
     <FIELDNAME>PERNR</FIELDNAME>
     <POSITION>0007</POSITION>
     <ROLLNAME>PERNR_D</ROLLNAME>
     <ADMINFIELD>0</ADMINFIELD>
     <COMPTYPE>E</COMPTYPE>
    </DD03P>
    <DD03P>
     <TABNAME>ZEMM_EXT_MAT_FORNEC_FUNCPARC</TABNAME>
     <FIELDNAME>PARNR</FIELDNAME>
     <POSITION>0008</POSITION>
     <ROLLNAME>PARNR</ROLLNAME>
     <ADMINFIELD>0</ADMINFIELD>
     <COMPTYPE>E</COMPTYPE>
    </DD03P>
    <DD03P>
     <TABNAME>ZEMM_EXT_MAT_FORNEC_FUNCPARC</TABNAME>
     <FIELDNAME>DEFPA</FIELDNAME>
     <POSITION>0009</POSITION>
     <ROLLNAME>DEFPA</ROLLNAME>
     <ADMINFIELD>0</ADMINFIELD>
     <VALEXI>X</VALEXI>
     <SHLPORIGIN>F</SHLPORIGIN>
     <COMPTYPE>E</COMPTYPE>
    </DD03P>
   </DD03P_TABLE>
  </asx:values>
 </asx:abap>
</abapGit>
