﻿<?xml version="1.0" encoding="utf-8"?>
<abapGit version="v1.0.0" serializer="LCL_OBJECT_TABL" serializer_version="v1.0.0">
 <asx:abap xmlns:asx="http://www.sap.com/abapxml" version="1.0">
  <asx:values>
   <DD02V>
    <TABNAME>ZEMM_EXT_MAT_FORNEC_ORGCOMPRA</TABNAME>
    <DDLANGUAGE>P</DDLANGUAGE>
    <TABCLASS>INTTAB</TABCLASS>
    <DDTEXT>PROGRAMA DE EXTRACAO - MESTRE FORNECEDOR ORG.COMPRAS</DDTEXT>
    <EXCLASS>4</EXCLASS>
   </DD02V>
   <DD03P_TABLE>
    <DD03P>
     <TABNAME>ZEMM_EXT_MAT_FORNEC_ORGCOMPRA</TABNAME>
     <FIELDNAME>LIFNR</FIELDNAME>
     <POSITION>0001</POSITION>
     <ROLLNAME>LIFNR</ROLLNAME>
     <ADMINFIELD>0</ADMINFIELD>
     <SHLPORIGIN>D</SHLPORIGIN>
     <COMPTYPE>E</COMPTYPE>
    </DD03P>
    <DD03P>
     <TABNAME>ZEMM_EXT_MAT_FORNEC_ORGCOMPRA</TABNAME>
     <FIELDNAME>EKORG</FIELDNAME>
     <POSITION>0002</POSITION>
     <ROLLNAME>EKORG</ROLLNAME>
     <ADMINFIELD>0</ADMINFIELD>
     <COMPTYPE>E</COMPTYPE>
    </DD03P>
    <DD03P>
     <TABNAME>ZEMM_EXT_MAT_FORNEC_ORGCOMPRA</TABNAME>
     <FIELDNAME>NAME1</FIELDNAME>
     <POSITION>0003</POSITION>
     <ROLLNAME>NAME1_GP</ROLLNAME>
     <ADMINFIELD>0</ADMINFIELD>
     <COMPTYPE>E</COMPTYPE>
    </DD03P>
    <DD03P>
     <TABNAME>ZEMM_EXT_MAT_FORNEC_ORGCOMPRA</TABNAME>
     <FIELDNAME>NAME2</FIELDNAME>
     <POSITION>0004</POSITION>
     <ROLLNAME>NAME2_GP</ROLLNAME>
     <ADMINFIELD>0</ADMINFIELD>
     <COMPTYPE>E</COMPTYPE>
    </DD03P>
    <DD03P>
     <TABNAME>ZEMM_EXT_MAT_FORNEC_ORGCOMPRA</TABNAME>
     <FIELDNAME>EKGRP</FIELDNAME>
     <POSITION>0005</POSITION>
     <ROLLNAME>EKGRP</ROLLNAME>
     <ADMINFIELD>0</ADMINFIELD>
     <COMPTYPE>E</COMPTYPE>
    </DD03P>
    <DD03P>
     <TABNAME>ZEMM_EXT_MAT_FORNEC_ORGCOMPRA</TABNAME>
     <FIELDNAME>WAERS</FIELDNAME>
     <POSITION>0006</POSITION>
     <ROLLNAME>BSTWA</ROLLNAME>
     <ADMINFIELD>0</ADMINFIELD>
     <COMPTYPE>E</COMPTYPE>
    </DD03P>
    <DD03P>
     <TABNAME>ZEMM_EXT_MAT_FORNEC_ORGCOMPRA</TABNAME>
     <FIELDNAME>TELF1</FIELDNAME>
     <POSITION>0007</POSITION>
     <ROLLNAME>TELFE</ROLLNAME>
     <ADMINFIELD>0</ADMINFIELD>
     <COMPTYPE>E</COMPTYPE>
    </DD03P>
    <DD03P>
     <TABNAME>ZEMM_EXT_MAT_FORNEC_ORGCOMPRA</TABNAME>
     <FIELDNAME>MINBW</FIELDNAME>
     <POSITION>0008</POSITION>
     <ROLLNAME>MINBW</ROLLNAME>
     <ADMINFIELD>0</ADMINFIELD>
     <REFTABLE>LFM1</REFTABLE>
     <REFFIELD>WAERS</REFFIELD>
     <COMPTYPE>E</COMPTYPE>
    </DD03P>
    <DD03P>
     <TABNAME>ZEMM_EXT_MAT_FORNEC_ORGCOMPRA</TABNAME>
     <FIELDNAME>ZTERM</FIELDNAME>
     <POSITION>0009</POSITION>
     <ROLLNAME>DZTERM</ROLLNAME>
     <ADMINFIELD>0</ADMINFIELD>
     <COMPTYPE>E</COMPTYPE>
    </DD03P>
    <DD03P>
     <TABNAME>ZEMM_EXT_MAT_FORNEC_ORGCOMPRA</TABNAME>
     <FIELDNAME>INCO1</FIELDNAME>
     <POSITION>0010</POSITION>
     <ROLLNAME>INCO1</ROLLNAME>
     <ADMINFIELD>0</ADMINFIELD>
     <COMPTYPE>E</COMPTYPE>
    </DD03P>
    <DD03P>
     <TABNAME>ZEMM_EXT_MAT_FORNEC_ORGCOMPRA</TABNAME>
     <FIELDNAME>INCO2</FIELDNAME>
     <POSITION>0011</POSITION>
     <ROLLNAME>INCO2</ROLLNAME>
     <ADMINFIELD>0</ADMINFIELD>
     <COMPTYPE>E</COMPTYPE>
    </DD03P>
    <DD03P>
     <TABNAME>ZEMM_EXT_MAT_FORNEC_ORGCOMPRA</TABNAME>
     <FIELDNAME>PLIFZ</FIELDNAME>
     <POSITION>0012</POSITION>
     <ROLLNAME>PLIFZ</ROLLNAME>
     <ADMINFIELD>0</ADMINFIELD>
     <COMPTYPE>E</COMPTYPE>
    </DD03P>
    <DD03P>
     <TABNAME>ZEMM_EXT_MAT_FORNEC_ORGCOMPRA</TABNAME>
     <FIELDNAME>VSBED</FIELDNAME>
     <POSITION>0013</POSITION>
     <ROLLNAME>VSBED</ROLLNAME>
     <ADMINFIELD>0</ADMINFIELD>
     <COMPTYPE>E</COMPTYPE>
    </DD03P>
    <DD03P>
     <TABNAME>ZEMM_EXT_MAT_FORNEC_ORGCOMPRA</TABNAME>
     <FIELDNAME>WEBRE</FIELDNAME>
     <POSITION>0014</POSITION>
     <ROLLNAME>WEBRE</ROLLNAME>
     <ADMINFIELD>0</ADMINFIELD>
     <VALEXI>X</VALEXI>
     <SHLPORIGIN>F</SHLPORIGIN>
     <COMPTYPE>E</COMPTYPE>
    </DD03P>
    <DD03P>
     <TABNAME>ZEMM_EXT_MAT_FORNEC_ORGCOMPRA</TABNAME>
     <FIELDNAME>KZAUT</FIELDNAME>
     <POSITION>0015</POSITION>
     <ROLLNAME>KZAUT</ROLLNAME>
     <ADMINFIELD>0</ADMINFIELD>
     <VALEXI>X</VALEXI>
     <SHLPORIGIN>F</SHLPORIGIN>
     <COMPTYPE>E</COMPTYPE>
    </DD03P>
    <DD03P>
     <TABNAME>ZEMM_EXT_MAT_FORNEC_ORGCOMPRA</TABNAME>
     <FIELDNAME>BSTAE</FIELDNAME>
     <POSITION>0016</POSITION>
     <ROLLNAME>BSTAE</ROLLNAME>
     <ADMINFIELD>0</ADMINFIELD>
     <COMPTYPE>E</COMPTYPE>
    </DD03P>
    <DD03P>
     <TABNAME>ZEMM_EXT_MAT_FORNEC_ORGCOMPRA</TABNAME>
     <FIELDNAME>XERSY</FIELDNAME>
     <POSITION>0017</POSITION>
     <ROLLNAME>XERSY</ROLLNAME>
     <ADMINFIELD>0</ADMINFIELD>
     <VALEXI>X</VALEXI>
     <SHLPORIGIN>F</SHLPORIGIN>
     <COMPTYPE>E</COMPTYPE>
    </DD03P>
    <DD03P>
     <TABNAME>ZEMM_EXT_MAT_FORNEC_ORGCOMPRA</TABNAME>
     <FIELDNAME>KZABS</FIELDNAME>
     <POSITION>0018</POSITION>
     <ROLLNAME>KZABS</ROLLNAME>
     <ADMINFIELD>0</ADMINFIELD>
     <VALEXI>X</VALEXI>
     <SHLPORIGIN>F</SHLPORIGIN>
     <COMPTYPE>E</COMPTYPE>
    </DD03P>
    <DD03P>
     <TABNAME>ZEMM_EXT_MAT_FORNEC_ORGCOMPRA</TABNAME>
     <FIELDNAME>KALSK</FIELDNAME>
     <POSITION>0019</POSITION>
     <ROLLNAME>KALSK</ROLLNAME>
     <ADMINFIELD>0</ADMINFIELD>
     <COMPTYPE>E</COMPTYPE>
    </DD03P>
    <DD03P>
     <TABNAME>ZEMM_EXT_MAT_FORNEC_ORGCOMPRA</TABNAME>
     <FIELDNAME>LEBRE</FIELDNAME>
     <POSITION>0020</POSITION>
     <ROLLNAME>LEBRE</ROLLNAME>
     <ADMINFIELD>0</ADMINFIELD>
     <VALEXI>X</VALEXI>
     <SHLPORIGIN>F</SHLPORIGIN>
     <COMPTYPE>E</COMPTYPE>
    </DD03P>
   </DD03P_TABLE>
  </asx:values>
 </asx:abap>
</abapGit>
