﻿<?xml version="1.0" encoding="utf-8"?>
<abapGit version="v1.0.0" serializer="LCL_OBJECT_TABL" serializer_version="v1.0.0">
 <asx:abap xmlns:asx="http://www.sap.com/abapxml" version="1.0">
  <asx:values>
   <DD02V>
    <TABNAME>ZEMM_EXT_MAT_GERAL_COPIA</TABNAME>
    <DDLANGUAGE>P</DDLANGUAGE>
    <TABCLASS>INTTAB</TABCLASS>
    <DDTEXT>PROGRAMA DE EXTRACAO - MESTRE MATERIAL - GERAL</DDTEXT>
    <EXCLASS>4</EXCLASS>
   </DD02V>
   <DD03P_TABLE>
    <DD03P>
     <TABNAME>ZEMM_EXT_MAT_GERAL_COPIA</TABNAME>
     <FIELDNAME>MATNR</FIELDNAME>
     <POSITION>0001</POSITION>
     <ROLLNAME>MATNR</ROLLNAME>
     <ADMINFIELD>0</ADMINFIELD>
     <SHLPORIGIN>D</SHLPORIGIN>
     <COMPTYPE>E</COMPTYPE>
    </DD03P>
    <DD03P>
     <TABNAME>ZEMM_EXT_MAT_GERAL_COPIA</TABNAME>
     <FIELDNAME>MAKTG</FIELDNAME>
     <POSITION>0002</POSITION>
     <ROLLNAME>MAKTG</ROLLNAME>
     <ADMINFIELD>0</ADMINFIELD>
     <COMPTYPE>E</COMPTYPE>
    </DD03P>
    <DD03P>
     <TABNAME>ZEMM_EXT_MAT_GERAL_COPIA</TABNAME>
     <FIELDNAME>MTART</FIELDNAME>
     <POSITION>0003</POSITION>
     <ROLLNAME>MTART</ROLLNAME>
     <ADMINFIELD>0</ADMINFIELD>
     <COMPTYPE>E</COMPTYPE>
    </DD03P>
    <DD03P>
     <TABNAME>ZEMM_EXT_MAT_GERAL_COPIA</TABNAME>
     <FIELDNAME>MBRSH</FIELDNAME>
     <POSITION>0004</POSITION>
     <ROLLNAME>MBRSH</ROLLNAME>
     <ADMINFIELD>0</ADMINFIELD>
     <COMPTYPE>E</COMPTYPE>
    </DD03P>
    <DD03P>
     <TABNAME>ZEMM_EXT_MAT_GERAL_COPIA</TABNAME>
     <FIELDNAME>MATKL</FIELDNAME>
     <POSITION>0005</POSITION>
     <ROLLNAME>MATKL</ROLLNAME>
     <ADMINFIELD>0</ADMINFIELD>
     <SHLPORIGIN>D</SHLPORIGIN>
     <COMPTYPE>E</COMPTYPE>
    </DD03P>
    <DD03P>
     <TABNAME>ZEMM_EXT_MAT_GERAL_COPIA</TABNAME>
     <FIELDNAME>BISMT</FIELDNAME>
     <POSITION>0006</POSITION>
     <ROLLNAME>BISMT</ROLLNAME>
     <ADMINFIELD>0</ADMINFIELD>
     <COMPTYPE>E</COMPTYPE>
    </DD03P>
    <DD03P>
     <TABNAME>ZEMM_EXT_MAT_GERAL_COPIA</TABNAME>
     <FIELDNAME>MEINS</FIELDNAME>
     <POSITION>0007</POSITION>
     <ROLLNAME>MEINS</ROLLNAME>
     <ADMINFIELD>0</ADMINFIELD>
     <COMPTYPE>E</COMPTYPE>
    </DD03P>
    <DD03P>
     <TABNAME>ZEMM_EXT_MAT_GERAL_COPIA</TABNAME>
     <FIELDNAME>BSTME</FIELDNAME>
     <POSITION>0008</POSITION>
     <ROLLNAME>BSTME</ROLLNAME>
     <ADMINFIELD>0</ADMINFIELD>
     <COMPTYPE>E</COMPTYPE>
    </DD03P>
    <DD03P>
     <TABNAME>ZEMM_EXT_MAT_GERAL_COPIA</TABNAME>
     <FIELDNAME>ZEINR</FIELDNAME>
     <POSITION>0009</POSITION>
     <ROLLNAME>DZEINR</ROLLNAME>
     <ADMINFIELD>0</ADMINFIELD>
     <COMPTYPE>E</COMPTYPE>
    </DD03P>
    <DD03P>
     <TABNAME>ZEMM_EXT_MAT_GERAL_COPIA</TABNAME>
     <FIELDNAME>ZEIAR</FIELDNAME>
     <POSITION>0010</POSITION>
     <ROLLNAME>DZEIAR</ROLLNAME>
     <ADMINFIELD>0</ADMINFIELD>
     <COMPTYPE>E</COMPTYPE>
    </DD03P>
    <DD03P>
     <TABNAME>ZEMM_EXT_MAT_GERAL_COPIA</TABNAME>
     <FIELDNAME>ZEIVR</FIELDNAME>
     <POSITION>0011</POSITION>
     <ROLLNAME>DZEIVR</ROLLNAME>
     <ADMINFIELD>0</ADMINFIELD>
     <COMPTYPE>E</COMPTYPE>
    </DD03P>
    <DD03P>
     <TABNAME>ZEMM_EXT_MAT_GERAL_COPIA</TABNAME>
     <FIELDNAME>ZEIFO</FIELDNAME>
     <POSITION>0012</POSITION>
     <ROLLNAME>DZEIFO</ROLLNAME>
     <ADMINFIELD>0</ADMINFIELD>
     <COMPTYPE>E</COMPTYPE>
    </DD03P>
    <DD03P>
     <TABNAME>ZEMM_EXT_MAT_GERAL_COPIA</TABNAME>
     <FIELDNAME>AESZN</FIELDNAME>
     <POSITION>0013</POSITION>
     <ROLLNAME>AESZN</ROLLNAME>
     <ADMINFIELD>0</ADMINFIELD>
     <COMPTYPE>E</COMPTYPE>
    </DD03P>
    <DD03P>
     <TABNAME>ZEMM_EXT_MAT_GERAL_COPIA</TABNAME>
     <FIELDNAME>BLATT</FIELDNAME>
     <POSITION>0014</POSITION>
     <ROLLNAME>BLATT</ROLLNAME>
     <ADMINFIELD>0</ADMINFIELD>
     <COMPTYPE>E</COMPTYPE>
    </DD03P>
    <DD03P>
     <TABNAME>ZEMM_EXT_MAT_GERAL_COPIA</TABNAME>
     <FIELDNAME>BLANZ</FIELDNAME>
     <POSITION>0015</POSITION>
     <ROLLNAME>BLANZ</ROLLNAME>
     <ADMINFIELD>0</ADMINFIELD>
     <COMPTYPE>E</COMPTYPE>
    </DD03P>
    <DD03P>
     <TABNAME>ZEMM_EXT_MAT_GERAL_COPIA</TABNAME>
     <FIELDNAME>GROES</FIELDNAME>
     <POSITION>0016</POSITION>
     <ROLLNAME>GROES</ROLLNAME>
     <ADMINFIELD>0</ADMINFIELD>
     <COMPTYPE>E</COMPTYPE>
    </DD03P>
    <DD03P>
     <TABNAME>ZEMM_EXT_MAT_GERAL_COPIA</TABNAME>
     <FIELDNAME>WRKST</FIELDNAME>
     <POSITION>0017</POSITION>
     <ROLLNAME>WRKST</ROLLNAME>
     <ADMINFIELD>0</ADMINFIELD>
     <COMPTYPE>E</COMPTYPE>
    </DD03P>
    <DD03P>
     <TABNAME>ZEMM_EXT_MAT_GERAL_COPIA</TABNAME>
     <FIELDNAME>TRAGR</FIELDNAME>
     <POSITION>0018</POSITION>
     <ROLLNAME>TRAGR</ROLLNAME>
     <ADMINFIELD>0</ADMINFIELD>
     <COMPTYPE>E</COMPTYPE>
    </DD03P>
    <DD03P>
     <TABNAME>ZEMM_EXT_MAT_GERAL_COPIA</TABNAME>
     <FIELDNAME>SPART</FIELDNAME>
     <POSITION>0019</POSITION>
     <ROLLNAME>SPART</ROLLNAME>
     <ADMINFIELD>0</ADMINFIELD>
     <SHLPORIGIN>D</SHLPORIGIN>
     <COMPTYPE>E</COMPTYPE>
    </DD03P>
    <DD03P>
     <TABNAME>ZEMM_EXT_MAT_GERAL_COPIA</TABNAME>
     <FIELDNAME>TAKLV</FIELDNAME>
     <POSITION>0020</POSITION>
     <ROLLNAME>TAKLV</ROLLNAME>
     <ADMINFIELD>0</ADMINFIELD>
     <COMPTYPE>E</COMPTYPE>
    </DD03P>
    <DD03P>
     <TABNAME>ZEMM_EXT_MAT_GERAL_COPIA</TABNAME>
     <FIELDNAME>MFRPN</FIELDNAME>
     <POSITION>0021</POSITION>
     <ROLLNAME>MFRPN</ROLLNAME>
     <ADMINFIELD>0</ADMINFIELD>
     <COMPTYPE>E</COMPTYPE>
    </DD03P>
    <DD03P>
     <TABNAME>ZEMM_EXT_MAT_GERAL_COPIA</TABNAME>
     <FIELDNAME>MFRNR</FIELDNAME>
     <POSITION>0022</POSITION>
     <ROLLNAME>MFRNR</ROLLNAME>
     <ADMINFIELD>0</ADMINFIELD>
     <COMPTYPE>E</COMPTYPE>
    </DD03P>
    <DD03P>
     <TABNAME>ZEMM_EXT_MAT_GERAL_COPIA</TABNAME>
     <FIELDNAME>MPROF</FIELDNAME>
     <POSITION>0023</POSITION>
     <ROLLNAME>MPROF</ROLLNAME>
     <ADMINFIELD>0</ADMINFIELD>
     <COMPTYPE>E</COMPTYPE>
    </DD03P>
    <DD03P>
     <TABNAME>ZEMM_EXT_MAT_GERAL_COPIA</TABNAME>
     <FIELDNAME>SERLV</FIELDNAME>
     <POSITION>0024</POSITION>
     <ROLLNAME>SERLV</ROLLNAME>
     <ADMINFIELD>0</ADMINFIELD>
     <VALEXI>X</VALEXI>
     <SHLPORIGIN>F</SHLPORIGIN>
     <COMPTYPE>E</COMPTYPE>
    </DD03P>
    <DD03P>
     <TABNAME>ZEMM_EXT_MAT_GERAL_COPIA</TABNAME>
     <FIELDNAME>MTPOS_MARA</FIELDNAME>
     <POSITION>0025</POSITION>
     <ROLLNAME>MTPOS_MARA</ROLLNAME>
     <ADMINFIELD>0</ADMINFIELD>
     <COMPTYPE>E</COMPTYPE>
    </DD03P>
    <DD03P>
     <TABNAME>ZEMM_EXT_MAT_GERAL_COPIA</TABNAME>
     <FIELDNAME>HUTYP</FIELDNAME>
     <POSITION>0026</POSITION>
     <ROLLNAME>CIFHUTYP</ROLLNAME>
     <ADMINFIELD>0</ADMINFIELD>
     <COMPTYPE>E</COMPTYPE>
    </DD03P>
    <DD03P>
     <TABNAME>ZEMM_EXT_MAT_GERAL_COPIA</TABNAME>
     <FIELDNAME>SERIAL</FIELDNAME>
     <POSITION>0027</POSITION>
     <ROLLNAME>CIFSERIAL</ROLLNAME>
     <ADMINFIELD>0</ADMINFIELD>
     <COMPTYPE>E</COMPTYPE>
    </DD03P>
    <DD03P>
     <TABNAME>ZEMM_EXT_MAT_GERAL_COPIA</TABNAME>
     <FIELDNAME>SPRAS</FIELDNAME>
     <POSITION>0028</POSITION>
     <ROLLNAME>SPRAS</ROLLNAME>
     <ADMINFIELD>0</ADMINFIELD>
     <SHLPORIGIN>D</SHLPORIGIN>
     <COMPTYPE>E</COMPTYPE>
     <LANGUFLAG>X</LANGUFLAG>
    </DD03P>
    <DD03P>
     <TABNAME>ZEMM_EXT_MAT_GERAL_COPIA</TABNAME>
     <FIELDNAME>MAKTX</FIELDNAME>
     <POSITION>0029</POSITION>
     <ROLLNAME>MAKTX</ROLLNAME>
     <ADMINFIELD>0</ADMINFIELD>
     <COMPTYPE>E</COMPTYPE>
    </DD03P>
    <DD03P>
     <TABNAME>ZEMM_EXT_MAT_GERAL_COPIA</TABNAME>
     <FIELDNAME>XCHPF</FIELDNAME>
     <POSITION>0030</POSITION>
     <ROLLNAME>XCHPF</ROLLNAME>
     <ADMINFIELD>0</ADMINFIELD>
     <VALEXI>X</VALEXI>
     <SHLPORIGIN>F</SHLPORIGIN>
     <COMPTYPE>E</COMPTYPE>
    </DD03P>
    <DD03P>
     <TABNAME>ZEMM_EXT_MAT_GERAL_COPIA</TABNAME>
     <FIELDNAME>MSTAE</FIELDNAME>
     <POSITION>0031</POSITION>
     <ROLLNAME>MSTAE</ROLLNAME>
     <ADMINFIELD>0</ADMINFIELD>
     <COMPTYPE>E</COMPTYPE>
    </DD03P>
    <DD03P>
     <TABNAME>ZEMM_EXT_MAT_GERAL_COPIA</TABNAME>
     <FIELDNAME>MSTDE</FIELDNAME>
     <POSITION>0032</POSITION>
     <ROLLNAME>MSTDE</ROLLNAME>
     <ADMINFIELD>0</ADMINFIELD>
     <SHLPORIGIN>T</SHLPORIGIN>
     <COMPTYPE>E</COMPTYPE>
    </DD03P>
    <DD03P>
     <TABNAME>ZEMM_EXT_MAT_GERAL_COPIA</TABNAME>
     <FIELDNAME>PRDHA</FIELDNAME>
     <POSITION>0033</POSITION>
     <ROLLNAME>PRODH_D</ROLLNAME>
     <ADMINFIELD>0</ADMINFIELD>
     <COMPTYPE>E</COMPTYPE>
    </DD03P>
    <DD03P>
     <TABNAME>ZEMM_EXT_MAT_GERAL_COPIA</TABNAME>
     <FIELDNAME>BRGEW</FIELDNAME>
     <POSITION>0034</POSITION>
     <ROLLNAME>BRGEW</ROLLNAME>
     <ADMINFIELD>0</ADMINFIELD>
     <REFTABLE>MARA</REFTABLE>
     <REFFIELD>GEWEI</REFFIELD>
     <COMPTYPE>E</COMPTYPE>
    </DD03P>
    <DD03P>
     <TABNAME>ZEMM_EXT_MAT_GERAL_COPIA</TABNAME>
     <FIELDNAME>NTGEW</FIELDNAME>
     <POSITION>0035</POSITION>
     <ROLLNAME>NTGEW</ROLLNAME>
     <ADMINFIELD>0</ADMINFIELD>
     <REFTABLE>MARA</REFTABLE>
     <REFFIELD>GEWEI</REFFIELD>
     <COMPTYPE>E</COMPTYPE>
    </DD03P>
    <DD03P>
     <TABNAME>ZEMM_EXT_MAT_GERAL_COPIA</TABNAME>
     <FIELDNAME>GEWEI</FIELDNAME>
     <POSITION>0036</POSITION>
     <ROLLNAME>GEWEI</ROLLNAME>
     <ADMINFIELD>0</ADMINFIELD>
     <COMPTYPE>E</COMPTYPE>
    </DD03P>
    <DD03P>
     <TABNAME>ZEMM_EXT_MAT_GERAL_COPIA</TABNAME>
     <FIELDNAME>VOLUM</FIELDNAME>
     <POSITION>0037</POSITION>
     <ROLLNAME>VOLUM</ROLLNAME>
     <ADMINFIELD>0</ADMINFIELD>
     <REFTABLE>MARA</REFTABLE>
     <REFFIELD>VOLEH</REFFIELD>
     <COMPTYPE>E</COMPTYPE>
    </DD03P>
    <DD03P>
     <TABNAME>ZEMM_EXT_MAT_GERAL_COPIA</TABNAME>
     <FIELDNAME>VOLEH</FIELDNAME>
     <POSITION>0038</POSITION>
     <ROLLNAME>VOLEH</ROLLNAME>
     <ADMINFIELD>0</ADMINFIELD>
     <COMPTYPE>E</COMPTYPE>
    </DD03P>
    <DD03P>
     <TABNAME>ZEMM_EXT_MAT_GERAL_COPIA</TABNAME>
     <FIELDNAME>EAN11</FIELDNAME>
     <POSITION>0039</POSITION>
     <ROLLNAME>EAN11</ROLLNAME>
     <ADMINFIELD>0</ADMINFIELD>
     <COMPTYPE>E</COMPTYPE>
    </DD03P>
    <DD03P>
     <TABNAME>ZEMM_EXT_MAT_GERAL_COPIA</TABNAME>
     <FIELDNAME>NUMTP</FIELDNAME>
     <POSITION>0040</POSITION>
     <ROLLNAME>NUMTP</ROLLNAME>
     <ADMINFIELD>0</ADMINFIELD>
     <COMPTYPE>E</COMPTYPE>
    </DD03P>
    <DD03P>
     <TABNAME>ZEMM_EXT_MAT_GERAL_COPIA</TABNAME>
     <FIELDNAME>LAENG</FIELDNAME>
     <POSITION>0041</POSITION>
     <ROLLNAME>LAENG</ROLLNAME>
     <ADMINFIELD>0</ADMINFIELD>
     <REFTABLE>MARA</REFTABLE>
     <REFFIELD>MEABM</REFFIELD>
     <COMPTYPE>E</COMPTYPE>
    </DD03P>
    <DD03P>
     <TABNAME>ZEMM_EXT_MAT_GERAL_COPIA</TABNAME>
     <FIELDNAME>BREIT</FIELDNAME>
     <POSITION>0042</POSITION>
     <ROLLNAME>BREIT</ROLLNAME>
     <ADMINFIELD>0</ADMINFIELD>
     <REFTABLE>MARA</REFTABLE>
     <REFFIELD>MEABM</REFFIELD>
     <COMPTYPE>E</COMPTYPE>
    </DD03P>
    <DD03P>
     <TABNAME>ZEMM_EXT_MAT_GERAL_COPIA</TABNAME>
     <FIELDNAME>HOEHE</FIELDNAME>
     <POSITION>0043</POSITION>
     <ROLLNAME>HOEHE</ROLLNAME>
     <ADMINFIELD>0</ADMINFIELD>
     <REFTABLE>MARA</REFTABLE>
     <REFFIELD>MEABM</REFFIELD>
     <COMPTYPE>E</COMPTYPE>
    </DD03P>
    <DD03P>
     <TABNAME>ZEMM_EXT_MAT_GERAL_COPIA</TABNAME>
     <FIELDNAME>MEABM</FIELDNAME>
     <POSITION>0044</POSITION>
     <ROLLNAME>MEABM</ROLLNAME>
     <ADMINFIELD>0</ADMINFIELD>
     <COMPTYPE>E</COMPTYPE>
    </DD03P>
    <DD03P>
     <TABNAME>ZEMM_EXT_MAT_GERAL_COPIA</TABNAME>
     <FIELDNAME>VABME</FIELDNAME>
     <POSITION>0045</POSITION>
     <ROLLNAME>VABME</ROLLNAME>
     <ADMINFIELD>0</ADMINFIELD>
     <VALEXI>X</VALEXI>
     <SHLPORIGIN>F</SHLPORIGIN>
     <COMPTYPE>E</COMPTYPE>
    </DD03P>
    <DD03P>
     <TABNAME>ZEMM_EXT_MAT_GERAL_COPIA</TABNAME>
     <FIELDNAME>EKWSL</FIELDNAME>
     <POSITION>0046</POSITION>
     <ROLLNAME>EKWSL</ROLLNAME>
     <ADMINFIELD>0</ADMINFIELD>
     <COMPTYPE>E</COMPTYPE>
    </DD03P>
    <DD03P>
     <TABNAME>ZEMM_EXT_MAT_GERAL_COPIA</TABNAME>
     <FIELDNAME>RAUBE</FIELDNAME>
     <POSITION>0047</POSITION>
     <ROLLNAME>RAUBE</ROLLNAME>
     <ADMINFIELD>0</ADMINFIELD>
     <COMPTYPE>E</COMPTYPE>
    </DD03P>
    <DD03P>
     <TABNAME>ZEMM_EXT_MAT_GERAL_COPIA</TABNAME>
     <FIELDNAME>TEMPB</FIELDNAME>
     <POSITION>0048</POSITION>
     <ROLLNAME>TEMPB</ROLLNAME>
     <ADMINFIELD>0</ADMINFIELD>
     <COMPTYPE>E</COMPTYPE>
    </DD03P>
    <DD03P>
     <TABNAME>ZEMM_EXT_MAT_GERAL_COPIA</TABNAME>
     <FIELDNAME>STOFF</FIELDNAME>
     <POSITION>0049</POSITION>
     <ROLLNAME>STOFF</ROLLNAME>
     <ADMINFIELD>0</ADMINFIELD>
     <COMPTYPE>E</COMPTYPE>
    </DD03P>
    <DD03P>
     <TABNAME>ZEMM_EXT_MAT_GERAL_COPIA</TABNAME>
     <FIELDNAME>WESCH</FIELDNAME>
     <POSITION>0050</POSITION>
     <ROLLNAME>WESCH</ROLLNAME>
     <ADMINFIELD>0</ADMINFIELD>
     <REFTABLE>MARA</REFTABLE>
     <REFFIELD>MEINS</REFFIELD>
     <COMPTYPE>E</COMPTYPE>
    </DD03P>
    <DD03P>
     <TABNAME>ZEMM_EXT_MAT_GERAL_COPIA</TABNAME>
     <FIELDNAME>ETIAR</FIELDNAME>
     <POSITION>0051</POSITION>
     <ROLLNAME>ETIAR</ROLLNAME>
     <ADMINFIELD>0</ADMINFIELD>
     <COMPTYPE>E</COMPTYPE>
    </DD03P>
    <DD03P>
     <TABNAME>ZEMM_EXT_MAT_GERAL_COPIA</TABNAME>
     <FIELDNAME>ETIFO</FIELDNAME>
     <POSITION>0052</POSITION>
     <ROLLNAME>ETIFO</ROLLNAME>
     <ADMINFIELD>0</ADMINFIELD>
     <COMPTYPE>E</COMPTYPE>
    </DD03P>
    <DD03P>
     <TABNAME>ZEMM_EXT_MAT_GERAL_COPIA</TABNAME>
     <FIELDNAME>XGCHP</FIELDNAME>
     <POSITION>0053</POSITION>
     <ROLLNAME>XGCHP</ROLLNAME>
     <ADMINFIELD>0</ADMINFIELD>
     <VALEXI>X</VALEXI>
     <SHLPORIGIN>F</SHLPORIGIN>
     <COMPTYPE>E</COMPTYPE>
    </DD03P>
    <DD03P>
     <TABNAME>ZEMM_EXT_MAT_GERAL_COPIA</TABNAME>
     <FIELDNAME>MHDRZ</FIELDNAME>
     <POSITION>0054</POSITION>
     <ROLLNAME>MHDRZ</ROLLNAME>
     <ADMINFIELD>0</ADMINFIELD>
     <COMPTYPE>E</COMPTYPE>
    </DD03P>
    <DD03P>
     <TABNAME>ZEMM_EXT_MAT_GERAL_COPIA</TABNAME>
     <FIELDNAME>MHDHB</FIELDNAME>
     <POSITION>0055</POSITION>
     <ROLLNAME>MHDHB</ROLLNAME>
     <ADMINFIELD>0</ADMINFIELD>
     <COMPTYPE>E</COMPTYPE>
    </DD03P>
    <DD03P>
     <TABNAME>ZEMM_EXT_MAT_GERAL_COPIA</TABNAME>
     <FIELDNAME>MHDLP</FIELDNAME>
     <POSITION>0056</POSITION>
     <ROLLNAME>MHDLP</ROLLNAME>
     <ADMINFIELD>0</ADMINFIELD>
     <COMPTYPE>E</COMPTYPE>
    </DD03P>
    <DD03P>
     <TABNAME>ZEMM_EXT_MAT_GERAL_COPIA</TABNAME>
     <FIELDNAME>RDMHD</FIELDNAME>
     <POSITION>0057</POSITION>
     <ROLLNAME>RDMHD</ROLLNAME>
     <ADMINFIELD>0</ADMINFIELD>
     <VALEXI>X</VALEXI>
     <SHLPORIGIN>F</SHLPORIGIN>
     <COMPTYPE>E</COMPTYPE>
    </DD03P>
    <DD03P>
     <TABNAME>ZEMM_EXT_MAT_GERAL_COPIA</TABNAME>
     <FIELDNAME>IPRKZ</FIELDNAME>
     <POSITION>0058</POSITION>
     <ROLLNAME>DATTP</ROLLNAME>
     <ADMINFIELD>0</ADMINFIELD>
     <VALEXI>X</VALEXI>
     <SHLPORIGIN>D</SHLPORIGIN>
     <COMPTYPE>E</COMPTYPE>
    </DD03P>
    <DD03P>
     <TABNAME>ZEMM_EXT_MAT_GERAL_COPIA</TABNAME>
     <FIELDNAME>SLED_BBD</FIELDNAME>
     <POSITION>0059</POSITION>
     <ROLLNAME>SLED_BBD</ROLLNAME>
     <ADMINFIELD>0</ADMINFIELD>
     <VALEXI>X</VALEXI>
     <SHLPORIGIN>F</SHLPORIGIN>
     <COMPTYPE>E</COMPTYPE>
    </DD03P>
    <DD03P>
     <TABNAME>ZEMM_EXT_MAT_GERAL_COPIA</TABNAME>
     <FIELDNAME>RBNRM</FIELDNAME>
     <POSITION>0060</POSITION>
     <ROLLNAME>RBNR</ROLLNAME>
     <ADMINFIELD>0</ADMINFIELD>
     <COMPTYPE>E</COMPTYPE>
    </DD03P>
    <DD03P>
     <TABNAME>ZEMM_EXT_MAT_GERAL_COPIA</TABNAME>
     <FIELDNAME>QMPUR</FIELDNAME>
     <POSITION>0061</POSITION>
     <ROLLNAME>QMPUR</ROLLNAME>
     <ADMINFIELD>0</ADMINFIELD>
     <VALEXI>X</VALEXI>
     <SHLPORIGIN>F</SHLPORIGIN>
     <COMPTYPE>E</COMPTYPE>
    </DD03P>
    <DD03P>
     <TABNAME>ZEMM_EXT_MAT_GERAL_COPIA</TABNAME>
     <FIELDNAME>PSTAT</FIELDNAME>
     <POSITION>0062</POSITION>
     <ROLLNAME>PSTAT_D</ROLLNAME>
     <ADMINFIELD>0</ADMINFIELD>
     <COMPTYPE>E</COMPTYPE>
    </DD03P>
    <DD03P>
     <TABNAME>ZEMM_EXT_MAT_GERAL_COPIA</TABNAME>
     <FIELDNAME>LABOR</FIELDNAME>
     <POSITION>0063</POSITION>
     <ROLLNAME>LABOR</ROLLNAME>
     <ADMINFIELD>0</ADMINFIELD>
     <COMPTYPE>E</COMPTYPE>
    </DD03P>
   </DD03P_TABLE>
  </asx:values>
 </asx:abap>
</abapGit>
