﻿<?xml version="1.0" encoding="utf-8"?>
<abapGit version="v1.0.0" serializer="LCL_OBJECT_TABL" serializer_version="v1.0.0">
 <asx:abap xmlns:asx="http://www.sap.com/abapxml" version="1.0">
  <asx:values>
   <DD02V>
    <TABNAME>ZEMM_EXT_CLASSE</TABNAME>
    <DDLANGUAGE>P</DDLANGUAGE>
    <TABCLASS>INTTAB</TABCLASS>
    <DDTEXT>Estrutura de extração - H26 - MM CLASSE</DDTEXT>
    <EXCLASS>4</EXCLASS>
   </DD02V>
   <DD03P_TABLE>
    <DD03P>
     <TABNAME>ZEMM_EXT_CLASSE</TABNAME>
     <FIELDNAME>KLART</FIELDNAME>
     <POSITION>0001</POSITION>
     <ROLLNAME>KLASSENART</ROLLNAME>
     <ADMINFIELD>0</ADMINFIELD>
     <COMPTYPE>E</COMPTYPE>
    </DD03P>
    <DD03P>
     <TABNAME>ZEMM_EXT_CLASSE</TABNAME>
     <FIELDNAME>CLASS</FIELDNAME>
     <POSITION>0002</POSITION>
     <ROLLNAME>KLASSE_D</ROLLNAME>
     <ADMINFIELD>0</ADMINFIELD>
     <COMPTYPE>E</COMPTYPE>
    </DD03P>
    <DD03P>
     <TABNAME>ZEMM_EXT_CLASSE</TABNAME>
     <FIELDNAME>KSCHG</FIELDNAME>
     <POSITION>0003</POSITION>
     <ROLLNAME>KLSBEZG</ROLLNAME>
     <ADMINFIELD>0</ADMINFIELD>
     <COMPTYPE>E</COMPTYPE>
    </DD03P>
    <DD03P>
     <TABNAME>ZEMM_EXT_CLASSE</TABNAME>
     <FIELDNAME>CLINT</FIELDNAME>
     <POSITION>0004</POSITION>
     <ROLLNAME>CLINT</ROLLNAME>
     <ADMINFIELD>0</ADMINFIELD>
     <COMPTYPE>E</COMPTYPE>
    </DD03P>
    <DD03P>
     <TABNAME>ZEMM_EXT_CLASSE</TABNAME>
     <FIELDNAME>KLPOS</FIELDNAME>
     <POSITION>0005</POSITION>
     <ROLLNAME>KLAPOS</ROLLNAME>
     <ADMINFIELD>0</ADMINFIELD>
     <COMPTYPE>E</COMPTYPE>
    </DD03P>
   </DD03P_TABLE>
  </asx:values>
 </asx:abap>
</abapGit>
