﻿<?xml version="1.0" encoding="utf-8"?>
<abapGit version="v1.0.0" serializer="LCL_OBJECT_TABL" serializer_version="v1.0.0">
 <asx:abap xmlns:asx="http://www.sap.com/abapxml" version="1.0">
  <asx:values>
   <DD02V>
    <TABNAME>ZEMM_EXT_MAT_FORNEC_GERAL</TABNAME>
    <DDLANGUAGE>P</DDLANGUAGE>
    <TABCLASS>INTTAB</TABCLASS>
    <DDTEXT>PROGRAMA DE EXTRACAO - MESTRE FORNECEDOR - GERAL</DDTEXT>
    <EXCLASS>4</EXCLASS>
   </DD02V>
   <DD03P_TABLE>
    <DD03P>
     <TABNAME>ZEMM_EXT_MAT_FORNEC_GERAL</TABNAME>
     <FIELDNAME>LIFNR</FIELDNAME>
     <POSITION>0001</POSITION>
     <ROLLNAME>LIFNR</ROLLNAME>
     <ADMINFIELD>0</ADMINFIELD>
     <SHLPORIGIN>D</SHLPORIGIN>
     <COMPTYPE>E</COMPTYPE>
    </DD03P>
    <DD03P>
     <TABNAME>ZEMM_EXT_MAT_FORNEC_GERAL</TABNAME>
     <FIELDNAME>NAME1</FIELDNAME>
     <POSITION>0002</POSITION>
     <ROLLNAME>NAME1_GP</ROLLNAME>
     <ADMINFIELD>0</ADMINFIELD>
     <COMPTYPE>E</COMPTYPE>
    </DD03P>
    <DD03P>
     <TABNAME>ZEMM_EXT_MAT_FORNEC_GERAL</TABNAME>
     <FIELDNAME>NAME2</FIELDNAME>
     <POSITION>0003</POSITION>
     <ROLLNAME>NAME2_GP</ROLLNAME>
     <ADMINFIELD>0</ADMINFIELD>
     <COMPTYPE>E</COMPTYPE>
    </DD03P>
    <DD03P>
     <TABNAME>ZEMM_EXT_MAT_FORNEC_GERAL</TABNAME>
     <FIELDNAME>NAME3</FIELDNAME>
     <POSITION>0004</POSITION>
     <ROLLNAME>NAME3_GP</ROLLNAME>
     <ADMINFIELD>0</ADMINFIELD>
     <COMPTYPE>E</COMPTYPE>
    </DD03P>
    <DD03P>
     <TABNAME>ZEMM_EXT_MAT_FORNEC_GERAL</TABNAME>
     <FIELDNAME>NAME4</FIELDNAME>
     <POSITION>0005</POSITION>
     <ROLLNAME>NAME4_GP</ROLLNAME>
     <ADMINFIELD>0</ADMINFIELD>
     <COMPTYPE>E</COMPTYPE>
    </DD03P>
    <DD03P>
     <TABNAME>ZEMM_EXT_MAT_FORNEC_GERAL</TABNAME>
     <FIELDNAME>ZCLASS</FIELDNAME>
     <POSITION>0006</POSITION>
     <ROLLNAME>ZCLASS</ROLLNAME>
     <ADMINFIELD>0</ADMINFIELD>
     <VALEXI>X</VALEXI>
     <SHLPORIGIN>F</SHLPORIGIN>
     <COMPTYPE>E</COMPTYPE>
    </DD03P>
    <DD03P>
     <TABNAME>ZEMM_EXT_MAT_FORNEC_GERAL</TABNAME>
     <FIELDNAME>ZBLOQ</FIELDNAME>
     <POSITION>0007</POSITION>
     <ROLLNAME>CHAR1</ROLLNAME>
     <ADMINFIELD>0</ADMINFIELD>
     <COMPTYPE>E</COMPTYPE>
    </DD03P>
    <DD03P>
     <TABNAME>ZEMM_EXT_MAT_FORNEC_GERAL</TABNAME>
     <FIELDNAME>ZBLOQC</FIELDNAME>
     <POSITION>0008</POSITION>
     <ROLLNAME>ZCSC_ED_COMENTARIO</ROLLNAME>
     <ADMINFIELD>0</ADMINFIELD>
     <COMPTYPE>E</COMPTYPE>
    </DD03P>
    <DD03P>
     <TABNAME>ZEMM_EXT_MAT_FORNEC_GERAL</TABNAME>
     <FIELDNAME>ZHOMOL</FIELDNAME>
     <POSITION>0009</POSITION>
     <ROLLNAME>CHAR1</ROLLNAME>
     <ADMINFIELD>0</ADMINFIELD>
     <COMPTYPE>E</COMPTYPE>
    </DD03P>
    <DD03P>
     <TABNAME>ZEMM_EXT_MAT_FORNEC_GERAL</TABNAME>
     <FIELDNAME>ZHOMOLC</FIELDNAME>
     <POSITION>0010</POSITION>
     <ROLLNAME>ZCSC_ED_COMENTARIO</ROLLNAME>
     <ADMINFIELD>0</ADMINFIELD>
     <COMPTYPE>E</COMPTYPE>
    </DD03P>
    <DD03P>
     <TABNAME>ZEMM_EXT_MAT_FORNEC_GERAL</TABNAME>
     <FIELDNAME>KTOKK</FIELDNAME>
     <POSITION>0011</POSITION>
     <ROLLNAME>KTOKK</ROLLNAME>
     <ADMINFIELD>0</ADMINFIELD>
     <COMPTYPE>E</COMPTYPE>
    </DD03P>
    <DD03P>
     <TABNAME>ZEMM_EXT_MAT_FORNEC_GERAL</TABNAME>
     <FIELDNAME>ANRED</FIELDNAME>
     <POSITION>0012</POSITION>
     <ROLLNAME>ANRED</ROLLNAME>
     <ADMINFIELD>0</ADMINFIELD>
     <COMPTYPE>E</COMPTYPE>
    </DD03P>
    <DD03P>
     <TABNAME>ZEMM_EXT_MAT_FORNEC_GERAL</TABNAME>
     <FIELDNAME>SORTL</FIELDNAME>
     <POSITION>0013</POSITION>
     <ROLLNAME>SORTL</ROLLNAME>
     <ADMINFIELD>0</ADMINFIELD>
     <COMPTYPE>E</COMPTYPE>
    </DD03P>
    <DD03P>
     <TABNAME>ZEMM_EXT_MAT_FORNEC_GERAL</TABNAME>
     <FIELDNAME>MCOD2</FIELDNAME>
     <POSITION>0014</POSITION>
     <ROLLNAME>MCDK2</ROLLNAME>
     <ADMINFIELD>0</ADMINFIELD>
     <COMPTYPE>E</COMPTYPE>
    </DD03P>
    <DD03P>
     <TABNAME>ZEMM_EXT_MAT_FORNEC_GERAL</TABNAME>
     <FIELDNAME>KUNNR</FIELDNAME>
     <POSITION>0015</POSITION>
     <ROLLNAME>KUNNR</ROLLNAME>
     <ADMINFIELD>0</ADMINFIELD>
     <SHLPORIGIN>D</SHLPORIGIN>
     <COMPTYPE>E</COMPTYPE>
    </DD03P>
    <DD03P>
     <TABNAME>ZEMM_EXT_MAT_FORNEC_GERAL</TABNAME>
     <FIELDNAME>KONZS</FIELDNAME>
     <POSITION>0016</POSITION>
     <ROLLNAME>KONZS</ROLLNAME>
     <ADMINFIELD>0</ADMINFIELD>
     <COMPTYPE>E</COMPTYPE>
    </DD03P>
    <DD03P>
     <TABNAME>ZEMM_EXT_MAT_FORNEC_GERAL</TABNAME>
     <FIELDNAME>LNRZA</FIELDNAME>
     <POSITION>0017</POSITION>
     <ROLLNAME>LNRZA</ROLLNAME>
     <ADMINFIELD>0</ADMINFIELD>
     <COMPTYPE>E</COMPTYPE>
    </DD03P>
    <DD03P>
     <TABNAME>ZEMM_EXT_MAT_FORNEC_GERAL</TABNAME>
     <FIELDNAME>VBUND</FIELDNAME>
     <POSITION>0018</POSITION>
     <ROLLNAME>RASSC</ROLLNAME>
     <ADMINFIELD>0</ADMINFIELD>
     <COMPTYPE>E</COMPTYPE>
    </DD03P>
    <DD03P>
     <TABNAME>ZEMM_EXT_MAT_FORNEC_GERAL</TABNAME>
     <FIELDNAME>STKZN</FIELDNAME>
     <POSITION>0019</POSITION>
     <ROLLNAME>STKZN</ROLLNAME>
     <ADMINFIELD>0</ADMINFIELD>
     <VALEXI>X</VALEXI>
     <SHLPORIGIN>F</SHLPORIGIN>
     <COMPTYPE>E</COMPTYPE>
    </DD03P>
    <DD03P>
     <TABNAME>ZEMM_EXT_MAT_FORNEC_GERAL</TABNAME>
     <FIELDNAME>WERKS</FIELDNAME>
     <POSITION>0020</POSITION>
     <ROLLNAME>WERKS_EXT</ROLLNAME>
     <ADMINFIELD>0</ADMINFIELD>
     <SHLPORIGIN>D</SHLPORIGIN>
     <COMPTYPE>E</COMPTYPE>
    </DD03P>
    <DD03P>
     <TABNAME>ZEMM_EXT_MAT_FORNEC_GERAL</TABNAME>
     <FIELDNAME>LTSNA</FIELDNAME>
     <POSITION>0021</POSITION>
     <ROLLNAME>LTSNA</ROLLNAME>
     <ADMINFIELD>0</ADMINFIELD>
     <VALEXI>X</VALEXI>
     <SHLPORIGIN>F</SHLPORIGIN>
     <COMPTYPE>E</COMPTYPE>
    </DD03P>
    <DD03P>
     <TABNAME>ZEMM_EXT_MAT_FORNEC_GERAL</TABNAME>
     <FIELDNAME>WERKR</FIELDNAME>
     <POSITION>0022</POSITION>
     <ROLLNAME>WERKR</ROLLNAME>
     <ADMINFIELD>0</ADMINFIELD>
     <VALEXI>X</VALEXI>
     <SHLPORIGIN>F</SHLPORIGIN>
     <COMPTYPE>E</COMPTYPE>
    </DD03P>
    <DD03P>
     <TABNAME>ZEMM_EXT_MAT_FORNEC_GERAL</TABNAME>
     <FIELDNAME>STREET</FIELDNAME>
     <POSITION>0023</POSITION>
     <ROLLNAME>AD_STREET</ROLLNAME>
     <ADMINFIELD>0</ADMINFIELD>
     <SHLPORIGIN>D</SHLPORIGIN>
     <COMPTYPE>E</COMPTYPE>
    </DD03P>
    <DD03P>
     <TABNAME>ZEMM_EXT_MAT_FORNEC_GERAL</TABNAME>
     <FIELDNAME>HOUSE_NUM1</FIELDNAME>
     <POSITION>0024</POSITION>
     <ROLLNAME>AD_HSNM1</ROLLNAME>
     <ADMINFIELD>0</ADMINFIELD>
     <COMPTYPE>E</COMPTYPE>
    </DD03P>
    <DD03P>
     <TABNAME>ZEMM_EXT_MAT_FORNEC_GERAL</TABNAME>
     <FIELDNAME>CITY2</FIELDNAME>
     <POSITION>0025</POSITION>
     <ROLLNAME>AD_CITY2</ROLLNAME>
     <ADMINFIELD>0</ADMINFIELD>
     <SHLPORIGIN>D</SHLPORIGIN>
     <COMPTYPE>E</COMPTYPE>
    </DD03P>
    <DD03P>
     <TABNAME>ZEMM_EXT_MAT_FORNEC_GERAL</TABNAME>
     <FIELDNAME>HOME_CITY</FIELDNAME>
     <POSITION>0026</POSITION>
     <ROLLNAME>AD_CITY3</ROLLNAME>
     <ADMINFIELD>0</ADMINFIELD>
     <COMPTYPE>E</COMPTYPE>
    </DD03P>
    <DD03P>
     <TABNAME>ZEMM_EXT_MAT_FORNEC_GERAL</TABNAME>
     <FIELDNAME>POST_CODE1</FIELDNAME>
     <POSITION>0027</POSITION>
     <ROLLNAME>AD_PSTCD1</ROLLNAME>
     <ADMINFIELD>0</ADMINFIELD>
     <COMPTYPE>E</COMPTYPE>
    </DD03P>
    <DD03P>
     <TABNAME>ZEMM_EXT_MAT_FORNEC_GERAL</TABNAME>
     <FIELDNAME>CITY1</FIELDNAME>
     <POSITION>0028</POSITION>
     <ROLLNAME>AD_CITY1</ROLLNAME>
     <ADMINFIELD>0</ADMINFIELD>
     <SHLPORIGIN>D</SHLPORIGIN>
     <COMPTYPE>E</COMPTYPE>
    </DD03P>
    <DD03P>
     <TABNAME>ZEMM_EXT_MAT_FORNEC_GERAL</TABNAME>
     <FIELDNAME>COUNTRY</FIELDNAME>
     <POSITION>0029</POSITION>
     <ROLLNAME>LAND1</ROLLNAME>
     <ADMINFIELD>0</ADMINFIELD>
     <COMPTYPE>E</COMPTYPE>
    </DD03P>
    <DD03P>
     <TABNAME>ZEMM_EXT_MAT_FORNEC_GERAL</TABNAME>
     <FIELDNAME>REGION</FIELDNAME>
     <POSITION>0030</POSITION>
     <ROLLNAME>REGIO</ROLLNAME>
     <ADMINFIELD>0</ADMINFIELD>
     <COMPTYPE>E</COMPTYPE>
    </DD03P>
    <DD03P>
     <TABNAME>ZEMM_EXT_MAT_FORNEC_GERAL</TABNAME>
     <FIELDNAME>TIME_ZONE</FIELDNAME>
     <POSITION>0031</POSITION>
     <ROLLNAME>AD_TZONE</ROLLNAME>
     <ADMINFIELD>0</ADMINFIELD>
     <COMPTYPE>E</COMPTYPE>
    </DD03P>
    <DD03P>
     <TABNAME>ZEMM_EXT_MAT_FORNEC_GERAL</TABNAME>
     <FIELDNAME>LZONE</FIELDNAME>
     <POSITION>0032</POSITION>
     <ROLLNAME>LZONE</ROLLNAME>
     <ADMINFIELD>0</ADMINFIELD>
     <COMPTYPE>E</COMPTYPE>
    </DD03P>
    <DD03P>
     <TABNAME>ZEMM_EXT_MAT_FORNEC_GERAL</TABNAME>
     <FIELDNAME>BUILDING</FIELDNAME>
     <POSITION>0033</POSITION>
     <ROLLNAME>AD_BLDNG</ROLLNAME>
     <ADMINFIELD>0</ADMINFIELD>
     <COMPTYPE>E</COMPTYPE>
    </DD03P>
    <DD03P>
     <TABNAME>ZEMM_EXT_MAT_FORNEC_GERAL</TABNAME>
     <FIELDNAME>ROOMNUMBER</FIELDNAME>
     <POSITION>0034</POSITION>
     <ROLLNAME>AD_ROOMNUM</ROLLNAME>
     <ADMINFIELD>0</ADMINFIELD>
     <COMPTYPE>E</COMPTYPE>
    </DD03P>
    <DD03P>
     <TABNAME>ZEMM_EXT_MAT_FORNEC_GERAL</TABNAME>
     <FIELDNAME>FLOOR</FIELDNAME>
     <POSITION>0035</POSITION>
     <ROLLNAME>AD_FLOOR</ROLLNAME>
     <ADMINFIELD>0</ADMINFIELD>
     <COMPTYPE>E</COMPTYPE>
    </DD03P>
    <DD03P>
     <TABNAME>ZEMM_EXT_MAT_FORNEC_GERAL</TABNAME>
     <FIELDNAME>NAME_CO</FIELDNAME>
     <POSITION>0036</POSITION>
     <ROLLNAME>AD_NAME_CO</ROLLNAME>
     <ADMINFIELD>0</ADMINFIELD>
     <COMPTYPE>E</COMPTYPE>
    </DD03P>
    <DD03P>
     <TABNAME>ZEMM_EXT_MAT_FORNEC_GERAL</TABNAME>
     <FIELDNAME>STR_SUPPL1</FIELDNAME>
     <POSITION>0037</POSITION>
     <ROLLNAME>AD_STRSPP1</ROLLNAME>
     <ADMINFIELD>0</ADMINFIELD>
     <COMPTYPE>E</COMPTYPE>
    </DD03P>
    <DD03P>
     <TABNAME>ZEMM_EXT_MAT_FORNEC_GERAL</TABNAME>
     <FIELDNAME>STR_SUPPL2</FIELDNAME>
     <POSITION>0038</POSITION>
     <ROLLNAME>AD_STRSPP2</ROLLNAME>
     <ADMINFIELD>0</ADMINFIELD>
     <COMPTYPE>E</COMPTYPE>
    </DD03P>
    <DD03P>
     <TABNAME>ZEMM_EXT_MAT_FORNEC_GERAL</TABNAME>
     <FIELDNAME>HOUSE_NUM2</FIELDNAME>
     <POSITION>0039</POSITION>
     <ROLLNAME>AD_HSNM2</ROLLNAME>
     <ADMINFIELD>0</ADMINFIELD>
     <COMPTYPE>E</COMPTYPE>
    </DD03P>
    <DD03P>
     <TABNAME>ZEMM_EXT_MAT_FORNEC_GERAL</TABNAME>
     <FIELDNAME>STR_SUPPL3</FIELDNAME>
     <POSITION>0040</POSITION>
     <ROLLNAME>AD_STRSPP3</ROLLNAME>
     <ADMINFIELD>0</ADMINFIELD>
     <COMPTYPE>E</COMPTYPE>
    </DD03P>
    <DD03P>
     <TABNAME>ZEMM_EXT_MAT_FORNEC_GERAL</TABNAME>
     <FIELDNAME>LOCATION</FIELDNAME>
     <POSITION>0041</POSITION>
     <ROLLNAME>AD_LCTN</ROLLNAME>
     <ADMINFIELD>0</ADMINFIELD>
     <COMPTYPE>E</COMPTYPE>
    </DD03P>
    <DD03P>
     <TABNAME>ZEMM_EXT_MAT_FORNEC_GERAL</TABNAME>
     <FIELDNAME>TXJCD</FIELDNAME>
     <POSITION>0042</POSITION>
     <ROLLNAME>TXJCD</ROLLNAME>
     <ADMINFIELD>0</ADMINFIELD>
     <COMPTYPE>E</COMPTYPE>
    </DD03P>
    <DD03P>
     <TABNAME>ZEMM_EXT_MAT_FORNEC_GERAL</TABNAME>
     <FIELDNAME>PO_BOX</FIELDNAME>
     <POSITION>0043</POSITION>
     <ROLLNAME>AD_POBX</ROLLNAME>
     <ADMINFIELD>0</ADMINFIELD>
     <COMPTYPE>E</COMPTYPE>
    </DD03P>
    <DD03P>
     <TABNAME>ZEMM_EXT_MAT_FORNEC_GERAL</TABNAME>
     <FIELDNAME>POST_CODE2</FIELDNAME>
     <POSITION>0044</POSITION>
     <ROLLNAME>AD_PSTCD2</ROLLNAME>
     <ADMINFIELD>0</ADMINFIELD>
     <COMPTYPE>E</COMPTYPE>
    </DD03P>
    <DD03P>
     <TABNAME>ZEMM_EXT_MAT_FORNEC_GERAL</TABNAME>
     <FIELDNAME>PO_BOX_LOC</FIELDNAME>
     <POSITION>0045</POSITION>
     <ROLLNAME>AD_POBXLOC</ROLLNAME>
     <ADMINFIELD>0</ADMINFIELD>
     <SHLPORIGIN>D</SHLPORIGIN>
     <COMPTYPE>E</COMPTYPE>
    </DD03P>
    <DD03P>
     <TABNAME>ZEMM_EXT_MAT_FORNEC_GERAL</TABNAME>
     <FIELDNAME>PO_BOX_CTY</FIELDNAME>
     <POSITION>0046</POSITION>
     <ROLLNAME>AD_POBXCTY</ROLLNAME>
     <ADMINFIELD>0</ADMINFIELD>
     <COMPTYPE>E</COMPTYPE>
    </DD03P>
    <DD03P>
     <TABNAME>ZEMM_EXT_MAT_FORNEC_GERAL</TABNAME>
     <FIELDNAME>PO_BOX_REG</FIELDNAME>
     <POSITION>0047</POSITION>
     <ROLLNAME>AD_POBXREG</ROLLNAME>
     <ADMINFIELD>0</ADMINFIELD>
     <COMPTYPE>E</COMPTYPE>
    </DD03P>
    <DD03P>
     <TABNAME>ZEMM_EXT_MAT_FORNEC_GERAL</TABNAME>
     <FIELDNAME>POST_CODE3</FIELDNAME>
     <POSITION>0048</POSITION>
     <ROLLNAME>AD_PSTCD3</ROLLNAME>
     <ADMINFIELD>0</ADMINFIELD>
     <COMPTYPE>E</COMPTYPE>
    </DD03P>
    <DD03P>
     <TABNAME>ZEMM_EXT_MAT_FORNEC_GERAL</TABNAME>
     <FIELDNAME>TELNR_LONG</FIELDNAME>
     <POSITION>0049</POSITION>
     <ROLLNAME>AD_TELNRLG</ROLLNAME>
     <ADMINFIELD>0</ADMINFIELD>
     <COMPTYPE>E</COMPTYPE>
    </DD03P>
    <DD03P>
     <TABNAME>ZEMM_EXT_MAT_FORNEC_GERAL</TABNAME>
     <FIELDNAME>MOBILE_LONG</FIELDNAME>
     <POSITION>0050</POSITION>
     <ROLLNAME>AD_TELNRLG</ROLLNAME>
     <ADMINFIELD>0</ADMINFIELD>
     <COMPTYPE>E</COMPTYPE>
    </DD03P>
    <DD03P>
     <TABNAME>ZEMM_EXT_MAT_FORNEC_GERAL</TABNAME>
     <FIELDNAME>SMTP_ADDR</FIELDNAME>
     <POSITION>0051</POSITION>
     <ROLLNAME>AD_SMTPADR</ROLLNAME>
     <ADMINFIELD>0</ADMINFIELD>
     <COMPTYPE>E</COMPTYPE>
    </DD03P>
    <DD03P>
     <TABNAME>ZEMM_EXT_MAT_FORNEC_GERAL</TABNAME>
     <FIELDNAME>SPERR</FIELDNAME>
     <POSITION>0052</POSITION>
     <ROLLNAME>SPERB_X</ROLLNAME>
     <ADMINFIELD>0</ADMINFIELD>
     <VALEXI>X</VALEXI>
     <SHLPORIGIN>F</SHLPORIGIN>
     <COMPTYPE>E</COMPTYPE>
    </DD03P>
    <DD03P>
     <TABNAME>ZEMM_EXT_MAT_FORNEC_GERAL</TABNAME>
     <FIELDNAME>SPERM</FIELDNAME>
     <POSITION>0053</POSITION>
     <ROLLNAME>SPERM_X</ROLLNAME>
     <ADMINFIELD>0</ADMINFIELD>
     <VALEXI>X</VALEXI>
     <SHLPORIGIN>F</SHLPORIGIN>
     <COMPTYPE>E</COMPTYPE>
    </DD03P>
    <DD03P>
     <TABNAME>ZEMM_EXT_MAT_FORNEC_GERAL</TABNAME>
     <FIELDNAME>ADRNR</FIELDNAME>
     <POSITION>0054</POSITION>
     <ROLLNAME>ADRNR</ROLLNAME>
     <ADMINFIELD>0</ADMINFIELD>
     <COMPTYPE>E</COMPTYPE>
    </DD03P>
    <DD03P>
     <TABNAME>ZEMM_EXT_MAT_FORNEC_GERAL</TABNAME>
     <FIELDNAME>STCD1</FIELDNAME>
     <POSITION>0055</POSITION>
     <ROLLNAME>STCD1</ROLLNAME>
     <ADMINFIELD>0</ADMINFIELD>
     <COMPTYPE>E</COMPTYPE>
    </DD03P>
    <DD03P>
     <TABNAME>ZEMM_EXT_MAT_FORNEC_GERAL</TABNAME>
     <FIELDNAME>STCD2</FIELDNAME>
     <POSITION>0056</POSITION>
     <ROLLNAME>STCD2</ROLLNAME>
     <ADMINFIELD>0</ADMINFIELD>
     <COMPTYPE>E</COMPTYPE>
    </DD03P>
    <DD03P>
     <TABNAME>ZEMM_EXT_MAT_FORNEC_GERAL</TABNAME>
     <FIELDNAME>STCD3</FIELDNAME>
     <POSITION>0057</POSITION>
     <ROLLNAME>STCD3</ROLLNAME>
     <ADMINFIELD>0</ADMINFIELD>
     <COMPTYPE>E</COMPTYPE>
    </DD03P>
    <DD03P>
     <TABNAME>ZEMM_EXT_MAT_FORNEC_GERAL</TABNAME>
     <FIELDNAME>STCD4</FIELDNAME>
     <POSITION>0058</POSITION>
     <ROLLNAME>STCD4</ROLLNAME>
     <ADMINFIELD>0</ADMINFIELD>
     <COMPTYPE>E</COMPTYPE>
    </DD03P>
    <DD03P>
     <TABNAME>ZEMM_EXT_MAT_FORNEC_GERAL</TABNAME>
     <FIELDNAME>STCD5</FIELDNAME>
     <POSITION>0059</POSITION>
     <ROLLNAME>STCD5</ROLLNAME>
     <ADMINFIELD>0</ADMINFIELD>
     <COMPTYPE>E</COMPTYPE>
    </DD03P>
    <DD03P>
     <TABNAME>ZEMM_EXT_MAT_FORNEC_GERAL</TABNAME>
     <FIELDNAME>FISKN</FIELDNAME>
     <POSITION>0060</POSITION>
     <ROLLNAME>FISKN_K</ROLLNAME>
     <ADMINFIELD>0</ADMINFIELD>
     <COMPTYPE>E</COMPTYPE>
    </DD03P>
    <DD03P>
     <TABNAME>ZEMM_EXT_MAT_FORNEC_GERAL</TABNAME>
     <FIELDNAME>J_1KFREPRE</FIELDNAME>
     <POSITION>0061</POSITION>
     <ROLLNAME>REPRES</ROLLNAME>
     <ADMINFIELD>0</ADMINFIELD>
     <COMPTYPE>E</COMPTYPE>
    </DD03P>
    <DD03P>
     <TABNAME>ZEMM_EXT_MAT_FORNEC_GERAL</TABNAME>
     <FIELDNAME>J_1KFTBUS</FIELDNAME>
     <POSITION>0062</POSITION>
     <ROLLNAME>GESTYP</ROLLNAME>
     <ADMINFIELD>0</ADMINFIELD>
     <COMPTYPE>E</COMPTYPE>
    </DD03P>
    <DD03P>
     <TABNAME>ZEMM_EXT_MAT_FORNEC_GERAL</TABNAME>
     <FIELDNAME>J_1KFTIND</FIELDNAME>
     <POSITION>0063</POSITION>
     <ROLLNAME>INDTYP</ROLLNAME>
     <ADMINFIELD>0</ADMINFIELD>
     <COMPTYPE>E</COMPTYPE>
    </DD03P>
    <DD03P>
     <TABNAME>ZEMM_EXT_MAT_FORNEC_GERAL</TABNAME>
     <FIELDNAME>FISKU</FIELDNAME>
     <POSITION>0064</POSITION>
     <ROLLNAME>FISKU</ROLLNAME>
     <ADMINFIELD>0</ADMINFIELD>
     <COMPTYPE>E</COMPTYPE>
    </DD03P>
    <DD03P>
     <TABNAME>ZEMM_EXT_MAT_FORNEC_GERAL</TABNAME>
     <FIELDNAME>STENR</FIELDNAME>
     <POSITION>0065</POSITION>
     <ROLLNAME>STENR</ROLLNAME>
     <ADMINFIELD>0</ADMINFIELD>
     <COMPTYPE>E</COMPTYPE>
    </DD03P>
    <DD03P>
     <TABNAME>ZEMM_EXT_MAT_FORNEC_GERAL</TABNAME>
     <FIELDNAME>STCDT</FIELDNAME>
     <POSITION>0066</POSITION>
     <ROLLNAME>J_1ATOID</ROLLNAME>
     <ADMINFIELD>0</ADMINFIELD>
     <COMPTYPE>E</COMPTYPE>
    </DD03P>
    <DD03P>
     <TABNAME>ZEMM_EXT_MAT_FORNEC_GERAL</TABNAME>
     <FIELDNAME>FITYP</FIELDNAME>
     <POSITION>0067</POSITION>
     <ROLLNAME>J_1AFITP_D</ROLLNAME>
     <ADMINFIELD>0</ADMINFIELD>
     <COMPTYPE>E</COMPTYPE>
    </DD03P>
    <DD03P>
     <TABNAME>ZEMM_EXT_MAT_FORNEC_GERAL</TABNAME>
     <FIELDNAME>TAXBS</FIELDNAME>
     <POSITION>0068</POSITION>
     <ROLLNAME>TAXBS</ROLLNAME>
     <ADMINFIELD>0</ADMINFIELD>
     <VALEXI>X</VALEXI>
     <SHLPORIGIN>F</SHLPORIGIN>
     <COMPTYPE>E</COMPTYPE>
    </DD03P>
    <DD03P>
     <TABNAME>ZEMM_EXT_MAT_FORNEC_GERAL</TABNAME>
     <FIELDNAME>ACTSS</FIELDNAME>
     <POSITION>0069</POSITION>
     <ROLLNAME>J_1AACTSS</ROLLNAME>
     <ADMINFIELD>0</ADMINFIELD>
     <COMPTYPE>E</COMPTYPE>
    </DD03P>
    <DD03P>
     <TABNAME>ZEMM_EXT_MAT_FORNEC_GERAL</TABNAME>
     <FIELDNAME>STCEG</FIELDNAME>
     <POSITION>0070</POSITION>
     <ROLLNAME>STCEG</ROLLNAME>
     <ADMINFIELD>0</ADMINFIELD>
     <COMPTYPE>E</COMPTYPE>
    </DD03P>
    <DD03P>
     <TABNAME>ZEMM_EXT_MAT_FORNEC_GERAL</TABNAME>
     <FIELDNAME>STKZA</FIELDNAME>
     <POSITION>0071</POSITION>
     <ROLLNAME>STKZA</ROLLNAME>
     <ADMINFIELD>0</ADMINFIELD>
     <VALEXI>X</VALEXI>
     <SHLPORIGIN>F</SHLPORIGIN>
     <COMPTYPE>E</COMPTYPE>
    </DD03P>
    <DD03P>
     <TABNAME>ZEMM_EXT_MAT_FORNEC_GERAL</TABNAME>
     <FIELDNAME>STKZU</FIELDNAME>
     <POSITION>0072</POSITION>
     <ROLLNAME>STKZU</ROLLNAME>
     <ADMINFIELD>0</ADMINFIELD>
     <VALEXI>X</VALEXI>
     <SHLPORIGIN>F</SHLPORIGIN>
     <COMPTYPE>E</COMPTYPE>
    </DD03P>
    <DD03P>
     <TABNAME>ZEMM_EXT_MAT_FORNEC_GERAL</TABNAME>
     <FIELDNAME>IPISP</FIELDNAME>
     <POSITION>0073</POSITION>
     <ROLLNAME>J_1BINDEQU</ROLLNAME>
     <ADMINFIELD>0</ADMINFIELD>
     <VALEXI>X</VALEXI>
     <SHLPORIGIN>F</SHLPORIGIN>
     <COMPTYPE>E</COMPTYPE>
    </DD03P>
    <DD03P>
     <TABNAME>ZEMM_EXT_MAT_FORNEC_GERAL</TABNAME>
     <FIELDNAME>REGSS</FIELDNAME>
     <POSITION>0074</POSITION>
     <ROLLNAME>J_1AREGSS</ROLLNAME>
     <ADMINFIELD>0</ADMINFIELD>
     <VALEXI>X</VALEXI>
     <SHLPORIGIN>F</SHLPORIGIN>
     <COMPTYPE>E</COMPTYPE>
    </DD03P>
   </DD03P_TABLE>
  </asx:values>
 </asx:abap>
</abapGit>
