﻿<?xml version="1.0" encoding="utf-8"?>
<abapGit version="v1.0.0" serializer="LCL_OBJECT_TABL" serializer_version="v1.0.0">
 <asx:abap xmlns:asx="http://www.sap.com/abapxml" version="1.0">
  <asx:values>
   <DD02V>
    <TABNAME>ZEMM_EXT_SANEAMENTO_ZEQM</TABNAME>
    <DDLANGUAGE>P</DDLANGUAGE>
    <TABCLASS>INTTAB</TABCLASS>
    <DDTEXT>PROGRAMA DE CARGA - EXTRACAO SANEAMENTO DA ZEQM</DDTEXT>
    <EXCLASS>4</EXCLASS>
   </DD02V>
   <DD03P_TABLE>
    <DD03P>
     <TABNAME>ZEMM_EXT_SANEAMENTO_ZEQM</TABNAME>
     <FIELDNAME>MATNR</FIELDNAME>
     <POSITION>0001</POSITION>
     <ROLLNAME>MATNR</ROLLNAME>
     <ADMINFIELD>0</ADMINFIELD>
     <SHLPORIGIN>D</SHLPORIGIN>
     <COMPTYPE>E</COMPTYPE>
    </DD03P>
    <DD03P>
     <TABNAME>ZEMM_EXT_SANEAMENTO_ZEQM</TABNAME>
     <FIELDNAME>MAKTX</FIELDNAME>
     <POSITION>0002</POSITION>
     <ROLLNAME>MAKTX</ROLLNAME>
     <ADMINFIELD>0</ADMINFIELD>
     <COMPTYPE>E</COMPTYPE>
    </DD03P>
    <DD03P>
     <TABNAME>ZEMM_EXT_SANEAMENTO_ZEQM</TABNAME>
     <FIELDNAME>TUC</FIELDNAME>
     <POSITION>0003</POSITION>
     <ROLLNAME>ZCODTUC</ROLLNAME>
     <ADMINFIELD>0</ADMINFIELD>
     <COMPTYPE>E</COMPTYPE>
    </DD03P>
    <DD03P>
     <TABNAME>ZEMM_EXT_SANEAMENTO_ZEQM</TABNAME>
     <FIELDNAME>DESCTUC</FIELDNAME>
     <POSITION>0004</POSITION>
     <ROLLNAME>ZDESCTUC</ROLLNAME>
     <ADMINFIELD>0</ADMINFIELD>
     <COMPTYPE>E</COMPTYPE>
    </DD03P>
    <DD03P>
     <TABNAME>ZEMM_EXT_SANEAMENTO_ZEQM</TABNAME>
     <FIELDNAME>TBEM</FIELDNAME>
     <POSITION>0005</POSITION>
     <ROLLNAME>ZTBEM</ROLLNAME>
     <ADMINFIELD>0</ADMINFIELD>
     <COMPTYPE>E</COMPTYPE>
    </DD03P>
    <DD03P>
     <TABNAME>ZEMM_EXT_SANEAMENTO_ZEQM</TABNAME>
     <FIELDNAME>DESCTBEM</FIELDNAME>
     <POSITION>0006</POSITION>
     <ROLLNAME>ZDESCTBEM</ROLLNAME>
     <ADMINFIELD>0</ADMINFIELD>
     <COMPTYPE>E</COMPTYPE>
    </DD03P>
    <DD03P>
     <TABNAME>ZEMM_EXT_SANEAMENTO_ZEQM</TABNAME>
     <FIELDNAME>UAR_PRINC</FIELDNAME>
     <POSITION>0007</POSITION>
     <ROLLNAME>ZUAR_PRINC</ROLLNAME>
     <ADMINFIELD>0</ADMINFIELD>
     <VALEXI>X</VALEXI>
     <SHLPORIGIN>F</SHLPORIGIN>
     <COMPTYPE>E</COMPTYPE>
    </DD03P>
    <DD03P>
     <TABNAME>ZEMM_EXT_SANEAMENTO_ZEQM</TABNAME>
     <FIELDNAME>CARAC1</FIELDNAME>
     <POSITION>0008</POSITION>
     <ROLLNAME>ZVALCARAC</ROLLNAME>
     <ADMINFIELD>0</ADMINFIELD>
     <COMPTYPE>E</COMPTYPE>
    </DD03P>
    <DD03P>
     <TABNAME>ZEMM_EXT_SANEAMENTO_ZEQM</TABNAME>
     <FIELDNAME>DESCATRIBUTO1</FIELDNAME>
     <POSITION>0009</POSITION>
     <ROLLNAME>ZDESCATRIBUTO</ROLLNAME>
     <ADMINFIELD>0</ADMINFIELD>
     <COMPTYPE>E</COMPTYPE>
    </DD03P>
    <DD03P>
     <TABNAME>ZEMM_EXT_SANEAMENTO_ZEQM</TABNAME>
     <FIELDNAME>CARAC2</FIELDNAME>
     <POSITION>0010</POSITION>
     <ROLLNAME>ZVALCARAC</ROLLNAME>
     <ADMINFIELD>0</ADMINFIELD>
     <COMPTYPE>E</COMPTYPE>
    </DD03P>
    <DD03P>
     <TABNAME>ZEMM_EXT_SANEAMENTO_ZEQM</TABNAME>
     <FIELDNAME>DESCATRIBUTO2</FIELDNAME>
     <POSITION>0011</POSITION>
     <ROLLNAME>ZDESCATRIBUTO</ROLLNAME>
     <ADMINFIELD>0</ADMINFIELD>
     <COMPTYPE>E</COMPTYPE>
    </DD03P>
    <DD03P>
     <TABNAME>ZEMM_EXT_SANEAMENTO_ZEQM</TABNAME>
     <FIELDNAME>CARAC3</FIELDNAME>
     <POSITION>0012</POSITION>
     <ROLLNAME>ZVALCARAC</ROLLNAME>
     <ADMINFIELD>0</ADMINFIELD>
     <COMPTYPE>E</COMPTYPE>
    </DD03P>
    <DD03P>
     <TABNAME>ZEMM_EXT_SANEAMENTO_ZEQM</TABNAME>
     <FIELDNAME>DESCATRIBUTO3</FIELDNAME>
     <POSITION>0013</POSITION>
     <ROLLNAME>ZDESCATRIBUTO</ROLLNAME>
     <ADMINFIELD>0</ADMINFIELD>
     <COMPTYPE>E</COMPTYPE>
    </DD03P>
    <DD03P>
     <TABNAME>ZEMM_EXT_SANEAMENTO_ZEQM</TABNAME>
     <FIELDNAME>CARAC4</FIELDNAME>
     <POSITION>0014</POSITION>
     <ROLLNAME>ZVALCARAC</ROLLNAME>
     <ADMINFIELD>0</ADMINFIELD>
     <COMPTYPE>E</COMPTYPE>
    </DD03P>
    <DD03P>
     <TABNAME>ZEMM_EXT_SANEAMENTO_ZEQM</TABNAME>
     <FIELDNAME>DESCATRIBUTO4</FIELDNAME>
     <POSITION>0015</POSITION>
     <ROLLNAME>ZDESCATRIBUTO</ROLLNAME>
     <ADMINFIELD>0</ADMINFIELD>
     <COMPTYPE>E</COMPTYPE>
    </DD03P>
    <DD03P>
     <TABNAME>ZEMM_EXT_SANEAMENTO_ZEQM</TABNAME>
     <FIELDNAME>CARAC5</FIELDNAME>
     <POSITION>0016</POSITION>
     <ROLLNAME>ZVALCARAC</ROLLNAME>
     <ADMINFIELD>0</ADMINFIELD>
     <COMPTYPE>E</COMPTYPE>
    </DD03P>
    <DD03P>
     <TABNAME>ZEMM_EXT_SANEAMENTO_ZEQM</TABNAME>
     <FIELDNAME>DESCATRIBUTO5</FIELDNAME>
     <POSITION>0017</POSITION>
     <ROLLNAME>ZDESCATRIBUTO</ROLLNAME>
     <ADMINFIELD>0</ADMINFIELD>
     <COMPTYPE>E</COMPTYPE>
    </DD03P>
    <DD03P>
     <TABNAME>ZEMM_EXT_SANEAMENTO_ZEQM</TABNAME>
     <FIELDNAME>DESCANEEL</FIELDNAME>
     <POSITION>0018</POSITION>
     <ROLLNAME>ZDESCANEELLONG</ROLLNAME>
     <ADMINFIELD>0</ADMINFIELD>
     <COMPTYPE>E</COMPTYPE>
    </DD03P>
    <DD03P>
     <TABNAME>ZEMM_EXT_SANEAMENTO_ZEQM</TABNAME>
     <FIELDNAME>ZANEEL</FIELDNAME>
     <POSITION>0019</POSITION>
     <ROLLNAME>ZCOD_ANEEL</ROLLNAME>
     <ADMINFIELD>0</ADMINFIELD>
     <COMPTYPE>E</COMPTYPE>
    </DD03P>
    <DD03P>
     <TABNAME>ZEMM_EXT_SANEAMENTO_ZEQM</TABNAME>
     <FIELDNAME>CODUAR</FIELDNAME>
     <POSITION>0020</POSITION>
     <ROLLNAME>ZCOD_UAR</ROLLNAME>
     <ADMINFIELD>0</ADMINFIELD>
     <COMPTYPE>E</COMPTYPE>
    </DD03P>
    <DD03P>
     <TABNAME>ZEMM_EXT_SANEAMENTO_ZEQM</TABNAME>
     <FIELDNAME>CADASTRO</FIELDNAME>
     <POSITION>0021</POSITION>
     <ROLLNAME>ZFORMACD</ROLLNAME>
     <ADMINFIELD>0</ADMINFIELD>
     <COMPTYPE>E</COMPTYPE>
    </DD03P>
    <DD03P>
     <TABNAME>ZEMM_EXT_SANEAMENTO_ZEQM</TABNAME>
     <FIELDNAME>DESCFCAD</FIELDNAME>
     <POSITION>0022</POSITION>
     <ROLLNAME>ZDESCFCAD</ROLLNAME>
     <ADMINFIELD>0</ADMINFIELD>
     <COMPTYPE>E</COMPTYPE>
    </DD03P>
   </DD03P_TABLE>
  </asx:values>
 </asx:abap>
</abapGit>
