﻿<?xml version="1.0" encoding="utf-8"?>
<abapGit version="v1.0.0" serializer="LCL_OBJECT_TABL" serializer_version="v1.0.0">
 <asx:abap xmlns:asx="http://www.sap.com/abapxml" version="1.0">
  <asx:values>
   <DD02V>
    <TABNAME>ZEMM_EXT_MAT_ARMAZEM</TABNAME>
    <DDLANGUAGE>P</DDLANGUAGE>
    <TABCLASS>INTTAB</TABCLASS>
    <DDTEXT>PROGRAMA DE EXTRACAO - MESTRE DE MATERIAIS - ARMAZENAGEM</DDTEXT>
    <EXCLASS>4</EXCLASS>
   </DD02V>
   <DD03P_TABLE>
    <DD03P>
     <TABNAME>ZEMM_EXT_MAT_ARMAZEM</TABNAME>
     <FIELDNAME>MATNR</FIELDNAME>
     <POSITION>0001</POSITION>
     <ROLLNAME>MATNR</ROLLNAME>
     <ADMINFIELD>0</ADMINFIELD>
     <SHLPORIGIN>D</SHLPORIGIN>
     <COMPTYPE>E</COMPTYPE>
    </DD03P>
    <DD03P>
     <TABNAME>ZEMM_EXT_MAT_ARMAZEM</TABNAME>
     <FIELDNAME>WERKS</FIELDNAME>
     <POSITION>0002</POSITION>
     <ROLLNAME>WERKS_D</ROLLNAME>
     <ADMINFIELD>0</ADMINFIELD>
     <SHLPORIGIN>D</SHLPORIGIN>
     <COMPTYPE>E</COMPTYPE>
    </DD03P>
    <DD03P>
     <TABNAME>ZEMM_EXT_MAT_ARMAZEM</TABNAME>
     <FIELDNAME>MAKTX</FIELDNAME>
     <POSITION>0003</POSITION>
     <ROLLNAME>MAKTX</ROLLNAME>
     <ADMINFIELD>0</ADMINFIELD>
     <COMPTYPE>E</COMPTYPE>
    </DD03P>
    <DD03P>
     <TABNAME>ZEMM_EXT_MAT_ARMAZEM</TABNAME>
     <FIELDNAME>BWTTY</FIELDNAME>
     <POSITION>0004</POSITION>
     <ROLLNAME>BWTTY_D</ROLLNAME>
     <ADMINFIELD>0</ADMINFIELD>
     <COMPTYPE>E</COMPTYPE>
    </DD03P>
    <DD03P>
     <TABNAME>ZEMM_EXT_MAT_ARMAZEM</TABNAME>
     <FIELDNAME>KZKRI</FIELDNAME>
     <POSITION>0005</POSITION>
     <ROLLNAME>KZKRI</ROLLNAME>
     <ADMINFIELD>0</ADMINFIELD>
     <VALEXI>X</VALEXI>
     <SHLPORIGIN>F</SHLPORIGIN>
     <COMPTYPE>E</COMPTYPE>
    </DD03P>
    <DD03P>
     <TABNAME>ZEMM_EXT_MAT_ARMAZEM</TABNAME>
     <FIELDNAME>EISBE</FIELDNAME>
     <POSITION>0006</POSITION>
     <ROLLNAME>EISBE</ROLLNAME>
     <ADMINFIELD>0</ADMINFIELD>
     <REFTABLE>MARA</REFTABLE>
     <REFFIELD>MEINS</REFFIELD>
     <COMPTYPE>E</COMPTYPE>
    </DD03P>
    <DD03P>
     <TABNAME>ZEMM_EXT_MAT_ARMAZEM</TABNAME>
     <FIELDNAME>MABST</FIELDNAME>
     <POSITION>0007</POSITION>
     <ROLLNAME>MABST</ROLLNAME>
     <ADMINFIELD>0</ADMINFIELD>
     <REFTABLE>MARA</REFTABLE>
     <REFFIELD>MEINS</REFFIELD>
     <COMPTYPE>E</COMPTYPE>
    </DD03P>
    <DD03P>
     <TABNAME>ZEMM_EXT_MAT_ARMAZEM</TABNAME>
     <FIELDNAME>ATPKZ</FIELDNAME>
     <POSITION>0008</POSITION>
     <ROLLNAME>ATPKZ</ROLLNAME>
     <ADMINFIELD>0</ADMINFIELD>
     <VALEXI>X</VALEXI>
     <SHLPORIGIN>F</SHLPORIGIN>
     <COMPTYPE>E</COMPTYPE>
    </DD03P>
    <DD03P>
     <TABNAME>ZEMM_EXT_MAT_ARMAZEM</TABNAME>
     <FIELDNAME>SERNP</FIELDNAME>
     <POSITION>0009</POSITION>
     <ROLLNAME>SERAIL</ROLLNAME>
     <ADMINFIELD>0</ADMINFIELD>
     <COMPTYPE>E</COMPTYPE>
    </DD03P>
    <DD03P>
     <TABNAME>ZEMM_EXT_MAT_ARMAZEM</TABNAME>
     <FIELDNAME>STEUC</FIELDNAME>
     <POSITION>0010</POSITION>
     <ROLLNAME>STEUC</ROLLNAME>
     <ADMINFIELD>0</ADMINFIELD>
     <COMPTYPE>E</COMPTYPE>
    </DD03P>
    <DD03P>
     <TABNAME>ZEMM_EXT_MAT_ARMAZEM</TABNAME>
     <FIELDNAME>EISLO</FIELDNAME>
     <POSITION>0011</POSITION>
     <ROLLNAME>EISLO</ROLLNAME>
     <ADMINFIELD>0</ADMINFIELD>
     <REFTABLE>MARA</REFTABLE>
     <REFFIELD>MEINS</REFFIELD>
     <COMPTYPE>E</COMPTYPE>
    </DD03P>
   </DD03P_TABLE>
  </asx:values>
 </asx:abap>
</abapGit>
