﻿<?xml version="1.0" encoding="utf-8"?>
<abapGit version="v1.0.0" serializer="LCL_OBJECT_DTEL" serializer_version="v1.0.0">
 <asx:abap xmlns:asx="http://www.sap.com/abapxml" version="1.0">
  <asx:values>
   <DD04V>
    <ROLLNAME>ZEPM_EXEC_TAESA</ROLLNAME>
    <DDLANGUAGE>P</DDLANGUAGE>
    <DOMNAME>CHAR100</DOMNAME>
    <HEADLEN>14</HEADLEN>
    <SCRLEN1>10</SCRLEN1>
    <SCRLEN2>13</SCRLEN2>
    <SCRLEN3>14</SCRLEN3>
    <DDTEXT>Elemento de dados para o campo Executor Taesa - PM</DDTEXT>
    <REPTEXT>Executor Taesa</REPTEXT>
    <SCRTEXT_S>Exec.Taesa</SCRTEXT_S>
    <SCRTEXT_M>Execut. Taesa</SCRTEXT_M>
    <SCRTEXT_L>Executor Taesa</SCRTEXT_L>
    <DTELMASTER>P</DTELMASTER>
    <REFKIND>D</REFKIND>
   </DD04V>
  </asx:values>
 </asx:abap>
</abapGit>
