﻿<?xml version="1.0" encoding="utf-8"?>
<abapGit version="v1.0.0" serializer="LCL_OBJECT_DTEL" serializer_version="v1.0.0">
 <asx:abap xmlns:asx="http://www.sap.com/abapxml" version="1.0">
  <asx:values>
   <DD04V>
    <ROLLNAME>ZEPM_USUARIO</ROLLNAME>
    <DDLANGUAGE>P</DDLANGUAGE>
    <DOMNAME>USRCHAR20</DOMNAME>
    <HEADLEN>07</HEADLEN>
    <SCRLEN1>07</SCRLEN1>
    <SCRLEN2>07</SCRLEN2>
    <SCRLEN3>07</SCRLEN3>
    <DDTEXT>Elemento de dados para campos usuários</DDTEXT>
    <REPTEXT>Usuário</REPTEXT>
    <SCRTEXT_S>Usuário</SCRTEXT_S>
    <SCRTEXT_M>Usuário</SCRTEXT_M>
    <SCRTEXT_L>Usuário</SCRTEXT_L>
    <DTELMASTER>P</DTELMASTER>
    <REFKIND>D</REFKIND>
   </DD04V>
  </asx:values>
 </asx:abap>
</abapGit>
