﻿<?xml version="1.0" encoding="utf-8"?>
<abapGit version="v1.0.0" serializer="LCL_OBJECT_VIEW" serializer_version="v1.0.0">
 <asx:abap xmlns:asx="http://www.sap.com/abapxml" version="1.0">
  <asx:values>
   <DD25V>
    <VIEWNAME>ZEPM_VIMHIO</VIEWNAME>
    <AS4LOCAL>A</AS4LOCAL>
    <DDLANGUAGE>P</DDLANGUAGE>
    <AGGTYPE>V</AGGTYPE>
    <ROOTTAB>MPOS</ROOTTAB>
    <DDTEXT>Itens de manutenção - registros de programação</DDTEXT>
    <VIEWCLASS>D</VIEWCLASS>
    <VIEWGRANT>R</VIEWGRANT>
   </DD25V>
   <DD26V_TABLE>
    <DD26V>
     <VIEWNAME>ZEPM_VIMHIO</VIEWNAME>
     <TABNAME>MPOS</TABNAME>
     <TABPOS>0001</TABPOS>
     <FORTABNAME>MPOS</FORTABNAME>
    </DD26V>
    <DD26V>
     <VIEWNAME>ZEPM_VIMHIO</VIEWNAME>
     <TABNAME>ILOA</TABNAME>
     <TABPOS>0002</TABPOS>
    </DD26V>
    <DD26V>
     <VIEWNAME>ZEPM_VIMHIO</VIEWNAME>
     <TABNAME>MHIO</TABNAME>
     <TABPOS>0003</TABPOS>
    </DD26V>
    <DD26V>
     <VIEWNAME>ZEPM_VIMHIO</VIEWNAME>
     <TABNAME>MPLA</TABNAME>
     <TABPOS>0004</TABPOS>
    </DD26V>
    <DD26V>
     <VIEWNAME>ZEPM_VIMHIO</VIEWNAME>
     <TABNAME>MMPT</TABNAME>
     <TABPOS>0005</TABPOS>
    </DD26V>
   </DD26V_TABLE>
   <DD27P_TABLE>
    <DD27P>
     <VIEWNAME>ZEPM_VIMHIO</VIEWNAME>
     <OBJPOS>0001</OBJPOS>
     <DDLANGUAGE>P</DDLANGUAGE>
     <VIEWFIELD>MANDT</VIEWFIELD>
     <TABNAME>MPOS</TABNAME>
     <FIELDNAME>MANDT</FIELDNAME>
     <KEYFLAG>X</KEYFLAG>
     <ROLLNAME>MANDT</ROLLNAME>
     <ROLLNAMEVI>MANDT</ROLLNAMEVI>
     <CHECKTABLE>T000</CHECKTABLE>
     <SHLPORIGIN>P</SHLPORIGIN>
    </DD27P>
    <DD27P>
     <VIEWNAME>ZEPM_VIMHIO</VIEWNAME>
     <OBJPOS>0002</OBJPOS>
     <DDLANGUAGE>P</DDLANGUAGE>
     <VIEWFIELD>WAPOS</VIEWFIELD>
     <TABNAME>MPOS</TABNAME>
     <FIELDNAME>WAPOS</FIELDNAME>
     <KEYFLAG>X</KEYFLAG>
     <ROLLNAME>WAPOS</ROLLNAME>
     <ROLLNAMEVI>WAPOS</ROLLNAMEVI>
     <SHLPORIGIN>D</SHLPORIGIN>
     <SHLPNAME>MPOSL</SHLPNAME>
     <SHLPFIELD>WAPOS</SHLPFIELD>
    </DD27P>
    <DD27P>
     <VIEWNAME>ZEPM_VIMHIO</VIEWNAME>
     <OBJPOS>0003</OBJPOS>
     <DDLANGUAGE>P</DDLANGUAGE>
     <VIEWFIELD>WARPL</VIEWFIELD>
     <TABNAME>MHIO</TABNAME>
     <FIELDNAME>WARPL</FIELDNAME>
     <KEYFLAG>X</KEYFLAG>
     <ROLLNAME>WARPL</ROLLNAME>
     <ROLLNAMEVI>WARPL</ROLLNAMEVI>
     <CHECKTABLE>MPLA</CHECKTABLE>
     <SHLPORIGIN>P</SHLPORIGIN>
     <SHLPNAME>MPLAL</SHLPNAME>
     <SHLPFIELD>WARPL</SHLPFIELD>
     <LOGFLAG>X</LOGFLAG>
    </DD27P>
    <DD27P>
     <VIEWNAME>ZEPM_VIMHIO</VIEWNAME>
     <OBJPOS>0004</OBJPOS>
     <DDLANGUAGE>P</DDLANGUAGE>
     <VIEWFIELD>WSTRA</VIEWFIELD>
     <TABNAME>MPOS</TABNAME>
     <FIELDNAME>WSTRA</FIELDNAME>
     <KEYFLAG>X</KEYFLAG>
     <ROLLNAME>STRAT</ROLLNAME>
     <ROLLNAMEVI>STRAT</ROLLNAMEVI>
     <CHECKTABLE>T351</CHECKTABLE>
     <SHLPORIGIN>P</SHLPORIGIN>
     <SHLPNAME>STRAA</SHLPNAME>
     <SHLPFIELD>STRAT</SHLPFIELD>
     <LOGFLAG>X</LOGFLAG>
    </DD27P>
    <DD27P>
     <VIEWNAME>ZEPM_VIMHIO</VIEWNAME>
     <OBJPOS>0005</OBJPOS>
     <DDLANGUAGE>P</DDLANGUAGE>
     <VIEWFIELD>PSTXT</VIEWFIELD>
     <TABNAME>MPOS</TABNAME>
     <FIELDNAME>PSTXT</FIELDNAME>
     <KEYFLAG>X</KEYFLAG>
     <ROLLNAME>POSTXT</ROLLNAME>
     <ROLLNAMEVI>POSTXT</ROLLNAMEVI>
     <LOGFLAG>X</LOGFLAG>
    </DD27P>
    <DD27P>
     <VIEWNAME>ZEPM_VIMHIO</VIEWNAME>
     <OBJPOS>0006</OBJPOS>
     <DDLANGUAGE>P</DDLANGUAGE>
     <VIEWFIELD>EQUNR</VIEWFIELD>
     <TABNAME>MPOS</TABNAME>
     <FIELDNAME>EQUNR</FIELDNAME>
     <KEYFLAG>X</KEYFLAG>
     <ROLLNAME>EQUNR</ROLLNAME>
     <ROLLNAMEVI>EQUNR</ROLLNAMEVI>
     <CHECKTABLE>EQUI</CHECKTABLE>
     <SHLPORIGIN>P</SHLPORIGIN>
     <SHLPNAME>EQUI</SHLPNAME>
     <SHLPFIELD>EQUNR</SHLPFIELD>
     <LOGFLAG>X</LOGFLAG>
    </DD27P>
    <DD27P>
     <VIEWNAME>ZEPM_VIMHIO</VIEWNAME>
     <OBJPOS>0007</OBJPOS>
     <DDLANGUAGE>P</DDLANGUAGE>
     <VIEWFIELD>OBKNR</VIEWFIELD>
     <TABNAME>MPOS</TABNAME>
     <FIELDNAME>OBKNR</FIELDNAME>
     <KEYFLAG>X</KEYFLAG>
     <ROLLNAME>OBJKNR</ROLLNAME>
     <ROLLNAMEVI>OBJKNR</ROLLNAMEVI>
    </DD27P>
    <DD27P>
     <VIEWNAME>ZEPM_VIMHIO</VIEWNAME>
     <OBJPOS>0008</OBJPOS>
     <DDLANGUAGE>P</DDLANGUAGE>
     <VIEWFIELD>ERNAM</VIEWFIELD>
     <TABNAME>MPOS</TABNAME>
     <FIELDNAME>ERNAM</FIELDNAME>
     <KEYFLAG>X</KEYFLAG>
     <ROLLNAME>ERNAM</ROLLNAME>
     <ROLLNAMEVI>ERNAM</ROLLNAMEVI>
    </DD27P>
    <DD27P>
     <VIEWNAME>ZEPM_VIMHIO</VIEWNAME>
     <OBJPOS>0009</OBJPOS>
     <DDLANGUAGE>P</DDLANGUAGE>
     <VIEWFIELD>ERSDT</VIEWFIELD>
     <TABNAME>MPOS</TABNAME>
     <FIELDNAME>ERSDT</FIELDNAME>
     <KEYFLAG>X</KEYFLAG>
     <ROLLNAME>EDATUM</ROLLNAME>
     <ROLLNAMEVI>EDATUM</ROLLNAMEVI>
     <SHLPORIGIN>T</SHLPORIGIN>
    </DD27P>
    <DD27P>
     <VIEWNAME>ZEPM_VIMHIO</VIEWNAME>
     <OBJPOS>0010</OBJPOS>
     <DDLANGUAGE>P</DDLANGUAGE>
     <VIEWFIELD>AEDAT</VIEWFIELD>
     <TABNAME>MPOS</TABNAME>
     <FIELDNAME>AEDAT</FIELDNAME>
     <KEYFLAG>X</KEYFLAG>
     <ROLLNAME>AEDAT</ROLLNAME>
     <ROLLNAMEVI>AEDAT</ROLLNAMEVI>
     <SHLPORIGIN>T</SHLPORIGIN>
    </DD27P>
    <DD27P>
     <VIEWNAME>ZEPM_VIMHIO</VIEWNAME>
     <OBJPOS>0011</OBJPOS>
     <DDLANGUAGE>P</DDLANGUAGE>
     <VIEWFIELD>AENAM</VIEWFIELD>
     <TABNAME>MPOS</TABNAME>
     <FIELDNAME>AENAM</FIELDNAME>
     <KEYFLAG>X</KEYFLAG>
     <ROLLNAME>AENAM</ROLLNAME>
     <ROLLNAMEVI>AENAM</ROLLNAMEVI>
    </DD27P>
    <DD27P>
     <VIEWNAME>ZEPM_VIMHIO</VIEWNAME>
     <OBJPOS>0012</OBJPOS>
     <DDLANGUAGE>P</DDLANGUAGE>
     <VIEWFIELD>PLNTY</VIEWFIELD>
     <TABNAME>MPOS</TABNAME>
     <FIELDNAME>PLNTY</FIELDNAME>
     <KEYFLAG>X</KEYFLAG>
     <ROLLNAME>PLNTY</ROLLNAME>
     <ROLLNAMEVI>PLNTY</ROLLNAMEVI>
     <CHECKTABLE>TCA01</CHECKTABLE>
     <SHLPORIGIN>P</SHLPORIGIN>
     <SHLPNAME>H_TCA01</SHLPNAME>
     <SHLPFIELD>PLNTY</SHLPFIELD>
     <LOGFLAG>X</LOGFLAG>
    </DD27P>
    <DD27P>
     <VIEWNAME>ZEPM_VIMHIO</VIEWNAME>
     <OBJPOS>0013</OBJPOS>
     <DDLANGUAGE>P</DDLANGUAGE>
     <VIEWFIELD>PLNNR</VIEWFIELD>
     <TABNAME>MPOS</TABNAME>
     <FIELDNAME>PLNNR</FIELDNAME>
     <KEYFLAG>X</KEYFLAG>
     <ROLLNAME>PLNNR</ROLLNAME>
     <ROLLNAMEVI>PLNNR</ROLLNAMEVI>
     <SHLPORIGIN>D</SHLPORIGIN>
     <SHLPNAME>PLKS</SHLPNAME>
     <SHLPFIELD>PLNNR</SHLPFIELD>
     <LOGFLAG>X</LOGFLAG>
    </DD27P>
    <DD27P>
     <VIEWNAME>ZEPM_VIMHIO</VIEWNAME>
     <OBJPOS>0014</OBJPOS>
     <DDLANGUAGE>P</DDLANGUAGE>
     <VIEWFIELD>PLNAL</VIEWFIELD>
     <TABNAME>MPOS</TABNAME>
     <FIELDNAME>PLNAL</FIELDNAME>
     <KEYFLAG>X</KEYFLAG>
     <ROLLNAME>PLNAL</ROLLNAME>
     <ROLLNAMEVI>PLNAL</ROLLNAMEVI>
     <LOGFLAG>X</LOGFLAG>
    </DD27P>
    <DD27P>
     <VIEWNAME>ZEPM_VIMHIO</VIEWNAME>
     <OBJPOS>0015</OBJPOS>
     <DDLANGUAGE>P</DDLANGUAGE>
     <VIEWFIELD>STATUS</VIEWFIELD>
     <TABNAME>MPOS</TABNAME>
     <FIELDNAME>STATUS</FIELDNAME>
     <KEYFLAG>X</KEYFLAG>
     <ROLLNAME>MPSTAT</ROLLNAME>
     <ROLLNAMEVI>MPSTAT</ROLLNAMEVI>
     <SHLPORIGIN>F</SHLPORIGIN>
     <VALEXI>X</VALEXI>
    </DD27P>
    <DD27P>
     <VIEWNAME>ZEPM_VIMHIO</VIEWNAME>
     <OBJPOS>0016</OBJPOS>
     <DDLANGUAGE>P</DDLANGUAGE>
     <VIEWFIELD>LTKNZ</VIEWFIELD>
     <TABNAME>MPOS</TABNAME>
     <FIELDNAME>LTKNZ</FIELDNAME>
     <KEYFLAG>X</KEYFLAG>
     <ROLLNAME>MPLTX</ROLLNAME>
     <ROLLNAMEVI>MPLTX</ROLLNAMEVI>
     <SHLPORIGIN>F</SHLPORIGIN>
     <VALEXI>X</VALEXI>
    </DD27P>
    <DD27P>
     <VIEWNAME>ZEPM_VIMHIO</VIEWNAME>
     <OBJPOS>0017</OBJPOS>
     <DDLANGUAGE>P</DDLANGUAGE>
     <VIEWFIELD>WPGRP</VIEWFIELD>
     <TABNAME>MPOS</TABNAME>
     <FIELDNAME>WPGRP</FIELDNAME>
     <KEYFLAG>X</KEYFLAG>
     <ROLLNAME>INGRP</ROLLNAME>
     <ROLLNAMEVI>INGRP</ROLLNAMEVI>
     <CHECKTABLE>T024I</CHECKTABLE>
     <SHLPORIGIN>P</SHLPORIGIN>
     <LOGFLAG>X</LOGFLAG>
    </DD27P>
    <DD27P>
     <VIEWNAME>ZEPM_VIMHIO</VIEWNAME>
     <OBJPOS>0018</OBJPOS>
     <DDLANGUAGE>P</DDLANGUAGE>
     <VIEWFIELD>OBJTY</VIEWFIELD>
     <TABNAME>MPOS</TABNAME>
     <FIELDNAME>OBJTY</FIELDNAME>
     <KEYFLAG>X</KEYFLAG>
     <ROLLNAME>CR_OBJTY</ROLLNAME>
     <ROLLNAMEVI>CR_OBJTY</ROLLNAMEVI>
     <SHLPORIGIN>F</SHLPORIGIN>
     <VALEXI>X</VALEXI>
    </DD27P>
    <DD27P>
     <VIEWNAME>ZEPM_VIMHIO</VIEWNAME>
     <OBJPOS>0019</OBJPOS>
     <DDLANGUAGE>P</DDLANGUAGE>
     <VIEWFIELD>GEWRK</VIEWFIELD>
     <TABNAME>MPOS</TABNAME>
     <FIELDNAME>GEWRK</FIELDNAME>
     <KEYFLAG>X</KEYFLAG>
     <ROLLNAME>LGWID</ROLLNAME>
     <ROLLNAMEVI>LGWID</ROLLNAMEVI>
     <CHECKTABLE>CRID</CHECKTABLE>
     <SHLPORIGIN>P</SHLPORIGIN>
     <LOGFLAG>X</LOGFLAG>
    </DD27P>
    <DD27P>
     <VIEWNAME>ZEPM_VIMHIO</VIEWNAME>
     <OBJPOS>0020</OBJPOS>
     <DDLANGUAGE>P</DDLANGUAGE>
     <VIEWFIELD>IWERK</VIEWFIELD>
     <TABNAME>MPOS</TABNAME>
     <FIELDNAME>IWERK</FIELDNAME>
     <KEYFLAG>X</KEYFLAG>
     <ROLLNAME>IWERK</ROLLNAME>
     <ROLLNAMEVI>IWERK</ROLLNAMEVI>
     <CHECKTABLE>T399I</CHECKTABLE>
     <SHLPORIGIN>P</SHLPORIGIN>
     <LOGFLAG>X</LOGFLAG>
    </DD27P>
    <DD27P>
     <VIEWNAME>ZEPM_VIMHIO</VIEWNAME>
     <OBJPOS>0021</OBJPOS>
     <DDLANGUAGE>P</DDLANGUAGE>
     <VIEWFIELD>ILOAN</VIEWFIELD>
     <TABNAME>MPOS</TABNAME>
     <FIELDNAME>ILOAN</FIELDNAME>
     <KEYFLAG>X</KEYFLAG>
     <ROLLNAME>ILOAN</ROLLNAME>
     <ROLLNAMEVI>ILOAN</ROLLNAMEVI>
     <CHECKTABLE>ILOA</CHECKTABLE>
     <SHLPORIGIN>P</SHLPORIGIN>
     <LOGFLAG>X</LOGFLAG>
    </DD27P>
    <DD27P>
     <VIEWNAME>ZEPM_VIMHIO</VIEWNAME>
     <OBJPOS>0022</OBJPOS>
     <DDLANGUAGE>P</DDLANGUAGE>
     <VIEWFIELD>LAUFN</VIEWFIELD>
     <TABNAME>MPOS</TABNAME>
     <FIELDNAME>LAUFN</FIELDNAME>
     <KEYFLAG>X</KEYFLAG>
     <ROLLNAME>LAUFN</ROLLNAME>
     <ROLLNAMEVI>LAUFN</ROLLNAMEVI>
     <CHECKTABLE>AUFK</CHECKTABLE>
     <SHLPORIGIN>P</SHLPORIGIN>
     <LOGFLAG>X</LOGFLAG>
    </DD27P>
    <DD27P>
     <VIEWNAME>ZEPM_VIMHIO</VIEWNAME>
     <OBJPOS>0023</OBJPOS>
     <DDLANGUAGE>P</DDLANGUAGE>
     <VIEWFIELD>BAUTL</VIEWFIELD>
     <TABNAME>MPOS</TABNAME>
     <FIELDNAME>BAUTL</FIELDNAME>
     <KEYFLAG>X</KEYFLAG>
     <ROLLNAME>BAUTL</ROLLNAME>
     <ROLLNAMEVI>BAUTL</ROLLNAMEVI>
     <CHECKTABLE>MARA</CHECKTABLE>
     <SHLPORIGIN>P</SHLPORIGIN>
     <LOGFLAG>X</LOGFLAG>
    </DD27P>
    <DD27P>
     <VIEWNAME>ZEPM_VIMHIO</VIEWNAME>
     <OBJPOS>0024</OBJPOS>
     <DDLANGUAGE>P</DDLANGUAGE>
     <VIEWFIELD>ANLZU</VIEWFIELD>
     <TABNAME>MPOS</TABNAME>
     <FIELDNAME>ANLZU</FIELDNAME>
     <KEYFLAG>X</KEYFLAG>
     <ROLLNAME>ANLZU</ROLLNAME>
     <ROLLNAMEVI>ANLZU</ROLLNAMEVI>
     <LOGFLAG>X</LOGFLAG>
    </DD27P>
    <DD27P>
     <VIEWNAME>ZEPM_VIMHIO</VIEWNAME>
     <OBJPOS>0025</OBJPOS>
     <DDLANGUAGE>P</DDLANGUAGE>
     <VIEWFIELD>AUART</VIEWFIELD>
     <TABNAME>MPOS</TABNAME>
     <FIELDNAME>AUART</FIELDNAME>
     <KEYFLAG>X</KEYFLAG>
     <ROLLNAME>AUFART</ROLLNAME>
     <ROLLNAMEVI>AUFART</ROLLNAMEVI>
     <CHECKTABLE>T003O</CHECKTABLE>
     <SHLPORIGIN>P</SHLPORIGIN>
     <LOGFLAG>X</LOGFLAG>
    </DD27P>
    <DD27P>
     <VIEWNAME>ZEPM_VIMHIO</VIEWNAME>
     <OBJPOS>0026</OBJPOS>
     <DDLANGUAGE>P</DDLANGUAGE>
     <VIEWFIELD>ILART</VIEWFIELD>
     <TABNAME>MPOS</TABNAME>
     <FIELDNAME>ILART</FIELDNAME>
     <KEYFLAG>X</KEYFLAG>
     <ROLLNAME>ILA</ROLLNAME>
     <ROLLNAMEVI>ILA</ROLLNAMEVI>
     <CHECKTABLE>T353I</CHECKTABLE>
     <SHLPORIGIN>P</SHLPORIGIN>
     <SHLPNAME>H_T350I</SHLPNAME>
     <SHLPFIELD>ILART</SHLPFIELD>
     <LOGFLAG>X</LOGFLAG>
    </DD27P>
    <DD27P>
     <VIEWNAME>ZEPM_VIMHIO</VIEWNAME>
     <OBJPOS>0027</OBJPOS>
     <DDLANGUAGE>P</DDLANGUAGE>
     <VIEWFIELD>IND_ABRVO</VIEWFIELD>
     <TABNAME>MPOS</TABNAME>
     <FIELDNAME>IND_ABRVO</FIELDNAME>
     <KEYFLAG>X</KEYFLAG>
     <ROLLNAME>IND_ABRVO</ROLLNAME>
     <ROLLNAMEVI>IND_ABRVO</ROLLNAMEVI>
     <LOGFLAG>X</LOGFLAG>
    </DD27P>
    <DD27P>
     <VIEWNAME>ZEPM_VIMHIO</VIEWNAME>
     <OBJPOS>0028</OBJPOS>
     <DDLANGUAGE>P</DDLANGUAGE>
     <VIEWFIELD>PSPEL</VIEWFIELD>
     <TABNAME>MPOS</TABNAME>
     <FIELDNAME>PSPEL</FIELDNAME>
     <KEYFLAG>X</KEYFLAG>
     <ROLLNAME>PS_PSP_PNR</ROLLNAME>
     <ROLLNAMEVI>PS_PSP_PNR</ROLLNAMEVI>
     <LOGFLAG>X</LOGFLAG>
    </DD27P>
    <DD27P>
     <VIEWNAME>ZEPM_VIMHIO</VIEWNAME>
     <OBJPOS>0029</OBJPOS>
     <DDLANGUAGE>P</DDLANGUAGE>
     <VIEWFIELD>KDAUF</VIEWFIELD>
     <TABNAME>MPOS</TABNAME>
     <FIELDNAME>KDAUF</FIELDNAME>
     <KEYFLAG>X</KEYFLAG>
     <ROLLNAME>VBELN_VA</ROLLNAME>
     <ROLLNAMEVI>VBELN_VA</ROLLNAMEVI>
    </DD27P>
    <DD27P>
     <VIEWNAME>ZEPM_VIMHIO</VIEWNAME>
     <OBJPOS>0030</OBJPOS>
     <DDLANGUAGE>P</DDLANGUAGE>
     <VIEWFIELD>KDPOS</VIEWFIELD>
     <TABNAME>MPOS</TABNAME>
     <FIELDNAME>KDPOS</FIELDNAME>
     <KEYFLAG>X</KEYFLAG>
     <ROLLNAME>POSNR_VA</ROLLNAME>
     <ROLLNAMEVI>POSNR_VA</ROLLNAMEVI>
    </DD27P>
    <DD27P>
     <VIEWNAME>ZEPM_VIMHIO</VIEWNAME>
     <OBJPOS>0031</OBJPOS>
     <DDLANGUAGE>P</DDLANGUAGE>
     <VIEWFIELD>MITYP</VIEWFIELD>
     <TABNAME>MPOS</TABNAME>
     <FIELDNAME>MITYP</FIELDNAME>
     <KEYFLAG>X</KEYFLAG>
     <ROLLNAME>MITYP</ROLLNAME>
     <ROLLNAMEVI>MITYP</ROLLNAMEVI>
     <CHECKTABLE>T399P</CHECKTABLE>
     <SHLPORIGIN>P</SHLPORIGIN>
     <LOGFLAG>X</LOGFLAG>
    </DD27P>
    <DD27P>
     <VIEWNAME>ZEPM_VIMHIO</VIEWNAME>
     <OBJPOS>0032</OBJPOS>
     <DDLANGUAGE>P</DDLANGUAGE>
     <VIEWFIELD>BSTNR</VIEWFIELD>
     <TABNAME>MPOS</TABNAME>
     <FIELDNAME>BSTNR</FIELDNAME>
     <KEYFLAG>X</KEYFLAG>
     <ROLLNAME>BSTNR</ROLLNAME>
     <ROLLNAMEVI>BSTNR</ROLLNAMEVI>
     <LOGFLAG>X</LOGFLAG>
    </DD27P>
    <DD27P>
     <VIEWNAME>ZEPM_VIMHIO</VIEWNAME>
     <OBJPOS>0033</OBJPOS>
     <DDLANGUAGE>P</DDLANGUAGE>
     <VIEWFIELD>BSTPO</VIEWFIELD>
     <TABNAME>MPOS</TABNAME>
     <FIELDNAME>BSTPO</FIELDNAME>
     <KEYFLAG>X</KEYFLAG>
     <ROLLNAME>BSTPO</ROLLNAME>
     <ROLLNAMEVI>BSTPO</ROLLNAMEVI>
     <LOGFLAG>X</LOGFLAG>
    </DD27P>
    <DD27P>
     <VIEWNAME>ZEPM_VIMHIO</VIEWNAME>
     <OBJPOS>0034</OBJPOS>
     <DDLANGUAGE>P</DDLANGUAGE>
     <VIEWFIELD>APFKT</VIEWFIELD>
     <TABNAME>MPOS</TABNAME>
     <FIELDNAME>APFKT</FIELDNAME>
     <KEYFLAG>X</KEYFLAG>
     <ROLLNAME>APFKT</ROLLNAME>
     <ROLLNAMEVI>APFKT</ROLLNAMEVI>
     <LOGFLAG>X</LOGFLAG>
    </DD27P>
    <DD27P>
     <VIEWNAME>ZEPM_VIMHIO</VIEWNAME>
     <OBJPOS>0035</OBJPOS>
     <DDLANGUAGE>P</DDLANGUAGE>
     <VIEWFIELD>SERIALNR</VIEWFIELD>
     <TABNAME>MPOS</TABNAME>
     <FIELDNAME>SERIALNR</FIELDNAME>
     <KEYFLAG>X</KEYFLAG>
     <ROLLNAME>GERNR</ROLLNAME>
     <ROLLNAMEVI>GERNR</ROLLNAMEVI>
     <LOGFLAG>X</LOGFLAG>
    </DD27P>
    <DD27P>
     <VIEWNAME>ZEPM_VIMHIO</VIEWNAME>
     <OBJPOS>0036</OBJPOS>
     <DDLANGUAGE>P</DDLANGUAGE>
     <VIEWFIELD>SERMAT</VIEWFIELD>
     <TABNAME>MPOS</TABNAME>
     <FIELDNAME>SERMAT</FIELDNAME>
     <KEYFLAG>X</KEYFLAG>
     <ROLLNAME>MATNR</ROLLNAME>
     <ROLLNAMEVI>MATNR</ROLLNAMEVI>
     <CHECKTABLE>MARA</CHECKTABLE>
     <SHLPORIGIN>P</SHLPORIGIN>
     <SHLPNAME>S_MAT1</SHLPNAME>
     <SHLPFIELD>MATNR</SHLPFIELD>
     <LOGFLAG>X</LOGFLAG>
    </DD27P>
    <DD27P>
     <VIEWNAME>ZEPM_VIMHIO</VIEWNAME>
     <OBJPOS>0037</OBJPOS>
     <DDLANGUAGE>P</DDLANGUAGE>
     <VIEWFIELD>DEVICEID</VIEWFIELD>
     <TABNAME>MPOS</TABNAME>
     <FIELDNAME>DEVICEID</FIELDNAME>
     <KEYFLAG>X</KEYFLAG>
     <ROLLNAME>DEVICEID</ROLLNAME>
     <ROLLNAMEVI>DEVICEID</ROLLNAMEVI>
     <LOGFLAG>X</LOGFLAG>
    </DD27P>
    <DD27P>
     <VIEWNAME>ZEPM_VIMHIO</VIEWNAME>
     <OBJPOS>0038</OBJPOS>
     <DDLANGUAGE>P</DDLANGUAGE>
     <VIEWFIELD>TPLNR</VIEWFIELD>
     <TABNAME>ILOA</TABNAME>
     <FIELDNAME>TPLNR</FIELDNAME>
     <KEYFLAG>X</KEYFLAG>
     <ROLLNAME>TPLNR</ROLLNAME>
     <ROLLNAMEVI>TPLNR</ROLLNAMEVI>
     <CHECKTABLE>IFLOT</CHECKTABLE>
     <SHLPORIGIN>X</SHLPORIGIN>
     <SHLPNAME>IFLM</SHLPNAME>
     <SHLPFIELD>TPLNR</SHLPFIELD>
     <LOGFLAG>X</LOGFLAG>
    </DD27P>
    <DD27P>
     <VIEWNAME>ZEPM_VIMHIO</VIEWNAME>
     <OBJPOS>0039</OBJPOS>
     <DDLANGUAGE>P</DDLANGUAGE>
     <VIEWFIELD>ABCKZ</VIEWFIELD>
     <TABNAME>ILOA</TABNAME>
     <FIELDNAME>ABCKZ</FIELDNAME>
     <KEYFLAG>X</KEYFLAG>
     <ROLLNAME>ABCKZ</ROLLNAME>
     <ROLLNAMEVI>ABCKZ</ROLLNAMEVI>
     <CHECKTABLE>T370C</CHECKTABLE>
     <SHLPORIGIN>P</SHLPORIGIN>
     <LOGFLAG>X</LOGFLAG>
    </DD27P>
    <DD27P>
     <VIEWNAME>ZEPM_VIMHIO</VIEWNAME>
     <OBJPOS>0040</OBJPOS>
     <DDLANGUAGE>P</DDLANGUAGE>
     <VIEWFIELD>EQFNR</VIEWFIELD>
     <TABNAME>ILOA</TABNAME>
     <FIELDNAME>EQFNR</FIELDNAME>
     <KEYFLAG>X</KEYFLAG>
     <ROLLNAME>EQFNR</ROLLNAME>
     <ROLLNAMEVI>EQFNR</ROLLNAMEVI>
     <LOGFLAG>X</LOGFLAG>
    </DD27P>
    <DD27P>
     <VIEWNAME>ZEPM_VIMHIO</VIEWNAME>
     <OBJPOS>0041</OBJPOS>
     <DDLANGUAGE>P</DDLANGUAGE>
     <VIEWFIELD>SWERK</VIEWFIELD>
     <TABNAME>ILOA</TABNAME>
     <FIELDNAME>SWERK</FIELDNAME>
     <KEYFLAG>X</KEYFLAG>
     <ROLLNAME>SWERK</ROLLNAME>
     <ROLLNAMEVI>SWERK</ROLLNAMEVI>
     <CHECKTABLE>T001W</CHECKTABLE>
     <SHLPORIGIN>P</SHLPORIGIN>
     <LOGFLAG>X</LOGFLAG>
    </DD27P>
    <DD27P>
     <VIEWNAME>ZEPM_VIMHIO</VIEWNAME>
     <OBJPOS>0042</OBJPOS>
     <DDLANGUAGE>P</DDLANGUAGE>
     <VIEWFIELD>STORT</VIEWFIELD>
     <TABNAME>ILOA</TABNAME>
     <FIELDNAME>STORT</FIELDNAME>
     <KEYFLAG>X</KEYFLAG>
     <ROLLNAME>PMLOC</ROLLNAME>
     <ROLLNAMEVI>PMLOC</ROLLNAMEVI>
     <CHECKTABLE>T499S</CHECKTABLE>
     <SHLPORIGIN>P</SHLPORIGIN>
     <LOGFLAG>X</LOGFLAG>
    </DD27P>
    <DD27P>
     <VIEWNAME>ZEPM_VIMHIO</VIEWNAME>
     <OBJPOS>0043</OBJPOS>
     <DDLANGUAGE>P</DDLANGUAGE>
     <VIEWFIELD>MSGRP</VIEWFIELD>
     <TABNAME>ILOA</TABNAME>
     <FIELDNAME>MSGRP</FIELDNAME>
     <KEYFLAG>X</KEYFLAG>
     <ROLLNAME>RAUMNR</ROLLNAME>
     <ROLLNAMEVI>RAUMNR</ROLLNAMEVI>
     <LOGFLAG>X</LOGFLAG>
    </DD27P>
    <DD27P>
     <VIEWNAME>ZEPM_VIMHIO</VIEWNAME>
     <OBJPOS>0044</OBJPOS>
     <DDLANGUAGE>P</DDLANGUAGE>
     <VIEWFIELD>BEBER</VIEWFIELD>
     <TABNAME>ILOA</TABNAME>
     <FIELDNAME>BEBER</FIELDNAME>
     <KEYFLAG>X</KEYFLAG>
     <ROLLNAME>BEBER</ROLLNAME>
     <ROLLNAMEVI>BEBER</ROLLNAMEVI>
     <CHECKTABLE>T357</CHECKTABLE>
     <SHLPORIGIN>P</SHLPORIGIN>
     <LOGFLAG>X</LOGFLAG>
    </DD27P>
    <DD27P>
     <VIEWNAME>ZEPM_VIMHIO</VIEWNAME>
     <OBJPOS>0045</OBJPOS>
     <DDLANGUAGE>P</DDLANGUAGE>
     <VIEWFIELD>PPSID</VIEWFIELD>
     <TABNAME>ILOA</TABNAME>
     <FIELDNAME>PPSID</FIELDNAME>
     <KEYFLAG>X</KEYFLAG>
     <ROLLNAME>PPSID</ROLLNAME>
     <ROLLNAMEVI>PPSID</ROLLNAMEVI>
     <CHECKTABLE>CRID</CHECKTABLE>
     <SHLPORIGIN>P</SHLPORIGIN>
     <LOGFLAG>X</LOGFLAG>
    </DD27P>
    <DD27P>
     <VIEWNAME>ZEPM_VIMHIO</VIEWNAME>
     <OBJPOS>0046</OBJPOS>
     <DDLANGUAGE>P</DDLANGUAGE>
     <VIEWFIELD>GSBER</VIEWFIELD>
     <TABNAME>ILOA</TABNAME>
     <FIELDNAME>GSBER</FIELDNAME>
     <KEYFLAG>X</KEYFLAG>
     <ROLLNAME>GSBER</ROLLNAME>
     <ROLLNAMEVI>GSBER</ROLLNAMEVI>
     <CHECKTABLE>TGSB</CHECKTABLE>
     <SHLPORIGIN>P</SHLPORIGIN>
     <LOGFLAG>X</LOGFLAG>
    </DD27P>
    <DD27P>
     <VIEWNAME>ZEPM_VIMHIO</VIEWNAME>
     <OBJPOS>0047</OBJPOS>
     <DDLANGUAGE>P</DDLANGUAGE>
     <VIEWFIELD>KOKRS</VIEWFIELD>
     <TABNAME>ILOA</TABNAME>
     <FIELDNAME>KOKRS</FIELDNAME>
     <KEYFLAG>X</KEYFLAG>
     <ROLLNAME>KOKRS</ROLLNAME>
     <ROLLNAMEVI>KOKRS</ROLLNAMEVI>
     <CHECKTABLE>TKA01</CHECKTABLE>
     <SHLPORIGIN>P</SHLPORIGIN>
     <LOGFLAG>X</LOGFLAG>
    </DD27P>
    <DD27P>
     <VIEWNAME>ZEPM_VIMHIO</VIEWNAME>
     <OBJPOS>0048</OBJPOS>
     <DDLANGUAGE>P</DDLANGUAGE>
     <VIEWFIELD>KOSTL</VIEWFIELD>
     <TABNAME>ILOA</TABNAME>
     <FIELDNAME>KOSTL</FIELDNAME>
     <KEYFLAG>X</KEYFLAG>
     <ROLLNAME>KOSTL</ROLLNAME>
     <ROLLNAMEVI>KOSTL</ROLLNAMEVI>
     <CHECKTABLE>CSKS</CHECKTABLE>
     <SHLPORIGIN>X</SHLPORIGIN>
     <LOGFLAG>X</LOGFLAG>
    </DD27P>
    <DD27P>
     <VIEWNAME>ZEPM_VIMHIO</VIEWNAME>
     <OBJPOS>0049</OBJPOS>
     <DDLANGUAGE>P</DDLANGUAGE>
     <VIEWFIELD>PROID</VIEWFIELD>
     <TABNAME>ILOA</TABNAME>
     <FIELDNAME>PROID</FIELDNAME>
     <KEYFLAG>X</KEYFLAG>
     <ROLLNAME>PS_PSP_PNR</ROLLNAME>
     <ROLLNAMEVI>PS_PSP_PNR</ROLLNAMEVI>
     <CHECKTABLE>PRPS</CHECKTABLE>
     <SHLPORIGIN>X</SHLPORIGIN>
     <LOGFLAG>X</LOGFLAG>
    </DD27P>
    <DD27P>
     <VIEWNAME>ZEPM_VIMHIO</VIEWNAME>
     <OBJPOS>0050</OBJPOS>
     <DDLANGUAGE>P</DDLANGUAGE>
     <VIEWFIELD>BUKRS</VIEWFIELD>
     <TABNAME>ILOA</TABNAME>
     <FIELDNAME>BUKRS</FIELDNAME>
     <KEYFLAG>X</KEYFLAG>
     <ROLLNAME>BUKRS</ROLLNAME>
     <ROLLNAMEVI>BUKRS</ROLLNAMEVI>
     <CHECKTABLE>T001</CHECKTABLE>
     <SHLPORIGIN>P</SHLPORIGIN>
     <SHLPNAME>C_T001</SHLPNAME>
     <SHLPFIELD>BUKRS</SHLPFIELD>
     <LOGFLAG>X</LOGFLAG>
    </DD27P>
    <DD27P>
     <VIEWNAME>ZEPM_VIMHIO</VIEWNAME>
     <OBJPOS>0051</OBJPOS>
     <DDLANGUAGE>P</DDLANGUAGE>
     <VIEWFIELD>ANLNR</VIEWFIELD>
     <TABNAME>ILOA</TABNAME>
     <FIELDNAME>ANLNR</FIELDNAME>
     <KEYFLAG>X</KEYFLAG>
     <ROLLNAME>ANLN1</ROLLNAME>
     <ROLLNAMEVI>ANLN1</ROLLNAMEVI>
     <CHECKTABLE>ANLH</CHECKTABLE>
     <SHLPORIGIN>X</SHLPORIGIN>
     <LOGFLAG>X</LOGFLAG>
    </DD27P>
    <DD27P>
     <VIEWNAME>ZEPM_VIMHIO</VIEWNAME>
     <OBJPOS>0052</OBJPOS>
     <DDLANGUAGE>P</DDLANGUAGE>
     <VIEWFIELD>ANLUN</VIEWFIELD>
     <TABNAME>ILOA</TABNAME>
     <FIELDNAME>ANLUN</FIELDNAME>
     <KEYFLAG>X</KEYFLAG>
     <ROLLNAME>ANLN2</ROLLNAME>
     <ROLLNAMEVI>ANLN2</ROLLNAMEVI>
     <CHECKTABLE>ANLA</CHECKTABLE>
     <SHLPORIGIN>P</SHLPORIGIN>
     <LOGFLAG>X</LOGFLAG>
    </DD27P>
    <DD27P>
     <VIEWNAME>ZEPM_VIMHIO</VIEWNAME>
     <OBJPOS>0053</OBJPOS>
     <DDLANGUAGE>P</DDLANGUAGE>
     <VIEWFIELD>DAUFN</VIEWFIELD>
     <TABNAME>ILOA</TABNAME>
     <FIELDNAME>DAUFN</FIELDNAME>
     <KEYFLAG>X</KEYFLAG>
     <ROLLNAME>DAUFN</ROLLNAME>
     <ROLLNAMEVI>DAUFN</ROLLNAMEVI>
     <CHECKTABLE>AUFK</CHECKTABLE>
     <SHLPORIGIN>X</SHLPORIGIN>
     <SHLPNAME>ORDP</SHLPNAME>
     <SHLPFIELD>AUFNR</SHLPFIELD>
     <LOGFLAG>X</LOGFLAG>
    </DD27P>
    <DD27P>
     <VIEWNAME>ZEPM_VIMHIO</VIEWNAME>
     <OBJPOS>0054</OBJPOS>
     <DDLANGUAGE>P</DDLANGUAGE>
     <VIEWFIELD>VKORG</VIEWFIELD>
     <TABNAME>ILOA</TABNAME>
     <FIELDNAME>VKORG</FIELDNAME>
     <KEYFLAG>X</KEYFLAG>
     <ROLLNAME>VKORG</ROLLNAME>
     <ROLLNAMEVI>VKORG</ROLLNAMEVI>
     <CHECKTABLE>TVKO</CHECKTABLE>
     <SHLPORIGIN>P</SHLPORIGIN>
     <SHLPNAME>C_VKORG</SHLPNAME>
     <SHLPFIELD>VKORG</SHLPFIELD>
     <LOGFLAG>X</LOGFLAG>
    </DD27P>
    <DD27P>
     <VIEWNAME>ZEPM_VIMHIO</VIEWNAME>
     <OBJPOS>0055</OBJPOS>
     <DDLANGUAGE>P</DDLANGUAGE>
     <VIEWFIELD>VTWEG</VIEWFIELD>
     <TABNAME>ILOA</TABNAME>
     <FIELDNAME>VTWEG</FIELDNAME>
     <KEYFLAG>X</KEYFLAG>
     <ROLLNAME>VTWEG</ROLLNAME>
     <ROLLNAMEVI>VTWEG</ROLLNAMEVI>
     <CHECKTABLE>TVKOV</CHECKTABLE>
     <SHLPORIGIN>P</SHLPORIGIN>
     <SHLPNAME>C_VTWEG</SHLPNAME>
     <SHLPFIELD>VTWEG</SHLPFIELD>
     <LOGFLAG>X</LOGFLAG>
    </DD27P>
    <DD27P>
     <VIEWNAME>ZEPM_VIMHIO</VIEWNAME>
     <OBJPOS>0056</OBJPOS>
     <DDLANGUAGE>P</DDLANGUAGE>
     <VIEWFIELD>SPART</VIEWFIELD>
     <TABNAME>ILOA</TABNAME>
     <FIELDNAME>SPART</FIELDNAME>
     <KEYFLAG>X</KEYFLAG>
     <ROLLNAME>SPART</ROLLNAME>
     <ROLLNAMEVI>SPART</ROLLNAMEVI>
     <CHECKTABLE>TVTA</CHECKTABLE>
     <SHLPORIGIN>P</SHLPORIGIN>
     <SHLPNAME>C_SPART</SHLPNAME>
     <SHLPFIELD>SPART</SHLPFIELD>
     <LOGFLAG>X</LOGFLAG>
    </DD27P>
    <DD27P>
     <VIEWNAME>ZEPM_VIMHIO</VIEWNAME>
     <OBJPOS>0057</OBJPOS>
     <DDLANGUAGE>P</DDLANGUAGE>
     <VIEWFIELD>ADRNR</VIEWFIELD>
     <TABNAME>ILOA</TABNAME>
     <FIELDNAME>ADRNR</FIELDNAME>
     <KEYFLAG>X</KEYFLAG>
     <ROLLNAME>AD_ADDRNUM</ROLLNAME>
     <ROLLNAMEVI>AD_ADDRNUM</ROLLNAMEVI>
     <CHECKTABLE>ADRC</CHECKTABLE>
     <SHLPORIGIN>P</SHLPORIGIN>
     <LOGFLAG>X</LOGFLAG>
    </DD27P>
    <DD27P>
     <VIEWNAME>ZEPM_VIMHIO</VIEWNAME>
     <OBJPOS>0058</OBJPOS>
     <DDLANGUAGE>P</DDLANGUAGE>
     <VIEWFIELD>OWNER</VIEWFIELD>
     <TABNAME>ILOA</TABNAME>
     <FIELDNAME>OWNER</FIELDNAME>
     <KEYFLAG>X</KEYFLAG>
     <ROLLNAME>ILOM_OWNER</ROLLNAME>
     <ROLLNAMEVI>ILOM_OWNER</ROLLNAMEVI>
     <SHLPORIGIN>F</SHLPORIGIN>
     <VALEXI>X</VALEXI>
    </DD27P>
    <DD27P>
     <VIEWNAME>ZEPM_VIMHIO</VIEWNAME>
     <OBJPOS>0059</OBJPOS>
     <DDLANGUAGE>P</DDLANGUAGE>
     <VIEWFIELD>ABNUM</VIEWFIELD>
     <TABNAME>MHIO</TABNAME>
     <FIELDNAME>ABNUM</FIELDNAME>
     <KEYFLAG>X</KEYFLAG>
     <ROLLNAME>ABNUM</ROLLNAME>
     <ROLLNAMEVI>ABNUM</ROLLNAMEVI>
    </DD27P>
    <DD27P>
     <VIEWNAME>ZEPM_VIMHIO</VIEWNAME>
     <OBJPOS>0060</OBJPOS>
     <DDLANGUAGE>P</DDLANGUAGE>
     <VIEWFIELD>WPPOS</VIEWFIELD>
     <TABNAME>MHIO</TABNAME>
     <FIELDNAME>WPPOS</FIELDNAME>
     <KEYFLAG>X</KEYFLAG>
     <ROLLNAME>WAPOS</ROLLNAME>
     <ROLLNAMEVI>WAPOS</ROLLNAMEVI>
     <SHLPORIGIN>D</SHLPORIGIN>
     <SHLPNAME>MPOSL</SHLPNAME>
     <SHLPFIELD>WAPOS</SHLPFIELD>
    </DD27P>
    <DD27P>
     <VIEWNAME>ZEPM_VIMHIO</VIEWNAME>
     <OBJPOS>0061</OBJPOS>
     <DDLANGUAGE>P</DDLANGUAGE>
     <VIEWFIELD>AUFNR</VIEWFIELD>
     <TABNAME>MHIO</TABNAME>
     <FIELDNAME>AUFNR</FIELDNAME>
     <KEYFLAG>X</KEYFLAG>
     <ROLLNAME>AUFNR</ROLLNAME>
     <ROLLNAMEVI>AUFNR</ROLLNAMEVI>
     <CHECKTABLE>AUFK</CHECKTABLE>
     <SHLPORIGIN>P</SHLPORIGIN>
     <LOGFLAG>X</LOGFLAG>
    </DD27P>
    <DD27P>
     <VIEWNAME>ZEPM_VIMHIO</VIEWNAME>
     <OBJPOS>0062</OBJPOS>
     <DDLANGUAGE>P</DDLANGUAGE>
     <VIEWFIELD>ADDAT</VIEWFIELD>
     <TABNAME>MHIO</TABNAME>
     <FIELDNAME>ADDAT</FIELDNAME>
     <KEYFLAG>X</KEYFLAG>
     <ROLLNAME>MHIO_ADDAT</ROLLNAME>
     <ROLLNAMEVI>MHIO_ADDAT</ROLLNAMEVI>
     <SHLPORIGIN>T</SHLPORIGIN>
     <LOGFLAG>X</LOGFLAG>
    </DD27P>
    <DD27P>
     <VIEWNAME>ZEPM_VIMHIO</VIEWNAME>
     <OBJPOS>0063</OBJPOS>
     <DDLANGUAGE>P</DDLANGUAGE>
     <VIEWFIELD>LBLNI</VIEWFIELD>
     <TABNAME>MHIO</TABNAME>
     <FIELDNAME>LBLNI</FIELDNAME>
     <KEYFLAG>X</KEYFLAG>
     <ROLLNAME>LBLNI</ROLLNAME>
     <ROLLNAMEVI>LBLNI</ROLLNAMEVI>
     <SHLPORIGIN>D</SHLPORIGIN>
     <SHLPNAME>ESSR</SHLPNAME>
     <SHLPFIELD>LBLNI</SHLPFIELD>
    </DD27P>
    <DD27P>
     <VIEWNAME>ZEPM_VIMHIO</VIEWNAME>
     <OBJPOS>0064</OBJPOS>
     <DDLANGUAGE>P</DDLANGUAGE>
     <VIEWFIELD>TSENQ</VIEWFIELD>
     <TABNAME>MHIO</TABNAME>
     <FIELDNAME>TSENQ</FIELDNAME>
     <KEYFLAG>X</KEYFLAG>
     <ROLLNAME>TSENQ</ROLLNAME>
     <ROLLNAMEVI>TSENQ</ROLLNAMEVI>
     <SHLPORIGIN>F</SHLPORIGIN>
     <VALEXI>X</VALEXI>
    </DD27P>
    <DD27P>
     <VIEWNAME>ZEPM_VIMHIO</VIEWNAME>
     <OBJPOS>0065</OBJPOS>
     <DDLANGUAGE>P</DDLANGUAGE>
     <VIEWFIELD>TSTAT</VIEWFIELD>
     <TABNAME>MHIO</TABNAME>
     <FIELDNAME>TSTAT</FIELDNAME>
     <KEYFLAG>X</KEYFLAG>
     <ROLLNAME>TSTAT</ROLLNAME>
     <ROLLNAMEVI>TSTAT</ROLLNAMEVI>
     <SHLPORIGIN>F</SHLPORIGIN>
     <LOGFLAG>X</LOGFLAG>
     <VALEXI>X</VALEXI>
    </DD27P>
    <DD27P>
     <VIEWNAME>ZEPM_VIMHIO</VIEWNAME>
     <OBJPOS>0066</OBJPOS>
     <DDLANGUAGE>P</DDLANGUAGE>
     <VIEWFIELD>GSTRP</VIEWFIELD>
     <TABNAME>MHIO</TABNAME>
     <FIELDNAME>GSTRP</FIELDNAME>
     <KEYFLAG>X</KEYFLAG>
     <ROLLNAME>CO_GSTRP</ROLLNAME>
     <ROLLNAMEVI>CO_GSTRP</ROLLNAMEVI>
     <SHLPORIGIN>T</SHLPORIGIN>
    </DD27P>
    <DD27P>
     <VIEWNAME>ZEPM_VIMHIO</VIEWNAME>
     <OBJPOS>0067</OBJPOS>
     <DDLANGUAGE>P</DDLANGUAGE>
     <VIEWFIELD>QMNUM</VIEWFIELD>
     <TABNAME>MHIO</TABNAME>
     <FIELDNAME>QMNUM</FIELDNAME>
     <KEYFLAG>X</KEYFLAG>
     <ROLLNAME>QMNUM</ROLLNAME>
     <ROLLNAMEVI>QMNUM</ROLLNAMEVI>
     <CHECKTABLE>QMEL</CHECKTABLE>
     <SHLPORIGIN>P</SHLPORIGIN>
     <LOGFLAG>X</LOGFLAG>
    </DD27P>
    <DD27P>
     <VIEWNAME>ZEPM_VIMHIO</VIEWNAME>
     <OBJPOS>0068</OBJPOS>
     <DDLANGUAGE>P</DDLANGUAGE>
     <VIEWFIELD>QMART</VIEWFIELD>
     <TABNAME>MPOS</TABNAME>
     <FIELDNAME>QMART</FIELDNAME>
     <KEYFLAG>X</KEYFLAG>
     <ROLLNAME>QMART</ROLLNAME>
     <ROLLNAMEVI>QMART</ROLLNAMEVI>
     <CHECKTABLE>TQ80</CHECKTABLE>
     <SHLPORIGIN>P</SHLPORIGIN>
     <LOGFLAG>X</LOGFLAG>
    </DD27P>
    <DD27P>
     <VIEWNAME>ZEPM_VIMHIO</VIEWNAME>
     <OBJPOS>0069</OBJPOS>
     <DDLANGUAGE>P</DDLANGUAGE>
     <VIEWFIELD>PLAN_SORT</VIEWFIELD>
     <TABNAME>MPLA</TABNAME>
     <FIELDNAME>PLAN_SORT</FIELDNAME>
     <KEYFLAG>X</KEYFLAG>
     <ROLLNAME>PLAN_SORT</ROLLNAME>
     <ROLLNAMEVI>PLAN_SORT</ROLLNAMEVI>
     <CHECKTABLE>T399G</CHECKTABLE>
     <SHLPORIGIN>P</SHLPORIGIN>
     <LOGFLAG>X</LOGFLAG>
    </DD27P>
    <DD27P>
     <VIEWNAME>ZEPM_VIMHIO</VIEWNAME>
     <OBJPOS>0070</OBJPOS>
     <DDLANGUAGE>P</DDLANGUAGE>
     <VIEWFIELD>MHIO_WARPL</VIEWFIELD>
     <TABNAME>MHIO</TABNAME>
     <FIELDNAME>WARPL</FIELDNAME>
     <KEYFLAG>X</KEYFLAG>
     <ROLLNAME>WARPL</ROLLNAME>
     <ROLLNAMEVI>WARPL</ROLLNAMEVI>
     <CHECKTABLE>MPLA</CHECKTABLE>
     <SHLPORIGIN>P</SHLPORIGIN>
     <SHLPNAME>MPLAL</SHLPNAME>
     <SHLPFIELD>WARPL</SHLPFIELD>
     <LOGFLAG>X</LOGFLAG>
    </DD27P>
    <DD27P>
     <VIEWNAME>ZEPM_VIMHIO</VIEWNAME>
     <OBJPOS>0071</OBJPOS>
     <DDLANGUAGE>P</DDLANGUAGE>
     <VIEWFIELD>PRUEFLOS</VIEWFIELD>
     <TABNAME>MHIO</TABNAME>
     <FIELDNAME>PRUEFLOS</FIELDNAME>
     <KEYFLAG>X</KEYFLAG>
     <ROLLNAME>QPLOS</ROLLNAME>
     <ROLLNAMEVI>QPLOS</ROLLNAMEVI>
     <SHLPORIGIN>D</SHLPORIGIN>
     <SHLPNAME>QALS</SHLPNAME>
     <SHLPFIELD>PRUEFLOS</SHLPFIELD>
     <LOGFLAG>X</LOGFLAG>
    </DD27P>
    <DD27P>
     <VIEWNAME>ZEPM_VIMHIO</VIEWNAME>
     <OBJPOS>0072</OBJPOS>
     <DDLANGUAGE>P</DDLANGUAGE>
     <VIEWFIELD>PHYNR</VIEWFIELD>
     <TABNAME>MPOS</TABNAME>
     <FIELDNAME>PHYNR</FIELDNAME>
     <KEYFLAG>X</KEYFLAG>
     <ROLLNAME>QPHYSPRNR</ROLLNAME>
     <ROLLNAMEVI>QPHYSPRNR</ROLLNAMEVI>
     <LOGFLAG>X</LOGFLAG>
    </DD27P>
    <DD27P>
     <VIEWNAME>ZEPM_VIMHIO</VIEWNAME>
     <OBJPOS>0073</OBJPOS>
     <DDLANGUAGE>P</DDLANGUAGE>
     <VIEWFIELD>MPTYP</VIEWFIELD>
     <TABNAME>MPLA</TABNAME>
     <FIELDNAME>MPTYP</FIELDNAME>
     <KEYFLAG>X</KEYFLAG>
     <ROLLNAME>MPTYP</ROLLNAME>
     <ROLLNAMEVI>MPTYP</ROLLNAMEVI>
     <CHECKTABLE>T399W</CHECKTABLE>
     <SHLPORIGIN>P</SHLPORIGIN>
    </DD27P>
    <DD27P>
     <VIEWNAME>ZEPM_VIMHIO</VIEWNAME>
     <OBJPOS>0074</OBJPOS>
     <DDLANGUAGE>P</DDLANGUAGE>
     <VIEWFIELD>WPTXT</VIEWFIELD>
     <TABNAME>MPLA</TABNAME>
     <FIELDNAME>WPTXT</FIELDNAME>
     <KEYFLAG>X</KEYFLAG>
     <ROLLNAME>WPTXT</ROLLNAME>
     <ROLLNAMEVI>WPTXT</ROLLNAMEVI>
     <LOGFLAG>X</LOGFLAG>
    </DD27P>
    <DD27P>
     <VIEWNAME>ZEPM_VIMHIO</VIEWNAME>
     <OBJPOS>0075</OBJPOS>
     <DDLANGUAGE>P</DDLANGUAGE>
     <VIEWFIELD>ZYKL1</VIEWFIELD>
     <TABNAME>MMPT</TABNAME>
     <FIELDNAME>ZYKL1</FIELDNAME>
     <KEYFLAG>X</KEYFLAG>
     <ROLLNAME>DZYK_ZEIT</ROLLNAME>
     <ROLLNAMEVI>DZYK_ZEIT</ROLLNAMEVI>
     <LOGFLAG>X</LOGFLAG>
    </DD27P>
    <DD27P>
     <VIEWNAME>ZEPM_VIMHIO</VIEWNAME>
     <OBJPOS>0076</OBJPOS>
     <DDLANGUAGE>P</DDLANGUAGE>
     <VIEWFIELD>ZEIEH</VIEWFIELD>
     <TABNAME>MMPT</TABNAME>
     <FIELDNAME>ZEIEH</FIELDNAME>
     <KEYFLAG>X</KEYFLAG>
     <ROLLNAME>DZEIEH</ROLLNAME>
     <ROLLNAMEVI>DZEIEH</ROLLNAMEVI>
     <CHECKTABLE>T006</CHECKTABLE>
     <SHLPORIGIN>P</SHLPORIGIN>
     <LOGFLAG>X</LOGFLAG>
    </DD27P>
    <DD27P>
     <VIEWNAME>ZEPM_VIMHIO</VIEWNAME>
     <OBJPOS>0077</OBJPOS>
     <DDLANGUAGE>P</DDLANGUAGE>
     <VIEWFIELD>PAK_TEXT</VIEWFIELD>
     <TABNAME>MMPT</TABNAME>
     <FIELDNAME>PAK_TEXT</FIELDNAME>
     <KEYFLAG>X</KEYFLAG>
     <ROLLNAME>TXZYKLUS</ROLLNAME>
     <ROLLNAMEVI>TXZYKLUS</ROLLNAMEVI>
     <LOGFLAG>X</LOGFLAG>
    </DD27P>
    <DD27P>
     <VIEWNAME>ZEPM_VIMHIO</VIEWNAME>
     <OBJPOS>0078</OBJPOS>
     <DDLANGUAGE>P</DDLANGUAGE>
     <VIEWFIELD>PRIOK</VIEWFIELD>
     <TABNAME>MPOS</TABNAME>
     <FIELDNAME>PRIOK</FIELDNAME>
     <KEYFLAG>X</KEYFLAG>
     <ROLLNAME>PRIOK</ROLLNAME>
     <ROLLNAMEVI>PRIOK</ROLLNAMEVI>
     <CHECKTABLE>T356</CHECKTABLE>
     <SHLPORIGIN>P</SHLPORIGIN>
     <LOGFLAG>X</LOGFLAG>
    </DD27P>
    <DD27P>
     <VIEWNAME>ZEPM_VIMHIO</VIEWNAME>
     <OBJPOS>0079</OBJPOS>
     <DDLANGUAGE>P</DDLANGUAGE>
     <VIEWFIELD>VSPOS</VIEWFIELD>
     <TABNAME>MPLA</TABNAME>
     <FIELDNAME>VSPOS</FIELDNAME>
     <KEYFLAG>X</KEYFLAG>
     <ROLLNAME>VERSCHPLUS</ROLLNAME>
     <ROLLNAMEVI>VERSCHPLUS</ROLLNAMEVI>
     <LOGFLAG>X</LOGFLAG>
    </DD27P>
    <DD27P>
     <VIEWNAME>ZEPM_VIMHIO</VIEWNAME>
     <OBJPOS>0080</OBJPOS>
     <DDLANGUAGE>P</DDLANGUAGE>
     <VIEWFIELD>TOPOS</VIEWFIELD>
     <TABNAME>MPLA</TABNAME>
     <FIELDNAME>TOPOS</FIELDNAME>
     <KEYFLAG>X</KEYFLAG>
     <ROLLNAME>TOLERPLUS</ROLLNAME>
     <ROLLNAMEVI>TOLERPLUS</ROLLNAMEVI>
     <LOGFLAG>X</LOGFLAG>
    </DD27P>
    <DD27P>
     <VIEWNAME>ZEPM_VIMHIO</VIEWNAME>
     <OBJPOS>0081</OBJPOS>
     <DDLANGUAGE>P</DDLANGUAGE>
     <VIEWFIELD>VSNEG</VIEWFIELD>
     <TABNAME>MPLA</TABNAME>
     <FIELDNAME>VSNEG</FIELDNAME>
     <KEYFLAG>X</KEYFLAG>
     <ROLLNAME>VERSCHNEG</ROLLNAME>
     <ROLLNAMEVI>VERSCHNEG</ROLLNAMEVI>
     <LOGFLAG>X</LOGFLAG>
    </DD27P>
    <DD27P>
     <VIEWNAME>ZEPM_VIMHIO</VIEWNAME>
     <OBJPOS>0082</OBJPOS>
     <DDLANGUAGE>P</DDLANGUAGE>
     <VIEWFIELD>TONEG</VIEWFIELD>
     <TABNAME>MPLA</TABNAME>
     <FIELDNAME>TONEG</FIELDNAME>
     <KEYFLAG>X</KEYFLAG>
     <ROLLNAME>TOLERNEG</ROLLNAME>
     <ROLLNAMEVI>TOLERNEG</ROLLNAMEVI>
     <LOGFLAG>X</LOGFLAG>
    </DD27P>
    <DD27P>
     <VIEWNAME>ZEPM_VIMHIO</VIEWNAME>
     <OBJPOS>0083</OBJPOS>
     <DDLANGUAGE>P</DDLANGUAGE>
     <VIEWFIELD>SFAKT</VIEWFIELD>
     <TABNAME>MPLA</TABNAME>
     <FIELDNAME>SFAKT</FIELDNAME>
     <KEYFLAG>X</KEYFLAG>
     <ROLLNAME>SFAKT</ROLLNAME>
     <ROLLNAMEVI>SFAKT</ROLLNAMEVI>
     <LOGFLAG>X</LOGFLAG>
    </DD27P>
    <DD27P>
     <VIEWNAME>ZEPM_VIMHIO</VIEWNAME>
     <OBJPOS>0084</OBJPOS>
     <DDLANGUAGE>P</DDLANGUAGE>
     <VIEWFIELD>HORIZ</VIEWFIELD>
     <TABNAME>MPLA</TABNAME>
     <FIELDNAME>HORIZ</FIELDNAME>
     <KEYFLAG>X</KEYFLAG>
     <ROLLNAME>HORIZONT</ROLLNAME>
     <ROLLNAMEVI>HORIZONT</ROLLNAMEVI>
     <LOGFLAG>X</LOGFLAG>
    </DD27P>
    <DD27P>
     <VIEWNAME>ZEPM_VIMHIO</VIEWNAME>
     <OBJPOS>0085</OBJPOS>
     <DDLANGUAGE>P</DDLANGUAGE>
     <VIEWFIELD>ABRHO</VIEWFIELD>
     <TABNAME>MPLA</TABNAME>
     <FIELDNAME>ABRHO</FIELDNAME>
     <KEYFLAG>X</KEYFLAG>
     <ROLLNAME>ABRHO</ROLLNAME>
     <ROLLNAMEVI>ABRHO</ROLLNAMEVI>
     <LOGFLAG>X</LOGFLAG>
    </DD27P>
    <DD27P>
     <VIEWNAME>ZEPM_VIMHIO</VIEWNAME>
     <OBJPOS>0086</OBJPOS>
     <DDLANGUAGE>P</DDLANGUAGE>
     <VIEWFIELD>HUNIT</VIEWFIELD>
     <TABNAME>MPLA</TABNAME>
     <FIELDNAME>HUNIT</FIELDNAME>
     <KEYFLAG>X</KEYFLAG>
     <ROLLNAME>HUNIT</ROLLNAME>
     <ROLLNAMEVI>HUNIT</ROLLNAMEVI>
     <LOGFLAG>X</LOGFLAG>
    </DD27P>
    <DD27P>
     <VIEWNAME>ZEPM_VIMHIO</VIEWNAME>
     <OBJPOS>0087</OBJPOS>
     <DDLANGUAGE>P</DDLANGUAGE>
     <VIEWFIELD>CALL_CONFIRM</VIEWFIELD>
     <TABNAME>MPLA</TABNAME>
     <FIELDNAME>CALL_CONFIRM</FIELDNAME>
     <KEYFLAG>X</KEYFLAG>
     <ROLLNAME>CALL_CONFIRM</ROLLNAME>
     <ROLLNAMEVI>CALL_CONFIRM</ROLLNAMEVI>
     <LOGFLAG>X</LOGFLAG>
    </DD27P>
    <DD27P>
     <VIEWNAME>ZEPM_VIMHIO</VIEWNAME>
     <OBJPOS>0088</OBJPOS>
     <DDLANGUAGE>P</DDLANGUAGE>
     <VIEWFIELD>STICH</VIEWFIELD>
     <TABNAME>MPLA</TABNAME>
     <FIELDNAME>STICH</FIELDNAME>
     <KEYFLAG>X</KEYFLAG>
     <ROLLNAME>TERMKNZ</ROLLNAME>
     <ROLLNAMEVI>TERMKNZ</ROLLNAMEVI>
     <SHLPORIGIN>F</SHLPORIGIN>
     <LOGFLAG>X</LOGFLAG>
     <VALEXI>X</VALEXI>
    </DD27P>
   </DD27P_TABLE>
   <DD28J_TABLE>
    <DD28J>
     <VIEWNAME>ZEPM_VIMHIO</VIEWNAME>
     <LTAB>ILOA</LTAB>
     <LFIELD>MANDT</LFIELD>
     <OPERATOR>EQ</OPERATOR>
     <RTAB>MPOS</RTAB>
     <RFIELD>MANDT</RFIELD>
     <SOURCE>S</SOURCE>
    </DD28J>
    <DD28J>
     <VIEWNAME>ZEPM_VIMHIO</VIEWNAME>
     <LTAB>ILOA</LTAB>
     <LFIELD>ILOAN</LFIELD>
     <OPERATOR>EQ</OPERATOR>
     <RTAB>MPOS</RTAB>
     <RFIELD>ILOAN</RFIELD>
     <SOURCE>S</SOURCE>
    </DD28J>
    <DD28J>
     <VIEWNAME>ZEPM_VIMHIO</VIEWNAME>
     <LTAB>MHIO</LTAB>
     <LFIELD>MANDT</LFIELD>
     <OPERATOR>EQ</OPERATOR>
     <RTAB>MPOS</RTAB>
     <RFIELD>MANDT</RFIELD>
     <SOURCE>S</SOURCE>
    </DD28J>
    <DD28J>
     <VIEWNAME>ZEPM_VIMHIO</VIEWNAME>
     <LTAB>MHIO</LTAB>
     <LFIELD>WPPOS</LFIELD>
     <OPERATOR>EQ</OPERATOR>
     <RTAB>MPOS</RTAB>
     <RFIELD>WAPOS</RFIELD>
     <SOURCE>S</SOURCE>
    </DD28J>
    <DD28J>
     <VIEWNAME>ZEPM_VIMHIO</VIEWNAME>
     <LTAB>MPLA</LTAB>
     <LFIELD>MANDT</LFIELD>
     <OPERATOR>EQ</OPERATOR>
     <RTAB>MHIO</RTAB>
     <RFIELD>MANDT</RFIELD>
     <SOURCE>S</SOURCE>
    </DD28J>
    <DD28J>
     <VIEWNAME>ZEPM_VIMHIO</VIEWNAME>
     <LTAB>MPLA</LTAB>
     <LFIELD>WARPL</LFIELD>
     <OPERATOR>EQ</OPERATOR>
     <RTAB>MHIO</RTAB>
     <RFIELD>WARPL</RFIELD>
     <SOURCE>S</SOURCE>
    </DD28J>
    <DD28J>
     <VIEWNAME>ZEPM_VIMHIO</VIEWNAME>
     <LTAB>MPLA</LTAB>
     <LFIELD>MANDT</LFIELD>
     <OPERATOR>EQ</OPERATOR>
     <RTAB>MMPT</RTAB>
     <RFIELD>MANDT</RFIELD>
     <SOURCE>S</SOURCE>
    </DD28J>
    <DD28J>
     <VIEWNAME>ZEPM_VIMHIO</VIEWNAME>
     <LTAB>MPLA</LTAB>
     <LFIELD>WARPL</LFIELD>
     <OPERATOR>EQ</OPERATOR>
     <RTAB>MMPT</RTAB>
     <RFIELD>WARPL</RFIELD>
     <SOURCE>S</SOURCE>
    </DD28J>
   </DD28J_TABLE>
  </asx:values>
 </asx:abap>
</abapGit>
