﻿<?xml version="1.0" encoding="utf-8"?>
<abapGit version="v1.0.0" serializer="LCL_OBJECT_DTEL" serializer_version="v1.0.0">
 <asx:abap xmlns:asx="http://www.sap.com/abapxml" version="1.0">
  <asx:values>
   <DD04V>
    <ROLLNAME>ZEPM_ARBPL_RESP</ROLLNAME>
    <DDLANGUAGE>P</DDLANGUAGE>
    <DOMNAME>ARBPL</DOMNAME>
    <HEADLEN>30</HEADLEN>
    <SCRLEN1>10</SCRLEN1>
    <SCRLEN2>18</SCRLEN2>
    <SCRLEN3>30</SCRLEN3>
    <DDTEXT>Centro de Trabalho Responsável</DDTEXT>
    <REPTEXT>Centro de Trabalho Responsável</REPTEXT>
    <SCRTEXT_S>Cent. Trab</SCRTEXT_S>
    <SCRTEXT_M>Centro de Trabalho</SCRTEXT_M>
    <SCRTEXT_L>Centro de Trabalho Responsável</SCRTEXT_L>
    <DTELMASTER>P</DTELMASTER>
    <REFKIND>D</REFKIND>
   </DD04V>
  </asx:values>
 </asx:abap>
</abapGit>
