﻿<?xml version="1.0" encoding="utf-8"?>
<abapGit version="v1.0.0" serializer="LCL_OBJECT_DTEL" serializer_version="v1.0.0">
 <asx:abap xmlns:asx="http://www.sap.com/abapxml" version="1.0">
  <asx:values>
   <DD04V>
    <ROLLNAME>ZEPM_NOTA_TEXT</ROLLNAME>
    <DDLANGUAGE>P</DDLANGUAGE>
    <DOMNAME>STRING</DOMNAME>
    <HEADLEN>30</HEADLEN>
    <SCRLEN1>09</SCRLEN1>
    <SCRLEN2>18</SCRLEN2>
    <SCRLEN3>30</SCRLEN3>
    <DDTEXT>Elemento de dados para Texto descritivo - Nota de Ordem</DDTEXT>
    <REPTEXT>Texto descritivo Situação</REPTEXT>
    <SCRTEXT_S>Txt.descr</SCRTEXT_S>
    <SCRTEXT_M>Txt.descr.situação</SCRTEXT_M>
    <SCRTEXT_L>Texto descritivo Situação</SCRTEXT_L>
    <DTELMASTER>P</DTELMASTER>
    <REFKIND>D</REFKIND>
   </DD04V>
  </asx:values>
 </asx:abap>
</abapGit>
