﻿<?xml version="1.0" encoding="utf-8"?>
<abapGit version="v1.0.0" serializer="LCL_OBJECT_DTEL" serializer_version="v1.0.0">
 <asx:abap xmlns:asx="http://www.sap.com/abapxml" version="1.0">
  <asx:values>
   <DD04V>
    <ROLLNAME>ZEPM_INICIO_BASE</ROLLNAME>
    <DDLANGUAGE>P</DDLANGUAGE>
    <DOMNAME>DATUM</DOMNAME>
    <HEADLEN>11</HEADLEN>
    <SCRLEN1>09</SCRLEN1>
    <SCRLEN2>09</SCRLEN2>
    <SCRLEN3>11</SCRLEN3>
    <DDTEXT>Elemento de dados para Data Inicio Base - PM</DDTEXT>
    <REPTEXT>Inicio Base</REPTEXT>
    <SCRTEXT_S>Ini. Bas.</SCRTEXT_S>
    <SCRTEXT_M>Ini. Base</SCRTEXT_M>
    <SCRTEXT_L>Inicio Base</SCRTEXT_L>
    <DTELMASTER>P</DTELMASTER>
    <REFKIND>D</REFKIND>
   </DD04V>
  </asx:values>
 </asx:abap>
</abapGit>
