﻿<?xml version="1.0" encoding="utf-8"?>
<abapGit version="v1.0.0" serializer="LCL_OBJECT_DTEL" serializer_version="v1.0.0">
 <asx:abap xmlns:asx="http://www.sap.com/abapxml" version="1.0">
  <asx:values>
   <DD04V>
    <ROLLNAME>ZEPM_SOLIC</ROLLNAME>
    <DDLANGUAGE>P</DDLANGUAGE>
    <DOMNAME>CHAR100</DOMNAME>
    <HEADLEN>11</HEADLEN>
    <SCRLEN1>06</SCRLEN1>
    <SCRLEN2>11</SCRLEN2>
    <SCRLEN3>11</SCRLEN3>
    <DDTEXT>Elemento de dados para o campo solicitante - PM</DDTEXT>
    <REPTEXT>Solicitante</REPTEXT>
    <SCRTEXT_S>Solic.</SCRTEXT_S>
    <SCRTEXT_M>Solicitante</SCRTEXT_M>
    <SCRTEXT_L>Solicitante</SCRTEXT_L>
    <DTELMASTER>P</DTELMASTER>
    <REFKIND>D</REFKIND>
   </DD04V>
  </asx:values>
 </asx:abap>
</abapGit>
