﻿<?xml version="1.0" encoding="utf-8"?>
<abapGit version="v1.0.0" serializer="LCL_OBJECT_TABL" serializer_version="v1.0.0">
 <asx:abap xmlns:asx="http://www.sap.com/abapxml" version="1.0">
  <asx:values>
   <DD02V>
    <TABNAME>ZEPS_EXT_TAREFA</TABNAME>
    <DDLANGUAGE>P</DDLANGUAGE>
    <TABCLASS>INTTAB</TABCLASS>
    <DDTEXT>Extração de tarefa</DDTEXT>
    <EXCLASS>3</EXCLASS>
   </DD02V>
   <DD03P_TABLE>
    <DD03P>
     <TABNAME>ZEPS_EXT_TAREFA</TABNAME>
     <FIELDNAME>PSPID</FIELDNAME>
     <POSITION>0001</POSITION>
     <ROLLNAME>PS_PSPID</ROLLNAME>
     <ADMINFIELD>0</ADMINFIELD>
     <SHLPORIGIN>D</SHLPORIGIN>
     <COMPTYPE>E</COMPTYPE>
    </DD03P>
    <DD03P>
     <TABNAME>ZEPS_EXT_TAREFA</TABNAME>
     <FIELDNAME>POSID</FIELDNAME>
     <POSITION>0002</POSITION>
     <ROLLNAME>PS_POSID</ROLLNAME>
     <ADMINFIELD>0</ADMINFIELD>
     <COMPTYPE>E</COMPTYPE>
    </DD03P>
    <DD03P>
     <TABNAME>ZEPS_EXT_TAREFA</TABNAME>
     <FIELDNAME>AUFNR</FIELDNAME>
     <POSITION>0003</POSITION>
     <ROLLNAME>AUF_NETNR</ROLLNAME>
     <ADMINFIELD>0</ADMINFIELD>
     <COMPTYPE>E</COMPTYPE>
    </DD03P>
    <DD03P>
     <TABNAME>ZEPS_EXT_TAREFA</TABNAME>
     <FIELDNAME>VORNR</FIELDNAME>
     <POSITION>0004</POSITION>
     <ROLLNAME>CN_VORNR</ROLLNAME>
     <ADMINFIELD>0</ADMINFIELD>
     <COMPTYPE>E</COMPTYPE>
    </DD03P>
    <DD03P>
     <TABNAME>ZEPS_EXT_TAREFA</TABNAME>
     <FIELDNAME>LTXA1</FIELDNAME>
     <POSITION>0005</POSITION>
     <ROLLNAME>LTXA1</ROLLNAME>
     <ADMINFIELD>0</ADMINFIELD>
     <COMPTYPE>E</COMPTYPE>
    </DD03P>
    <DD03P>
     <TABNAME>ZEPS_EXT_TAREFA</TABNAME>
     <FIELDNAME>STEUS</FIELDNAME>
     <POSITION>0006</POSITION>
     <ROLLNAME>STEUS</ROLLNAME>
     <ADMINFIELD>0</ADMINFIELD>
     <COMPTYPE>E</COMPTYPE>
    </DD03P>
    <DD03P>
     <TABNAME>ZEPS_EXT_TAREFA</TABNAME>
     <FIELDNAME>STEUTXT</FIELDNAME>
     <POSITION>0007</POSITION>
     <ROLLNAME>STEUTXT</ROLLNAME>
     <ADMINFIELD>0</ADMINFIELD>
     <COMPTYPE>E</COMPTYPE>
    </DD03P>
    <DD03P>
     <TABNAME>ZEPS_EXT_TAREFA</TABNAME>
     <FIELDNAME>GSBER</FIELDNAME>
     <POSITION>0008</POSITION>
     <ROLLNAME>GSBER</ROLLNAME>
     <ADMINFIELD>0</ADMINFIELD>
     <COMPTYPE>E</COMPTYPE>
    </DD03P>
    <DD03P>
     <TABNAME>ZEPS_EXT_TAREFA</TABNAME>
     <FIELDNAME>BUKRS</FIELDNAME>
     <POSITION>0009</POSITION>
     <ROLLNAME>BUKRS</ROLLNAME>
     <ADMINFIELD>0</ADMINFIELD>
     <SHLPORIGIN>D</SHLPORIGIN>
     <COMPTYPE>E</COMPTYPE>
    </DD03P>
    <DD03P>
     <TABNAME>ZEPS_EXT_TAREFA</TABNAME>
     <FIELDNAME>WERKS</FIELDNAME>
     <POSITION>0010</POSITION>
     <ROLLNAME>WERKS_D</ROLLNAME>
     <ADMINFIELD>0</ADMINFIELD>
     <SHLPORIGIN>D</SHLPORIGIN>
     <COMPTYPE>E</COMPTYPE>
    </DD03P>
    <DD03P>
     <TABNAME>ZEPS_EXT_TAREFA</TABNAME>
     <FIELDNAME>WAERS</FIELDNAME>
     <POSITION>0011</POSITION>
     <ROLLNAME>WAERS</ROLLNAME>
     <ADMINFIELD>0</ADMINFIELD>
     <COMPTYPE>E</COMPTYPE>
    </DD03P>
    <DD03P>
     <TABNAME>ZEPS_EXT_TAREFA</TABNAME>
     <FIELDNAME>EKGRP</FIELDNAME>
     <POSITION>0012</POSITION>
     <ROLLNAME>VG_EKGRP</ROLLNAME>
     <ADMINFIELD>0</ADMINFIELD>
     <COMPTYPE>E</COMPTYPE>
    </DD03P>
    <DD03P>
     <TABNAME>ZEPS_EXT_TAREFA</TABNAME>
     <FIELDNAME>MATKL</FIELDNAME>
     <POSITION>0013</POSITION>
     <ROLLNAME>MATKL</ROLLNAME>
     <ADMINFIELD>0</ADMINFIELD>
     <SHLPORIGIN>D</SHLPORIGIN>
     <COMPTYPE>E</COMPTYPE>
    </DD03P>
    <DD03P>
     <TABNAME>ZEPS_EXT_TAREFA</TABNAME>
     <FIELDNAME>EKORG</FIELDNAME>
     <POSITION>0014</POSITION>
     <ROLLNAME>EKORG</ROLLNAME>
     <ADMINFIELD>0</ADMINFIELD>
     <COMPTYPE>E</COMPTYPE>
    </DD03P>
    <DD03P>
     <TABNAME>ZEPS_EXT_TAREFA</TABNAME>
     <FIELDNAME>MLSTN</FIELDNAME>
     <POSITION>0015</POSITION>
     <ROLLNAME>MILESTONE</ROLLNAME>
     <ADMINFIELD>0</ADMINFIELD>
     <COMPTYPE>E</COMPTYPE>
    </DD03P>
    <DD03P>
     <TABNAME>ZEPS_EXT_TAREFA</TABNAME>
     <FIELDNAME>MLSTXT</FIELDNAME>
     <POSITION>0016</POSITION>
     <ROLLNAME>PS_MLSTTXT</ROLLNAME>
     <ADMINFIELD>0</ADMINFIELD>
     <COMPTYPE>E</COMPTYPE>
    </DD03P>
    <DD03P>
     <TABNAME>ZEPS_EXT_TAREFA</TABNAME>
     <FIELDNAME>FSAVD</FIELDNAME>
     <POSITION>0017</POSITION>
     <ROLLNAME>FSAVD</ROLLNAME>
     <ADMINFIELD>0</ADMINFIELD>
     <SHLPORIGIN>T</SHLPORIGIN>
     <COMPTYPE>E</COMPTYPE>
    </DD03P>
    <DD03P>
     <TABNAME>ZEPS_EXT_TAREFA</TABNAME>
     <FIELDNAME>FSEDZ</FIELDNAME>
     <POSITION>0018</POSITION>
     <ROLLNAME>FSEDZ</ROLLNAME>
     <ADMINFIELD>0</ADMINFIELD>
     <SHLPORIGIN>T</SHLPORIGIN>
     <COMPTYPE>E</COMPTYPE>
    </DD03P>
    <DD03P>
     <TABNAME>ZEPS_EXT_TAREFA</TABNAME>
     <FIELDNAME>NTANF</FIELDNAME>
     <POSITION>0019</POSITION>
     <ROLLNAME>VORGABESTD</ROLLNAME>
     <ADMINFIELD>0</ADMINFIELD>
     <SHLPORIGIN>T</SHLPORIGIN>
     <COMPTYPE>E</COMPTYPE>
    </DD03P>
    <DD03P>
     <TABNAME>ZEPS_EXT_TAREFA</TABNAME>
     <FIELDNAME>NTEND</FIELDNAME>
     <POSITION>0020</POSITION>
     <ROLLNAME>VORGABEEND</ROLLNAME>
     <ADMINFIELD>0</ADMINFIELD>
     <SHLPORIGIN>T</SHLPORIGIN>
     <COMPTYPE>E</COMPTYPE>
    </DD03P>
    <DD03P>
     <TABNAME>ZEPS_EXT_TAREFA</TABNAME>
     <FIELDNAME>ANFKO</FIELDNAME>
     <POSITION>0021</POSITION>
     <ROLLNAME>ANFKO</ROLLNAME>
     <ADMINFIELD>0</ADMINFIELD>
     <COMPTYPE>E</COMPTYPE>
    </DD03P>
    <DD03P>
     <TABNAME>ZEPS_EXT_TAREFA</TABNAME>
     <FIELDNAME>PRCTR</FIELDNAME>
     <POSITION>0022</POSITION>
     <ROLLNAME>PRCTR</ROLLNAME>
     <ADMINFIELD>0</ADMINFIELD>
     <SHLPORIGIN>D</SHLPORIGIN>
     <COMPTYPE>E</COMPTYPE>
    </DD03P>
    <DD03P>
     <TABNAME>ZEPS_EXT_TAREFA</TABNAME>
     <FIELDNAME>SAKTO</FIELDNAME>
     <POSITION>0023</POSITION>
     <ROLLNAME>KSTAR</ROLLNAME>
     <ADMINFIELD>0</ADMINFIELD>
     <COMPTYPE>E</COMPTYPE>
    </DD03P>
    <DD03P>
     <TABNAME>ZEPS_EXT_TAREFA</TABNAME>
     <FIELDNAME>BANFN</FIELDNAME>
     <POSITION>0024</POSITION>
     <ROLLNAME>CO_BANFN</ROLLNAME>
     <ADMINFIELD>0</ADMINFIELD>
     <COMPTYPE>E</COMPTYPE>
    </DD03P>
    <DD03P>
     <TABNAME>ZEPS_EXT_TAREFA</TABNAME>
     <FIELDNAME>AUDISP</FIELDNAME>
     <POSITION>0025</POSITION>
     <ROLLNAME>AUDISP</ROLLNAME>
     <ADMINFIELD>0</ADMINFIELD>
     <VALEXI>X</VALEXI>
     <SHLPORIGIN>F</SHLPORIGIN>
     <COMPTYPE>E</COMPTYPE>
    </DD03P>
    <DD03P>
     <TABNAME>ZEPS_EXT_TAREFA</TABNAME>
     <FIELDNAME>FLG_PURS</FIELDNAME>
     <POSITION>0026</POSITION>
     <ROLLNAME>FLG_PURS</ROLLNAME>
     <ADMINFIELD>0</ADMINFIELD>
     <VALEXI>X</VALEXI>
     <SHLPORIGIN>F</SHLPORIGIN>
     <COMPTYPE>E</COMPTYPE>
    </DD03P>
    <DD03P>
     <TABNAME>ZEPS_EXT_TAREFA</TABNAME>
     <FIELDNAME>AFNAM</FIELDNAME>
     <POSITION>0027</POSITION>
     <ROLLNAME>AFNAM</ROLLNAME>
     <ADMINFIELD>0</ADMINFIELD>
     <COMPTYPE>E</COMPTYPE>
    </DD03P>
    <DD03P>
     <TABNAME>ZEPS_EXT_TAREFA</TABNAME>
     <FIELDNAME>SORTL</FIELDNAME>
     <POSITION>0028</POSITION>
     <ROLLNAME>SORTI</ROLLNAME>
     <ADMINFIELD>0</ADMINFIELD>
     <COMPTYPE>E</COMPTYPE>
    </DD03P>
    <DD03P>
     <TABNAME>ZEPS_EXT_TAREFA</TABNAME>
     <FIELDNAME>STATXT</FIELDNAME>
     <POSITION>0029</POSITION>
     <ROLLNAME>STATUSTEXT_2</ROLLNAME>
     <ADMINFIELD>0</ADMINFIELD>
     <COMPTYPE>E</COMPTYPE>
    </DD03P>
   </DD03P_TABLE>
  </asx:values>
 </asx:abap>
</abapGit>
