﻿<?xml version="1.0" encoding="utf-8"?>
<abapGit version="v1.0.0" serializer="LCL_OBJECT_TABL" serializer_version="v1.0.0">
 <asx:abap xmlns:asx="http://www.sap.com/abapxml" version="1.0">
  <asx:values>
   <DD02V>
    <TABNAME>ZEPS_EXT_COMPROMISSO</TABNAME>
    <DDLANGUAGE>P</DDLANGUAGE>
    <TABCLASS>INTTAB</TABCLASS>
    <DDTEXT>Extração de compromisso</DDTEXT>
    <EXCLASS>3</EXCLASS>
   </DD02V>
   <DD03P_TABLE>
    <DD03P>
     <TABNAME>ZEPS_EXT_COMPROMISSO</TABNAME>
     <FIELDNAME>PSPID</FIELDNAME>
     <POSITION>0001</POSITION>
     <ROLLNAME>PS_PSPID</ROLLNAME>
     <ADMINFIELD>0</ADMINFIELD>
     <SHLPORIGIN>D</SHLPORIGIN>
     <COMPTYPE>E</COMPTYPE>
    </DD03P>
    <DD03P>
     <TABNAME>ZEPS_EXT_COMPROMISSO</TABNAME>
     <FIELDNAME>POSID</FIELDNAME>
     <POSITION>0002</POSITION>
     <ROLLNAME>PS_POSID</ROLLNAME>
     <ADMINFIELD>0</ADMINFIELD>
     <COMPTYPE>E</COMPTYPE>
    </DD03P>
    <DD03P>
     <TABNAME>ZEPS_EXT_COMPROMISSO</TABNAME>
     <FIELDNAME>REFBT</FIELDNAME>
     <POSITION>0003</POSITION>
     <ROLLNAME>CO_REFBTYP</ROLLNAME>
     <ADMINFIELD>0</ADMINFIELD>
     <VALEXI>X</VALEXI>
     <SHLPORIGIN>F</SHLPORIGIN>
     <COMPTYPE>E</COMPTYPE>
    </DD03P>
    <DD03P>
     <TABNAME>ZEPS_EXT_COMPROMISSO</TABNAME>
     <FIELDNAME>GJAHR</FIELDNAME>
     <POSITION>0004</POSITION>
     <ROLLNAME>GJAHR</ROLLNAME>
     <ADMINFIELD>0</ADMINFIELD>
     <COMPTYPE>E</COMPTYPE>
    </DD03P>
    <DD03P>
     <TABNAME>ZEPS_EXT_COMPROMISSO</TABNAME>
     <FIELDNAME>PERIO</FIELDNAME>
     <POSITION>0005</POSITION>
     <ROLLNAME>CO_PERIO</ROLLNAME>
     <ADMINFIELD>0</ADMINFIELD>
     <VALEXI>X</VALEXI>
     <SHLPORIGIN>F</SHLPORIGIN>
     <COMPTYPE>E</COMPTYPE>
    </DD03P>
    <DD03P>
     <TABNAME>ZEPS_EXT_COMPROMISSO</TABNAME>
     <FIELDNAME>AUFNR</FIELDNAME>
     <POSITION>0006</POSITION>
     <ROLLNAME>AUFNR</ROLLNAME>
     <ADMINFIELD>0</ADMINFIELD>
     <COMPTYPE>E</COMPTYPE>
    </DD03P>
    <DD03P>
     <TABNAME>ZEPS_EXT_COMPROMISSO</TABNAME>
     <FIELDNAME>OBART</FIELDNAME>
     <POSITION>0007</POSITION>
     <ROLLNAME>CO_OBJ_A</ROLLNAME>
     <ADMINFIELD>0</ADMINFIELD>
     <COMPTYPE>E</COMPTYPE>
    </DD03P>
    <DD03P>
     <TABNAME>ZEPS_EXT_COMPROMISSO</TABNAME>
     <FIELDNAME>OBJID</FIELDNAME>
     <POSITION>0008</POSITION>
     <ROLLNAME>CO_OBJNR</ROLLNAME>
     <ADMINFIELD>0</ADMINFIELD>
     <COMPTYPE>E</COMPTYPE>
    </DD03P>
    <DD03P>
     <TABNAME>ZEPS_EXT_COMPROMISSO</TABNAME>
     <FIELDNAME>BUKRS</FIELDNAME>
     <POSITION>0009</POSITION>
     <ROLLNAME>BUKRS</ROLLNAME>
     <ADMINFIELD>0</ADMINFIELD>
     <SHLPORIGIN>D</SHLPORIGIN>
     <COMPTYPE>E</COMPTYPE>
    </DD03P>
    <DD03P>
     <TABNAME>ZEPS_EXT_COMPROMISSO</TABNAME>
     <FIELDNAME>BLDAT</FIELDNAME>
     <POSITION>0010</POSITION>
     <ROLLNAME>CO_BLDAT</ROLLNAME>
     <ADMINFIELD>0</ADMINFIELD>
     <SHLPORIGIN>T</SHLPORIGIN>
     <COMPTYPE>E</COMPTYPE>
    </DD03P>
    <DD03P>
     <TABNAME>ZEPS_EXT_COMPROMISSO</TABNAME>
     <FIELDNAME>BUDAT</FIELDNAME>
     <POSITION>0011</POSITION>
     <ROLLNAME>CO_PODAT</ROLLNAME>
     <ADMINFIELD>0</ADMINFIELD>
     <SHLPORIGIN>T</SHLPORIGIN>
     <COMPTYPE>E</COMPTYPE>
    </DD03P>
    <DD03P>
     <TABNAME>ZEPS_EXT_COMPROMISSO</TABNAME>
     <FIELDNAME>BEKNZ</FIELDNAME>
     <POSITION>0012</POSITION>
     <ROLLNAME>BEKNZ</ROLLNAME>
     <ADMINFIELD>0</ADMINFIELD>
     <VALEXI>X</VALEXI>
     <SHLPORIGIN>F</SHLPORIGIN>
     <COMPTYPE>E</COMPTYPE>
    </DD03P>
    <DD03P>
     <TABNAME>ZEPS_EXT_COMPROMISSO</TABNAME>
     <FIELDNAME>WRTTP</FIELDNAME>
     <POSITION>0013</POSITION>
     <ROLLNAME>CO_WRTTP</ROLLNAME>
     <ADMINFIELD>0</ADMINFIELD>
     <VALEXI>X</VALEXI>
     <SHLPORIGIN>F</SHLPORIGIN>
     <COMPTYPE>E</COMPTYPE>
    </DD03P>
    <DD03P>
     <TABNAME>ZEPS_EXT_COMPROMISSO</TABNAME>
     <FIELDNAME>SAKTO</FIELDNAME>
     <POSITION>0014</POSITION>
     <ROLLNAME>SAKTO</ROLLNAME>
     <ADMINFIELD>0</ADMINFIELD>
     <COMPTYPE>E</COMPTYPE>
    </DD03P>
    <DD03P>
     <TABNAME>ZEPS_EXT_COMPROMISSO</TABNAME>
     <FIELDNAME>CEL_LTXT</FIELDNAME>
     <POSITION>0015</POSITION>
     <ROLLNAME>KAEP_CELTX</ROLLNAME>
     <ADMINFIELD>0</ADMINFIELD>
     <COMPTYPE>E</COMPTYPE>
    </DD03P>
    <DD03P>
     <TABNAME>ZEPS_EXT_COMPROMISSO</TABNAME>
     <FIELDNAME>REFBN</FIELDNAME>
     <POSITION>0016</POSITION>
     <ROLLNAME>CO_REFBN</ROLLNAME>
     <ADMINFIELD>0</ADMINFIELD>
     <COMPTYPE>E</COMPTYPE>
    </DD03P>
    <DD03P>
     <TABNAME>ZEPS_EXT_COMPROMISSO</TABNAME>
     <FIELDNAME>RFPOS</FIELDNAME>
     <POSITION>0017</POSITION>
     <ROLLNAME>CC_RFPOS</ROLLNAME>
     <ADMINFIELD>0</ADMINFIELD>
     <COMPTYPE>E</COMPTYPE>
    </DD03P>
    <DD03P>
     <TABNAME>ZEPS_EXT_COMPROMISSO</TABNAME>
     <FIELDNAME>MATNR</FIELDNAME>
     <POSITION>0018</POSITION>
     <ROLLNAME>MATNR</ROLLNAME>
     <ADMINFIELD>0</ADMINFIELD>
     <SHLPORIGIN>D</SHLPORIGIN>
     <COMPTYPE>E</COMPTYPE>
    </DD03P>
    <DD03P>
     <TABNAME>ZEPS_EXT_COMPROMISSO</TABNAME>
     <FIELDNAME>MAT_TXT</FIELDNAME>
     <POSITION>0019</POSITION>
     <ROLLNAME>MAKTX</ROLLNAME>
     <ADMINFIELD>0</ADMINFIELD>
     <COMPTYPE>E</COMPTYPE>
    </DD03P>
    <DD03P>
     <TABNAME>ZEPS_EXT_COMPROMISSO</TABNAME>
     <FIELDNAME>MATKL</FIELDNAME>
     <POSITION>0020</POSITION>
     <ROLLNAME>MATKL</ROLLNAME>
     <ADMINFIELD>0</ADMINFIELD>
     <SHLPORIGIN>D</SHLPORIGIN>
     <COMPTYPE>E</COMPTYPE>
    </DD03P>
    <DD03P>
     <TABNAME>ZEPS_EXT_COMPROMISSO</TABNAME>
     <FIELDNAME>LIFNR</FIELDNAME>
     <POSITION>0021</POSITION>
     <ROLLNAME>LIFNR</ROLLNAME>
     <ADMINFIELD>0</ADMINFIELD>
     <SHLPORIGIN>D</SHLPORIGIN>
     <COMPTYPE>E</COMPTYPE>
    </DD03P>
    <DD03P>
     <TABNAME>ZEPS_EXT_COMPROMISSO</TABNAME>
     <FIELDNAME>GESMNG</FIELDNAME>
     <POSITION>0022</POSITION>
     <ROLLNAME>MENGE1</ROLLNAME>
     <ADMINFIELD>0</ADMINFIELD>
     <REFTABLE>KAEP_CM</REFTABLE>
     <REFFIELD>MEINH</REFFIELD>
     <COMPTYPE>E</COMPTYPE>
    </DD03P>
    <DD03P>
     <TABNAME>ZEPS_EXT_COMPROMISSO</TABNAME>
     <FIELDNAME>MEGBTR</FIELDNAME>
     <POSITION>0023</POSITION>
     <ROLLNAME>MEGXXX</ROLLNAME>
     <ADMINFIELD>0</ADMINFIELD>
     <REFTABLE>KAEP_CM</REFTABLE>
     <REFFIELD>MEINH</REFFIELD>
     <COMPTYPE>E</COMPTYPE>
    </DD03P>
    <DD03P>
     <TABNAME>ZEPS_EXT_COMPROMISSO</TABNAME>
     <FIELDNAME>RFART</FIELDNAME>
     <POSITION>0024</POSITION>
     <ROLLNAME>CC_RFART</ROLLNAME>
     <ADMINFIELD>0</ADMINFIELD>
     <COMPTYPE>E</COMPTYPE>
    </DD03P>
    <DD03P>
     <TABNAME>ZEPS_EXT_COMPROMISSO</TABNAME>
     <FIELDNAME>MEINH</FIELDNAME>
     <POSITION>0025</POSITION>
     <ROLLNAME>CO_MEINH</ROLLNAME>
     <ADMINFIELD>0</ADMINFIELD>
     <COMPTYPE>E</COMPTYPE>
    </DD03P>
    <DD03P>
     <TABNAME>ZEPS_EXT_COMPROMISSO</TABNAME>
     <FIELDNAME>WKGBTR</FIELDNAME>
     <POSITION>0026</POSITION>
     <ROLLNAME>WKGXXX</ROLLNAME>
     <ADMINFIELD>0</ADMINFIELD>
     <REFTABLE>KAEP_CM</REFTABLE>
     <REFFIELD>KWAER</REFFIELD>
     <COMPTYPE>E</COMPTYPE>
    </DD03P>
    <DD03P>
     <TABNAME>ZEPS_EXT_COMPROMISSO</TABNAME>
     <FIELDNAME>VRGNG</FIELDNAME>
     <POSITION>0027</POSITION>
     <ROLLNAME>CO_VORGANG</ROLLNAME>
     <ADMINFIELD>0</ADMINFIELD>
     <COMPTYPE>E</COMPTYPE>
    </DD03P>
    <DD03P>
     <TABNAME>ZEPS_EXT_COMPROMISSO</TABNAME>
     <FIELDNAME>LOEKZ</FIELDNAME>
     <POSITION>0028</POSITION>
     <ROLLNAME>ELOEK</ROLLNAME>
     <ADMINFIELD>0</ADMINFIELD>
     <COMPTYPE>E</COMPTYPE>
    </DD03P>
   </DD03P_TABLE>
  </asx:values>
 </asx:abap>
</abapGit>
