﻿<?xml version="1.0" encoding="utf-8"?>
<abapGit version="v1.0.0" serializer="LCL_OBJECT_TABL" serializer_version="v1.0.0">
 <asx:abap xmlns:asx="http://www.sap.com/abapxml" version="1.0">
  <asx:values>
   <DD02V>
    <TABNAME>ZEPS_EXT_MAT_SERV</TABNAME>
    <DDLANGUAGE>P</DDLANGUAGE>
    <TABCLASS>INTTAB</TABCLASS>
    <DDTEXT>Extração de Material/Serviço</DDTEXT>
    <EXCLASS>3</EXCLASS>
   </DD02V>
   <DD03P_TABLE>
    <DD03P>
     <TABNAME>ZEPS_EXT_MAT_SERV</TABNAME>
     <FIELDNAME>PSPID</FIELDNAME>
     <POSITION>0001</POSITION>
     <ROLLNAME>PS_PSPID</ROLLNAME>
     <ADMINFIELD>0</ADMINFIELD>
     <SHLPORIGIN>D</SHLPORIGIN>
     <COMPTYPE>E</COMPTYPE>
    </DD03P>
    <DD03P>
     <TABNAME>ZEPS_EXT_MAT_SERV</TABNAME>
     <FIELDNAME>POSID</FIELDNAME>
     <POSITION>0002</POSITION>
     <ROLLNAME>PS_POSID</ROLLNAME>
     <ADMINFIELD>0</ADMINFIELD>
     <COMPTYPE>E</COMPTYPE>
    </DD03P>
    <DD03P>
     <TABNAME>ZEPS_EXT_MAT_SERV</TABNAME>
     <FIELDNAME>AUFNR</FIELDNAME>
     <POSITION>0003</POSITION>
     <ROLLNAME>AUF_NETNR</ROLLNAME>
     <ADMINFIELD>0</ADMINFIELD>
     <COMPTYPE>E</COMPTYPE>
    </DD03P>
    <DD03P>
     <TABNAME>ZEPS_EXT_MAT_SERV</TABNAME>
     <FIELDNAME>VORNR</FIELDNAME>
     <POSITION>0004</POSITION>
     <ROLLNAME>CN_VORNR</ROLLNAME>
     <ADMINFIELD>0</ADMINFIELD>
     <COMPTYPE>E</COMPTYPE>
    </DD03P>
    <DD03P>
     <TABNAME>ZEPS_EXT_MAT_SERV</TABNAME>
     <FIELDNAME>MATNR</FIELDNAME>
     <POSITION>0005</POSITION>
     <ROLLNAME>MATNR</ROLLNAME>
     <ADMINFIELD>0</ADMINFIELD>
     <SHLPORIGIN>D</SHLPORIGIN>
     <COMPTYPE>E</COMPTYPE>
    </DD03P>
    <DD03P>
     <TABNAME>ZEPS_EXT_MAT_SERV</TABNAME>
     <FIELDNAME>MTEXT</FIELDNAME>
     <POSITION>0006</POSITION>
     <ROLLNAME>PS_MATTEXT</ROLLNAME>
     <ADMINFIELD>0</ADMINFIELD>
     <COMPTYPE>E</COMPTYPE>
    </DD03P>
    <DD03P>
     <TABNAME>ZEPS_EXT_MAT_SERV</TABNAME>
     <FIELDNAME>EKGRP</FIELDNAME>
     <POSITION>0007</POSITION>
     <ROLLNAME>EKGRP</ROLLNAME>
     <ADMINFIELD>0</ADMINFIELD>
     <COMPTYPE>E</COMPTYPE>
    </DD03P>
    <DD03P>
     <TABNAME>ZEPS_EXT_MAT_SERV</TABNAME>
     <FIELDNAME>ERFMG</FIELDNAME>
     <POSITION>0008</POSITION>
     <ROLLNAME>ERFMG</ROLLNAME>
     <ADMINFIELD>0</ADMINFIELD>
     <REFTABLE>BSEG</REFTABLE>
     <REFFIELD>ERFME</REFFIELD>
     <COMPTYPE>E</COMPTYPE>
    </DD03P>
    <DD03P>
     <TABNAME>ZEPS_EXT_MAT_SERV</TABNAME>
     <FIELDNAME>ERFME</FIELDNAME>
     <POSITION>0009</POSITION>
     <ROLLNAME>ERFME</ROLLNAME>
     <ADMINFIELD>0</ADMINFIELD>
     <COMPTYPE>E</COMPTYPE>
    </DD03P>
    <DD03P>
     <TABNAME>ZEPS_EXT_MAT_SERV</TABNAME>
     <FIELDNAME>FLMNG</FIELDNAME>
     <POSITION>0010</POSITION>
     <ROLLNAME>FLMNG</ROLLNAME>
     <ADMINFIELD>0</ADMINFIELD>
     <REFTABLE>RESB</REFTABLE>
     <REFFIELD>MEINS</REFFIELD>
     <COMPTYPE>E</COMPTYPE>
    </DD03P>
    <DD03P>
     <TABNAME>ZEPS_EXT_MAT_SERV</TABNAME>
     <FIELDNAME>MENGE</FIELDNAME>
     <POSITION>0011</POSITION>
     <ROLLNAME>CO_MENGE</ROLLNAME>
     <ADMINFIELD>0</ADMINFIELD>
     <REFTABLE>BAPI_ALM_ORDER_COMPONENT</REFTABLE>
     <REFFIELD>REQUIREMENT_QUANTITY_UNIT</REFFIELD>
     <COMPTYPE>E</COMPTYPE>
    </DD03P>
    <DD03P>
     <TABNAME>ZEPS_EXT_MAT_SERV</TABNAME>
     <FIELDNAME>WERKS</FIELDNAME>
     <POSITION>0012</POSITION>
     <ROLLNAME>WERKS_D</ROLLNAME>
     <ADMINFIELD>0</ADMINFIELD>
     <SHLPORIGIN>D</SHLPORIGIN>
     <COMPTYPE>E</COMPTYPE>
    </DD03P>
    <DD03P>
     <TABNAME>ZEPS_EXT_MAT_SERV</TABNAME>
     <FIELDNAME>PRCTR</FIELDNAME>
     <POSITION>0013</POSITION>
     <ROLLNAME>PRCTR</ROLLNAME>
     <ADMINFIELD>0</ADMINFIELD>
     <SHLPORIGIN>D</SHLPORIGIN>
     <COMPTYPE>E</COMPTYPE>
    </DD03P>
    <DD03P>
     <TABNAME>ZEPS_EXT_MAT_SERV</TABNAME>
     <FIELDNAME>SAKNR</FIELDNAME>
     <POSITION>0014</POSITION>
     <ROLLNAME>SAKNR</ROLLNAME>
     <ADMINFIELD>0</ADMINFIELD>
     <SHLPORIGIN>D</SHLPORIGIN>
     <COMPTYPE>E</COMPTYPE>
    </DD03P>
    <DD03P>
     <TABNAME>ZEPS_EXT_MAT_SERV</TABNAME>
     <FIELDNAME>MATKL</FIELDNAME>
     <POSITION>0015</POSITION>
     <ROLLNAME>MATKL</ROLLNAME>
     <ADMINFIELD>0</ADMINFIELD>
     <SHLPORIGIN>D</SHLPORIGIN>
     <COMPTYPE>E</COMPTYPE>
    </DD03P>
    <DD03P>
     <TABNAME>ZEPS_EXT_MAT_SERV</TABNAME>
     <FIELDNAME>RSNUM</FIELDNAME>
     <POSITION>0016</POSITION>
     <ROLLNAME>RSNUM</ROLLNAME>
     <ADMINFIELD>0</ADMINFIELD>
     <COMPTYPE>E</COMPTYPE>
    </DD03P>
    <DD03P>
     <TABNAME>ZEPS_EXT_MAT_SERV</TABNAME>
     <FIELDNAME>AUDISP</FIELDNAME>
     <POSITION>0017</POSITION>
     <ROLLNAME>AUDISP_PLUS</ROLLNAME>
     <ADMINFIELD>0</ADMINFIELD>
     <VALEXI>X</VALEXI>
     <SHLPORIGIN>F</SHLPORIGIN>
     <COMPTYPE>E</COMPTYPE>
    </DD03P>
    <DD03P>
     <TABNAME>ZEPS_EXT_MAT_SERV</TABNAME>
     <FIELDNAME>BANFNR</FIELDNAME>
     <POSITION>0018</POSITION>
     <ROLLNAME>BANFN</ROLLNAME>
     <ADMINFIELD>0</ADMINFIELD>
     <SHLPORIGIN>D</SHLPORIGIN>
     <COMPTYPE>E</COMPTYPE>
    </DD03P>
    <DD03P>
     <TABNAME>ZEPS_EXT_MAT_SERV</TABNAME>
     <FIELDNAME>BANFPO</FIELDNAME>
     <POSITION>0019</POSITION>
     <ROLLNAME>BNFPO</ROLLNAME>
     <ADMINFIELD>0</ADMINFIELD>
     <COMPTYPE>E</COMPTYPE>
    </DD03P>
    <DD03P>
     <TABNAME>ZEPS_EXT_MAT_SERV</TABNAME>
     <FIELDNAME>FLG_PURS</FIELDNAME>
     <POSITION>0020</POSITION>
     <ROLLNAME>FLG_PURS</ROLLNAME>
     <ADMINFIELD>0</ADMINFIELD>
     <VALEXI>X</VALEXI>
     <SHLPORIGIN>F</SHLPORIGIN>
     <COMPTYPE>E</COMPTYPE>
    </DD03P>
    <DD03P>
     <TABNAME>ZEPS_EXT_MAT_SERV</TABNAME>
     <FIELDNAME>GPREIS</FIELDNAME>
     <POSITION>0021</POSITION>
     <ROLLNAME>PPCOMP</ROLLNAME>
     <ADMINFIELD>0</ADMINFIELD>
     <REFTABLE>RESB</REFTABLE>
     <REFFIELD>WAERS</REFFIELD>
     <COMPTYPE>E</COMPTYPE>
    </DD03P>
    <DD03P>
     <TABNAME>ZEPS_EXT_MAT_SERV</TABNAME>
     <FIELDNAME>BDTER</FIELDNAME>
     <POSITION>0022</POSITION>
     <ROLLNAME>BDTER</ROLLNAME>
     <ADMINFIELD>0</ADMINFIELD>
     <SHLPORIGIN>T</SHLPORIGIN>
     <COMPTYPE>E</COMPTYPE>
    </DD03P>
    <DD03P>
     <TABNAME>ZEPS_EXT_MAT_SERV</TABNAME>
     <FIELDNAME>STATXT</FIELDNAME>
     <POSITION>0023</POSITION>
     <ROLLNAME>STATUSTEXT_2</ROLLNAME>
     <ADMINFIELD>0</ADMINFIELD>
     <COMPTYPE>E</COMPTYPE>
    </DD03P>
    <DD03P>
     <TABNAME>ZEPS_EXT_MAT_SERV</TABNAME>
     <FIELDNAME>ABLAD</FIELDNAME>
     <POSITION>0024</POSITION>
     <ROLLNAME>ABLAD</ROLLNAME>
     <ADMINFIELD>0</ADMINFIELD>
     <COMPTYPE>E</COMPTYPE>
    </DD03P>
    <DD03P>
     <TABNAME>ZEPS_EXT_MAT_SERV</TABNAME>
     <FIELDNAME>SBTER</FIELDNAME>
     <POSITION>0025</POSITION>
     <ROLLNAME>SBTER</ROLLNAME>
     <ADMINFIELD>0</ADMINFIELD>
     <SHLPORIGIN>T</SHLPORIGIN>
     <COMPTYPE>E</COMPTYPE>
    </DD03P>
    <DD03P>
     <TABNAME>ZEPS_EXT_MAT_SERV</TABNAME>
     <FIELDNAME>SORTF</FIELDNAME>
     <POSITION>0026</POSITION>
     <ROLLNAME>SORTF</ROLLNAME>
     <ADMINFIELD>0</ADMINFIELD>
     <COMPTYPE>E</COMPTYPE>
    </DD03P>
    <DD03P>
     <TABNAME>ZEPS_EXT_MAT_SERV</TABNAME>
     <FIELDNAME>WAERS</FIELDNAME>
     <POSITION>0027</POSITION>
     <ROLLNAME>WAERS</ROLLNAME>
     <ADMINFIELD>0</ADMINFIELD>
     <COMPTYPE>E</COMPTYPE>
    </DD03P>
    <DD03P>
     <TABNAME>ZEPS_EXT_MAT_SERV</TABNAME>
     <FIELDNAME>BWART</FIELDNAME>
     <POSITION>0028</POSITION>
     <ROLLNAME>BWART</ROLLNAME>
     <ADMINFIELD>0</ADMINFIELD>
     <COMPTYPE>E</COMPTYPE>
    </DD03P>
    <DD03P>
     <TABNAME>ZEPS_EXT_MAT_SERV</TABNAME>
     <FIELDNAME>NOMNG</FIELDNAME>
     <POSITION>0029</POSITION>
     <ROLLNAME>NOMNG</ROLLNAME>
     <ADMINFIELD>0</ADMINFIELD>
     <REFTABLE>MARA</REFTABLE>
     <REFFIELD>MEINS</REFFIELD>
     <COMPTYPE>E</COMPTYPE>
    </DD03P>
    <DD03P>
     <TABNAME>ZEPS_EXT_MAT_SERV</TABNAME>
     <FIELDNAME>ENMNG</FIELDNAME>
     <POSITION>0030</POSITION>
     <ROLLNAME>ENMNG</ROLLNAME>
     <ADMINFIELD>0</ADMINFIELD>
     <REFTABLE>RESB</REFTABLE>
     <REFFIELD>MEINS</REFFIELD>
     <COMPTYPE>E</COMPTYPE>
    </DD03P>
   </DD03P_TABLE>
  </asx:values>
 </asx:abap>
</abapGit>
