﻿<?xml version="1.0" encoding="utf-8"?>
<abapGit version="v1.0.0" serializer="LCL_OBJECT_TABL" serializer_version="v1.0.0">
 <asx:abap xmlns:asx="http://www.sap.com/abapxml" version="1.0">
  <asx:values>
   <DD02V>
    <TABNAME>ZEPS_EXT_NORMA</TABNAME>
    <DDLANGUAGE>P</DDLANGUAGE>
    <TABCLASS>INTTAB</TABCLASS>
    <DDTEXT>Extração de norma de apropriação</DDTEXT>
    <EXCLASS>3</EXCLASS>
   </DD02V>
   <DD03P_TABLE>
    <DD03P>
     <TABNAME>ZEPS_EXT_NORMA</TABNAME>
     <FIELDNAME>OBJNR_ID</FIELDNAME>
     <POSITION>0001</POSITION>
     <ROLLNAME>ZEMISSOR</ROLLNAME>
     <ADMINFIELD>0</ADMINFIELD>
     <COMPTYPE>E</COMPTYPE>
    </DD03P>
    <DD03P>
     <TABNAME>ZEPS_EXT_NORMA</TABNAME>
     <FIELDNAME>OBJNR_TXT</FIELDNAME>
     <POSITION>0002</POSITION>
     <ROLLNAME>ZEMISSOR_TXT</ROLLNAME>
     <ADMINFIELD>0</ADMINFIELD>
     <COMPTYPE>E</COMPTYPE>
    </DD03P>
    <DD03P>
     <TABNAME>ZEPS_EXT_NORMA</TABNAME>
     <FIELDNAME>APROF</FIELDNAME>
     <POSITION>0003</POSITION>
     <ROLLNAME>APROF</ROLLNAME>
     <ADMINFIELD>0</ADMINFIELD>
     <COMPTYPE>E</COMPTYPE>
    </DD03P>
    <DD03P>
     <TABNAME>ZEPS_EXT_NORMA</TABNAME>
     <FIELDNAME>ABSCH</FIELDNAME>
     <POSITION>0004</POSITION>
     <ROLLNAME>BRGABSCH</ROLLNAME>
     <ADMINFIELD>0</ADMINFIELD>
     <COMPTYPE>E</COMPTYPE>
    </DD03P>
    <DD03P>
     <TABNAME>ZEPS_EXT_NORMA</TABNAME>
     <FIELDNAME>URSCH</FIELDNAME>
     <POSITION>0005</POSITION>
     <ROLLNAME>URSCH</ROLLNAME>
     <ADMINFIELD>0</ADMINFIELD>
     <COMPTYPE>E</COMPTYPE>
    </DD03P>
    <DD03P>
     <TABNAME>ZEPS_EXT_NORMA</TABNAME>
     <FIELDNAME>BZDAT</FIELDNAME>
     <POSITION>0006</POSITION>
     <ROLLNAME>BZDAT</ROLLNAME>
     <ADMINFIELD>0</ADMINFIELD>
     <SHLPORIGIN>T</SHLPORIGIN>
     <COMPTYPE>E</COMPTYPE>
    </DD03P>
    <DD03P>
     <TABNAME>ZEPS_EXT_NORMA</TABNAME>
     <FIELDNAME>HIENR</FIELDNAME>
     <POSITION>0007</POSITION>
     <ROLLNAME>BRGHIENR</ROLLNAME>
     <ADMINFIELD>0</ADMINFIELD>
     <COMPTYPE>E</COMPTYPE>
    </DD03P>
    <DD03P>
     <TABNAME>ZEPS_EXT_NORMA</TABNAME>
     <FIELDNAME>SRSLIST</FIELDNAME>
     <POSITION>0008</POSITION>
     <ROLLNAME>SR_SLIST</ROLLNAME>
     <ADMINFIELD>0</ADMINFIELD>
     <COMPTYPE>E</COMPTYPE>
    </DD03P>
    <DD03P>
     <TABNAME>ZEPS_EXT_NORMA</TABNAME>
     <FIELDNAME>ERNAM</FIELDNAME>
     <POSITION>0009</POSITION>
     <ROLLNAME>BRGERNAM</ROLLNAME>
     <ADMINFIELD>0</ADMINFIELD>
     <COMPTYPE>E</COMPTYPE>
    </DD03P>
    <DD03P>
     <TABNAME>ZEPS_EXT_NORMA</TABNAME>
     <FIELDNAME>ERDAT</FIELDNAME>
     <POSITION>0010</POSITION>
     <ROLLNAME>BRGERDAT</ROLLNAME>
     <ADMINFIELD>0</ADMINFIELD>
     <SHLPORIGIN>T</SHLPORIGIN>
     <COMPTYPE>E</COMPTYPE>
    </DD03P>
    <DD03P>
     <TABNAME>ZEPS_EXT_NORMA</TABNAME>
     <FIELDNAME>AENAM</FIELDNAME>
     <POSITION>0011</POSITION>
     <ROLLNAME>BRGAENAM</ROLLNAME>
     <ADMINFIELD>0</ADMINFIELD>
     <COMPTYPE>E</COMPTYPE>
    </DD03P>
    <DD03P>
     <TABNAME>ZEPS_EXT_NORMA</TABNAME>
     <FIELDNAME>AEDAT</FIELDNAME>
     <POSITION>0012</POSITION>
     <ROLLNAME>BRGAEDAT</ROLLNAME>
     <ADMINFIELD>0</ADMINFIELD>
     <SHLPORIGIN>T</SHLPORIGIN>
     <COMPTYPE>E</COMPTYPE>
    </DD03P>
    <DD03P>
     <TABNAME>ZEPS_EXT_NORMA</TABNAME>
     <FIELDNAME>REC_ID</FIELDNAME>
     <POSITION>0013</POSITION>
     <ROLLNAME>ZRECEPTOR</ROLLNAME>
     <ADMINFIELD>0</ADMINFIELD>
     <COMPTYPE>E</COMPTYPE>
    </DD03P>
    <DD03P>
     <TABNAME>ZEPS_EXT_NORMA</TABNAME>
     <FIELDNAME>REC_TXT</FIELDNAME>
     <POSITION>0014</POSITION>
     <ROLLNAME>ZRECEPTOR_TXT</ROLLNAME>
     <ADMINFIELD>0</ADMINFIELD>
     <COMPTYPE>E</COMPTYPE>
    </DD03P>
    <DD03P>
     <TABNAME>ZEPS_EXT_NORMA</TABNAME>
     <FIELDNAME>PROZS</FIELDNAME>
     <POSITION>0015</POSITION>
     <ROLLNAME>BRGPROZS</ROLLNAME>
     <ADMINFIELD>0</ADMINFIELD>
     <COMPTYPE>E</COMPTYPE>
    </DD03P>
    <DD03P>
     <TABNAME>ZEPS_EXT_NORMA</TABNAME>
     <FIELDNAME>PERBZ</FIELDNAME>
     <POSITION>0016</POSITION>
     <ROLLNAME>PERBZ_LD</ROLLNAME>
     <ADMINFIELD>0</ADMINFIELD>
     <VALEXI>X</VALEXI>
     <SHLPORIGIN>F</SHLPORIGIN>
     <COMPTYPE>E</COMPTYPE>
    </DD03P>
    <DD03P>
     <TABNAME>ZEPS_EXT_NORMA</TABNAME>
     <FIELDNAME>AVORG</FIELDNAME>
     <POSITION>0017</POSITION>
     <ROLLNAME>ZOPERACAO</ROLLNAME>
     <ADMINFIELD>0</ADMINFIELD>
     <COMPTYPE>E</COMPTYPE>
    </DD03P>
   </DD03P_TABLE>
  </asx:values>
 </asx:abap>
</abapGit>
