﻿<?xml version="1.0" encoding="utf-8"?>
<abapGit version="v1.0.0" serializer="LCL_OBJECT_TABL" serializer_version="v1.0.0">
 <asx:abap xmlns:asx="http://www.sap.com/abapxml" version="1.0">
  <asx:values>
   <DD02V>
    <TABNAME>ZEPS_EXT_CI_PROJ</TABNAME>
    <DDLANGUAGE>P</DDLANGUAGE>
    <TABCLASS>INTTAB</TABCLASS>
    <DDTEXT>Campos adicionais para Projetos (PROJ)</DDTEXT>
    <EXCLASS>3</EXCLASS>
   </DD02V>
   <DD03P_TABLE>
    <DD03P>
     <TABNAME>ZEPS_EXT_CI_PROJ</TABNAME>
     <FIELDNAME>ZZTIPO</FIELDNAME>
     <POSITION>0001</POSITION>
     <ROLLNAME>ZTIPO</ROLLNAME>
     <ADMINFIELD>0</ADMINFIELD>
     <COMPTYPE>E</COMPTYPE>
    </DD03P>
    <DD03P>
     <TABNAME>ZEPS_EXT_CI_PROJ</TABNAME>
     <FIELDNAME>ZZSTIPO</FIELDNAME>
     <POSITION>0002</POSITION>
     <ROLLNAME>ZSUB_TP</ROLLNAME>
     <ADMINFIELD>0</ADMINFIELD>
     <COMPTYPE>E</COMPTYPE>
    </DD03P>
    <DD03P>
     <TABNAME>ZEPS_EXT_CI_PROJ</TABNAME>
     <FIELDNAME>ZZRRP</FIELDNAME>
     <POSITION>0003</POSITION>
     <ROLLNAME>ZRRE_PR</ROLLNAME>
     <ADMINFIELD>0</ADMINFIELD>
     <COMPTYPE>E</COMPTYPE>
    </DD03P>
    <DD03P>
     <TABNAME>ZEPS_EXT_CI_PROJ</TABNAME>
     <FIELDNAME>ZZARP</FIELDNAME>
     <POSITION>0004</POSITION>
     <ROLLNAME>ZARE_PR</ROLLNAME>
     <ADMINFIELD>0</ADMINFIELD>
     <COMPTYPE>E</COMPTYPE>
    </DD03P>
    <DD03P>
     <TABNAME>ZEPS_EXT_CI_PROJ</TABNAME>
     <FIELDNAME>ZZGRP</FIELDNAME>
     <POSITION>0005</POSITION>
     <ROLLNAME>ZGRE_PR</ROLLNAME>
     <ADMINFIELD>0</ADMINFIELD>
     <COMPTYPE>E</COMPTYPE>
    </DD03P>
    <DD03P>
     <TABNAME>ZEPS_EXT_CI_PROJ</TABNAME>
     <FIELDNAME>ZZAGO</FIELDNAME>
     <POSITION>0006</POSITION>
     <ROLLNAME>ZAGE_OR</ROLLNAME>
     <ADMINFIELD>0</ADMINFIELD>
     <COMPTYPE>E</COMPTYPE>
    </DD03P>
    <DD03P>
     <TABNAME>ZEPS_EXT_CI_PROJ</TABNAME>
     <FIELDNAME>ZZGRO</FIELDNAME>
     <POSITION>0007</POSITION>
     <ROLLNAME>ZGRO_PR</ROLLNAME>
     <ADMINFIELD>0</ADMINFIELD>
     <COMPTYPE>E</COMPTYPE>
    </DD03P>
    <DD03P>
     <TABNAME>ZEPS_EXT_CI_PROJ</TABNAME>
     <FIELDNAME>ZZTIR</FIELDNAME>
     <POSITION>0008</POSITION>
     <ROLLNAME>ZTIR_PR</ROLLNAME>
     <ADMINFIELD>0</ADMINFIELD>
     <COMPTYPE>E</COMPTYPE>
    </DD03P>
    <DD03P>
     <TABNAME>ZEPS_EXT_CI_PROJ</TABNAME>
     <FIELDNAME>ZZINVEST</FIELDNAME>
     <POSITION>0009</POSITION>
     <ROLLNAME>ZINV_EST</ROLLNAME>
     <ADMINFIELD>0</ADMINFIELD>
     <REFTABLE>T001</REFTABLE>
     <REFFIELD>WAERS</REFFIELD>
     <COMPTYPE>E</COMPTYPE>
    </DD03P>
    <DD03P>
     <TABNAME>ZEPS_EXT_CI_PROJ</TABNAME>
     <FIELDNAME>ZZTMD</FIELDNAME>
     <POSITION>0010</POSITION>
     <ROLLNAME>ZTM_DEPR</ROLLNAME>
     <ADMINFIELD>0</ADMINFIELD>
     <COMPTYPE>E</COMPTYPE>
    </DD03P>
   </DD03P_TABLE>
  </asx:values>
 </asx:abap>
</abapGit>
