﻿<?xml version="1.0" encoding="utf-8"?>
<abapGit version="v1.0.0" serializer="LCL_OBJECT_TABL" serializer_version="v1.0.0">
 <asx:abap xmlns:asx="http://www.sap.com/abapxml" version="1.0">
  <asx:values>
   <DD02V>
    <TABNAME>ZEPS_EXT_PEP</TABNAME>
    <DDLANGUAGE>P</DDLANGUAGE>
    <TABCLASS>INTTAB</TABCLASS>
    <LANGDEP>X</LANGDEP>
    <DDTEXT>Extração de PEP</DDTEXT>
    <EXCLASS>3</EXCLASS>
   </DD02V>
   <DD03P_TABLE>
    <DD03P>
     <TABNAME>ZEPS_EXT_PEP</TABNAME>
     <FIELDNAME>STUFE</FIELDNAME>
     <POSITION>0001</POSITION>
     <ROLLNAME>PS_STUFE_N</ROLLNAME>
     <ADMINFIELD>0</ADMINFIELD>
     <COMPTYPE>E</COMPTYPE>
    </DD03P>
    <DD03P>
     <TABNAME>ZEPS_EXT_PEP</TABNAME>
     <FIELDNAME>PSPID</FIELDNAME>
     <POSITION>0002</POSITION>
     <ROLLNAME>PS_PSPID</ROLLNAME>
     <ADMINFIELD>0</ADMINFIELD>
     <SHLPORIGIN>D</SHLPORIGIN>
     <COMPTYPE>E</COMPTYPE>
    </DD03P>
    <DD03P>
     <TABNAME>ZEPS_EXT_PEP</TABNAME>
     <FIELDNAME>POSID</FIELDNAME>
     <POSITION>0003</POSITION>
     <ROLLNAME>PS_POSID</ROLLNAME>
     <ADMINFIELD>0</ADMINFIELD>
     <COMPTYPE>E</COMPTYPE>
    </DD03P>
    <DD03P>
     <TABNAME>ZEPS_EXT_PEP</TABNAME>
     <FIELDNAME>POST1</FIELDNAME>
     <POSITION>0004</POSITION>
     <ROLLNAME>PS_POST1</ROLLNAME>
     <ADMINFIELD>0</ADMINFIELD>
     <COMPTYPE>E</COMPTYPE>
    </DD03P>
    <DD03P>
     <TABNAME>ZEPS_EXT_PEP</TABNAME>
     <FIELDNAME>PKOKR</FIELDNAME>
     <POSITION>0005</POSITION>
     <ROLLNAME>PS_PKOKR</ROLLNAME>
     <ADMINFIELD>0</ADMINFIELD>
     <COMPTYPE>E</COMPTYPE>
    </DD03P>
    <DD03P>
     <TABNAME>ZEPS_EXT_PEP</TABNAME>
     <FIELDNAME>PGSBR</FIELDNAME>
     <POSITION>0006</POSITION>
     <ROLLNAME>PS_PGSBR</ROLLNAME>
     <ADMINFIELD>0</ADMINFIELD>
     <COMPTYPE>E</COMPTYPE>
    </DD03P>
    <DD03P>
     <TABNAME>ZEPS_EXT_PEP</TABNAME>
     <FIELDNAME>PBUKR</FIELDNAME>
     <POSITION>0007</POSITION>
     <ROLLNAME>PS_PBUKR</ROLLNAME>
     <ADMINFIELD>0</ADMINFIELD>
     <COMPTYPE>E</COMPTYPE>
    </DD03P>
    <DD03P>
     <TABNAME>ZEPS_EXT_PEP</TABNAME>
     <FIELDNAME>WERKS</FIELDNAME>
     <POSITION>0008</POSITION>
     <ROLLNAME>WERKS_D</ROLLNAME>
     <ADMINFIELD>0</ADMINFIELD>
     <SHLPORIGIN>D</SHLPORIGIN>
     <COMPTYPE>E</COMPTYPE>
    </DD03P>
    <DD03P>
     <TABNAME>ZEPS_EXT_PEP</TABNAME>
     <FIELDNAME>PWPOS</FIELDNAME>
     <POSITION>0009</POSITION>
     <ROLLNAME>PS_PWPOS</ROLLNAME>
     <ADMINFIELD>0</ADMINFIELD>
     <COMPTYPE>E</COMPTYPE>
    </DD03P>
    <DD03P>
     <TABNAME>ZEPS_EXT_PEP</TABNAME>
     <FIELDNAME>VERNR</FIELDNAME>
     <POSITION>0010</POSITION>
     <ROLLNAME>PS_VERNR</ROLLNAME>
     <ADMINFIELD>0</ADMINFIELD>
     <COMPTYPE>E</COMPTYPE>
    </DD03P>
    <DD03P>
     <TABNAME>ZEPS_EXT_PEP</TABNAME>
     <FIELDNAME>ASTNR</FIELDNAME>
     <POSITION>0011</POSITION>
     <ROLLNAME>PS_ASTNR</ROLLNAME>
     <ADMINFIELD>0</ADMINFIELD>
     <COMPTYPE>E</COMPTYPE>
    </DD03P>
    <DD03P>
     <TABNAME>ZEPS_EXT_PEP</TABNAME>
     <FIELDNAME>VERNA</FIELDNAME>
     <POSITION>0012</POSITION>
     <ROLLNAME>PS_VERNA</ROLLNAME>
     <ADMINFIELD>0</ADMINFIELD>
     <COMPTYPE>E</COMPTYPE>
    </DD03P>
    <DD03P>
     <TABNAME>ZEPS_EXT_PEP</TABNAME>
     <FIELDNAME>PENDE</FIELDNAME>
     <POSITION>0013</POSITION>
     <ROLLNAME>PS_PENDE</ROLLNAME>
     <ADMINFIELD>0</ADMINFIELD>
     <SHLPORIGIN>T</SHLPORIGIN>
     <COMPTYPE>E</COMPTYPE>
    </DD03P>
    <DD03P>
     <TABNAME>ZEPS_EXT_PEP</TABNAME>
     <FIELDNAME>PSTRT</FIELDNAME>
     <POSITION>0014</POSITION>
     <ROLLNAME>PS_PSTRT</ROLLNAME>
     <ADMINFIELD>0</ADMINFIELD>
     <SHLPORIGIN>T</SHLPORIGIN>
     <COMPTYPE>E</COMPTYPE>
    </DD03P>
    <DD03P>
     <TABNAME>ZEPS_EXT_PEP</TABNAME>
     <FIELDNAME>FKSTL</FIELDNAME>
     <POSITION>0015</POSITION>
     <ROLLNAME>PS_FKSTL</ROLLNAME>
     <ADMINFIELD>0</ADMINFIELD>
     <COMPTYPE>E</COMPTYPE>
    </DD03P>
    <DD03P>
     <TABNAME>ZEPS_EXT_PEP</TABNAME>
     <FIELDNAME>AKSTL</FIELDNAME>
     <POSITION>0016</POSITION>
     <ROLLNAME>PS_AKSTL</ROLLNAME>
     <ADMINFIELD>0</ADMINFIELD>
     <COMPTYPE>E</COMPTYPE>
    </DD03P>
    <DD03P>
     <TABNAME>ZEPS_EXT_PEP</TABNAME>
     <FIELDNAME>PLAKZ</FIELDNAME>
     <POSITION>0017</POSITION>
     <ROLLNAME>PS_PLAKZ</ROLLNAME>
     <ADMINFIELD>0</ADMINFIELD>
     <VALEXI>X</VALEXI>
     <SHLPORIGIN>F</SHLPORIGIN>
     <COMPTYPE>E</COMPTYPE>
    </DD03P>
    <DD03P>
     <TABNAME>ZEPS_EXT_PEP</TABNAME>
     <FIELDNAME>BELKZ</FIELDNAME>
     <POSITION>0018</POSITION>
     <ROLLNAME>PS_BELKZ</ROLLNAME>
     <ADMINFIELD>0</ADMINFIELD>
     <VALEXI>X</VALEXI>
     <SHLPORIGIN>F</SHLPORIGIN>
     <COMPTYPE>E</COMPTYPE>
    </DD03P>
    <DD03P>
     <TABNAME>ZEPS_EXT_PEP</TABNAME>
     <FIELDNAME>FAKKZ</FIELDNAME>
     <POSITION>0019</POSITION>
     <ROLLNAME>PS_FAKKZ</ROLLNAME>
     <ADMINFIELD>0</ADMINFIELD>
     <VALEXI>X</VALEXI>
     <SHLPORIGIN>F</SHLPORIGIN>
     <COMPTYPE>E</COMPTYPE>
    </DD03P>
    <DD03P>
     <TABNAME>ZEPS_EXT_PEP</TABNAME>
     <FIELDNAME>IMPRF</FIELDNAME>
     <POSITION>0020</POSITION>
     <ROLLNAME>IM_PROFIL</ROLLNAME>
     <ADMINFIELD>0</ADMINFIELD>
     <COMPTYPE>E</COMPTYPE>
    </DD03P>
    <DD03P>
     <TABNAME>ZEPS_EXT_PEP</TABNAME>
     <FIELDNAME>STATXT</FIELDNAME>
     <POSITION>0021</POSITION>
     <ROLLNAME>STATUSTEXT_2</ROLLNAME>
     <ADMINFIELD>0</ADMINFIELD>
     <COMPTYPE>E</COMPTYPE>
    </DD03P>
    <DD03P>
     <TABNAME>ZEPS_EXT_PEP</TABNAME>
     <FIELDNAME>USR02</FIELDNAME>
     <POSITION>0022</POSITION>
     <ROLLNAME>USR02PRPS</ROLLNAME>
     <ADMINFIELD>0</ADMINFIELD>
     <COMPTYPE>E</COMPTYPE>
    </DD03P>
    <DD03P>
     <TABNAME>ZEPS_EXT_PEP</TABNAME>
     <FIELDNAME>USR03</FIELDNAME>
     <POSITION>0023</POSITION>
     <ROLLNAME>USR03PRPS</ROLLNAME>
     <ADMINFIELD>0</ADMINFIELD>
     <COMPTYPE>E</COMPTYPE>
    </DD03P>
    <DD03P>
     <TABNAME>ZEPS_EXT_PEP</TABNAME>
     <FIELDNAME>USR10</FIELDNAME>
     <POSITION>0024</POSITION>
     <ROLLNAME>USR10PRPS</ROLLNAME>
     <ADMINFIELD>0</ADMINFIELD>
     <VALEXI>X</VALEXI>
     <SHLPORIGIN>F</SHLPORIGIN>
     <COMPTYPE>E</COMPTYPE>
    </DD03P>
    <DD03P>
     <TABNAME>ZEPS_EXT_PEP</TABNAME>
     <FIELDNAME>USR11</FIELDNAME>
     <POSITION>0025</POSITION>
     <ROLLNAME>USR11PRPS</ROLLNAME>
     <ADMINFIELD>0</ADMINFIELD>
     <VALEXI>X</VALEXI>
     <SHLPORIGIN>F</SHLPORIGIN>
     <COMPTYPE>E</COMPTYPE>
    </DD03P>
    <DD03P>
     <TABNAME>ZEPS_EXT_PEP</TABNAME>
     <FIELDNAME>STORT</FIELDNAME>
     <POSITION>0026</POSITION>
     <ROLLNAME>PS_STORT</ROLLNAME>
     <ADMINFIELD>0</ADMINFIELD>
     <COMPTYPE>E</COMPTYPE>
    </DD03P>
    <DD03P>
     <TABNAME>ZEPS_EXT_PEP</TABNAME>
     <FIELDNAME>.INCLUDE</FIELDNAME>
     <DDLANGUAGE>P</DDLANGUAGE>
     <POSITION>0027</POSITION>
     <ADMINFIELD>0</ADMINFIELD>
     <PRECFIELD>ZEPS_EXT_CI_PRPS</PRECFIELD>
     <MASK>      S</MASK>
     <DDTEXT>Campos adicionais para PEP (PRPS)</DDTEXT>
     <COMPTYPE>S</COMPTYPE>
    </DD03P>
   </DD03P_TABLE>
  </asx:values>
 </asx:abap>
</abapGit>
