﻿<?xml version="1.0" encoding="utf-8"?>
<abapGit version="v1.0.0" serializer="LCL_OBJECT_TABL" serializer_version="v1.0.0">
 <asx:abap xmlns:asx="http://www.sap.com/abapxml" version="1.0">
  <asx:values>
   <DD02V>
    <TABNAME>ZEPS_EXT_ORD_CUSTO_REAL</TABNAME>
    <DDLANGUAGE>P</DDLANGUAGE>
    <TABCLASS>INTTAB</TABCLASS>
    <DDTEXT>Extração de custo real para ordem</DDTEXT>
    <EXCLASS>4</EXCLASS>
   </DD02V>
   <DD03P_TABLE>
    <DD03P>
     <TABNAME>ZEPS_EXT_ORD_CUSTO_REAL</TABNAME>
     <FIELDNAME>OBJGRP</FIELDNAME>
     <POSITION>0001</POSITION>
     <ROLLNAME>GRPNAME</ROLLNAME>
     <ADMINFIELD>0</ADMINFIELD>
     <COMPTYPE>E</COMPTYPE>
    </DD03P>
    <DD03P>
     <TABNAME>ZEPS_EXT_ORD_CUSTO_REAL</TABNAME>
     <FIELDNAME>AUFNR</FIELDNAME>
     <POSITION>0002</POSITION>
     <ROLLNAME>AUFNR</ROLLNAME>
     <ADMINFIELD>0</ADMINFIELD>
     <COMPTYPE>E</COMPTYPE>
    </DD03P>
    <DD03P>
     <TABNAME>ZEPS_EXT_ORD_CUSTO_REAL</TABNAME>
     <FIELDNAME>OBJGRP_TXT</FIELDNAME>
     <POSITION>0003</POSITION>
     <ROLLNAME>OBJGRP_TXT</ROLLNAME>
     <ADMINFIELD>0</ADMINFIELD>
     <COMPTYPE>E</COMPTYPE>
    </DD03P>
    <DD03P>
     <TABNAME>ZEPS_EXT_ORD_CUSTO_REAL</TABNAME>
     <FIELDNAME>OBJ_TXT</FIELDNAME>
     <POSITION>0004</POSITION>
     <ROLLNAME>KAEP_OBJTX</ROLLNAME>
     <ADMINFIELD>0</ADMINFIELD>
     <COMPTYPE>E</COMPTYPE>
    </DD03P>
    <DD03P>
     <TABNAME>ZEPS_EXT_ORD_CUSTO_REAL</TABNAME>
     <FIELDNAME>KSTAR</FIELDNAME>
     <POSITION>0005</POSITION>
     <ROLLNAME>KSTAR</ROLLNAME>
     <ADMINFIELD>0</ADMINFIELD>
     <COMPTYPE>E</COMPTYPE>
    </DD03P>
    <DD03P>
     <TABNAME>ZEPS_EXT_ORD_CUSTO_REAL</TABNAME>
     <FIELDNAME>CEL_LTXT</FIELDNAME>
     <POSITION>0006</POSITION>
     <ROLLNAME>KAEP_CELTX</ROLLNAME>
     <ADMINFIELD>0</ADMINFIELD>
     <COMPTYPE>E</COMPTYPE>
    </DD03P>
    <DD03P>
     <TABNAME>ZEPS_EXT_ORD_CUSTO_REAL</TABNAME>
     <FIELDNAME>CEL_KTXT</FIELDNAME>
     <POSITION>0007</POSITION>
     <ROLLNAME>KAEP_CEKTX</ROLLNAME>
     <ADMINFIELD>0</ADMINFIELD>
     <COMPTYPE>E</COMPTYPE>
    </DD03P>
    <DD03P>
     <TABNAME>ZEPS_EXT_ORD_CUSTO_REAL</TABNAME>
     <FIELDNAME>BEKNZ</FIELDNAME>
     <POSITION>0008</POSITION>
     <ROLLNAME>BEKNZ</ROLLNAME>
     <ADMINFIELD>0</ADMINFIELD>
     <VALEXI>X</VALEXI>
     <SHLPORIGIN>F</SHLPORIGIN>
     <COMPTYPE>E</COMPTYPE>
    </DD03P>
    <DD03P>
     <TABNAME>ZEPS_EXT_ORD_CUSTO_REAL</TABNAME>
     <FIELDNAME>BUKRS</FIELDNAME>
     <POSITION>0009</POSITION>
     <ROLLNAME>BUKRS</ROLLNAME>
     <ADMINFIELD>0</ADMINFIELD>
     <SHLPORIGIN>D</SHLPORIGIN>
     <COMPTYPE>E</COMPTYPE>
    </DD03P>
    <DD03P>
     <TABNAME>ZEPS_EXT_ORD_CUSTO_REAL</TABNAME>
     <FIELDNAME>GJAHR</FIELDNAME>
     <POSITION>0010</POSITION>
     <ROLLNAME>GJAHR</ROLLNAME>
     <ADMINFIELD>0</ADMINFIELD>
     <COMPTYPE>E</COMPTYPE>
    </DD03P>
    <DD03P>
     <TABNAME>ZEPS_EXT_ORD_CUSTO_REAL</TABNAME>
     <FIELDNAME>PERIO</FIELDNAME>
     <POSITION>0011</POSITION>
     <ROLLNAME>CO_PERIO</ROLLNAME>
     <ADMINFIELD>0</ADMINFIELD>
     <VALEXI>X</VALEXI>
     <SHLPORIGIN>F</SHLPORIGIN>
     <COMPTYPE>E</COMPTYPE>
    </DD03P>
    <DD03P>
     <TABNAME>ZEPS_EXT_ORD_CUSTO_REAL</TABNAME>
     <FIELDNAME>WRTTP</FIELDNAME>
     <POSITION>0012</POSITION>
     <ROLLNAME>CO_WRTTP</ROLLNAME>
     <ADMINFIELD>0</ADMINFIELD>
     <VALEXI>X</VALEXI>
     <SHLPORIGIN>F</SHLPORIGIN>
     <COMPTYPE>E</COMPTYPE>
    </DD03P>
    <DD03P>
     <TABNAME>ZEPS_EXT_ORD_CUSTO_REAL</TABNAME>
     <FIELDNAME>WKGBTR</FIELDNAME>
     <POSITION>0013</POSITION>
     <ROLLNAME>WKGXXX</ROLLNAME>
     <ADMINFIELD>0</ADMINFIELD>
     <REFTABLE>COBK</REFTABLE>
     <REFFIELD>KWAER</REFFIELD>
     <COMPTYPE>E</COMPTYPE>
    </DD03P>
    <DD03P>
     <TABNAME>ZEPS_EXT_ORD_CUSTO_REAL</TABNAME>
     <FIELDNAME>KWAER</FIELDNAME>
     <POSITION>0014</POSITION>
     <ROLLNAME>KWAER</ROLLNAME>
     <ADMINFIELD>0</ADMINFIELD>
     <COMPTYPE>E</COMPTYPE>
    </DD03P>
    <DD03P>
     <TABNAME>ZEPS_EXT_ORD_CUSTO_REAL</TABNAME>
     <FIELDNAME>BUZEI</FIELDNAME>
     <POSITION>0015</POSITION>
     <ROLLNAME>CO_BUZEI</ROLLNAME>
     <ADMINFIELD>0</ADMINFIELD>
     <COMPTYPE>E</COMPTYPE>
    </DD03P>
    <DD03P>
     <TABNAME>ZEPS_EXT_ORD_CUSTO_REAL</TABNAME>
     <FIELDNAME>REFBZ</FIELDNAME>
     <POSITION>0016</POSITION>
     <ROLLNAME>CO_REFBZ</ROLLNAME>
     <ADMINFIELD>0</ADMINFIELD>
     <COMPTYPE>E</COMPTYPE>
    </DD03P>
    <DD03P>
     <TABNAME>ZEPS_EXT_ORD_CUSTO_REAL</TABNAME>
     <FIELDNAME>BELNR</FIELDNAME>
     <POSITION>0017</POSITION>
     <ROLLNAME>CO_BELNR</ROLLNAME>
     <ADMINFIELD>0</ADMINFIELD>
     <COMPTYPE>E</COMPTYPE>
    </DD03P>
    <DD03P>
     <TABNAME>ZEPS_EXT_ORD_CUSTO_REAL</TABNAME>
     <FIELDNAME>REFBZ_FI</FIELDNAME>
     <POSITION>0018</POSITION>
     <ROLLNAME>REFBZ_FI</ROLLNAME>
     <ADMINFIELD>0</ADMINFIELD>
     <COMPTYPE>E</COMPTYPE>
    </DD03P>
    <DD03P>
     <TABNAME>ZEPS_EXT_ORD_CUSTO_REAL</TABNAME>
     <FIELDNAME>BW_REFBZ</FIELDNAME>
     <POSITION>0019</POSITION>
     <ROLLNAME>BW_REFBZ</ROLLNAME>
     <ADMINFIELD>0</ADMINFIELD>
     <COMPTYPE>E</COMPTYPE>
    </DD03P>
    <DD03P>
     <TABNAME>ZEPS_EXT_ORD_CUSTO_REAL</TABNAME>
     <FIELDNAME>WERKS</FIELDNAME>
     <POSITION>0020</POSITION>
     <ROLLNAME>WERKS_D</ROLLNAME>
     <ADMINFIELD>0</ADMINFIELD>
     <SHLPORIGIN>D</SHLPORIGIN>
     <COMPTYPE>E</COMPTYPE>
    </DD03P>
    <DD03P>
     <TABNAME>ZEPS_EXT_ORD_CUSTO_REAL</TABNAME>
     <FIELDNAME>ZZALTKT</FIELDNAME>
     <POSITION>0021</POSITION>
     <ROLLNAME>ZZALTKT</ROLLNAME>
     <ADMINFIELD>0</ADMINFIELD>
     <COMPTYPE>E</COMPTYPE>
    </DD03P>
    <DD03P>
     <TABNAME>ZEPS_EXT_ORD_CUSTO_REAL</TABNAME>
     <FIELDNAME>GKONT</FIELDNAME>
     <POSITION>0022</POSITION>
     <ROLLNAME>GKONT</ROLLNAME>
     <ADMINFIELD>0</ADMINFIELD>
     <SHLPORIGIN>D</SHLPORIGIN>
     <COMPTYPE>E</COMPTYPE>
    </DD03P>
    <DD03P>
     <TABNAME>ZEPS_EXT_ORD_CUSTO_REAL</TABNAME>
     <FIELDNAME>GKONT_KTXT</FIELDNAME>
     <POSITION>0023</POSITION>
     <ROLLNAME>GKONT_KTXT</ROLLNAME>
     <ADMINFIELD>0</ADMINFIELD>
     <COMPTYPE>E</COMPTYPE>
    </DD03P>
    <DD03P>
     <TABNAME>ZEPS_EXT_ORD_CUSTO_REAL</TABNAME>
     <FIELDNAME>GKONT_LTXT</FIELDNAME>
     <POSITION>0024</POSITION>
     <ROLLNAME>GKONT_LTXT</ROLLNAME>
     <ADMINFIELD>0</ADMINFIELD>
     <COMPTYPE>E</COMPTYPE>
    </DD03P>
    <DD03P>
     <TABNAME>ZEPS_EXT_ORD_CUSTO_REAL</TABNAME>
     <FIELDNAME>CPUDT</FIELDNAME>
     <POSITION>0025</POSITION>
     <ROLLNAME>CO_CPUDT</ROLLNAME>
     <ADMINFIELD>0</ADMINFIELD>
     <SHLPORIGIN>T</SHLPORIGIN>
     <COMPTYPE>E</COMPTYPE>
    </DD03P>
    <DD03P>
     <TABNAME>ZEPS_EXT_ORD_CUSTO_REAL</TABNAME>
     <FIELDNAME>BUDAT</FIELDNAME>
     <POSITION>0026</POSITION>
     <ROLLNAME>CO_BUDAT</ROLLNAME>
     <ADMINFIELD>0</ADMINFIELD>
     <SHLPORIGIN>T</SHLPORIGIN>
     <COMPTYPE>E</COMPTYPE>
    </DD03P>
    <DD03P>
     <TABNAME>ZEPS_EXT_ORD_CUSTO_REAL</TABNAME>
     <FIELDNAME>BLDAT</FIELDNAME>
     <POSITION>0027</POSITION>
     <ROLLNAME>CO_BLDAT</ROLLNAME>
     <ADMINFIELD>0</ADMINFIELD>
     <SHLPORIGIN>T</SHLPORIGIN>
     <COMPTYPE>E</COMPTYPE>
    </DD03P>
    <DD03P>
     <TABNAME>ZEPS_EXT_ORD_CUSTO_REAL</TABNAME>
     <FIELDNAME>CPUTM</FIELDNAME>
     <POSITION>0028</POSITION>
     <ROLLNAME>CPUTM</ROLLNAME>
     <ADMINFIELD>0</ADMINFIELD>
     <SHLPORIGIN>T</SHLPORIGIN>
     <COMPTYPE>E</COMPTYPE>
    </DD03P>
    <DD03P>
     <TABNAME>ZEPS_EXT_ORD_CUSTO_REAL</TABNAME>
     <FIELDNAME>GSBER</FIELDNAME>
     <POSITION>0029</POSITION>
     <ROLLNAME>GSBER</ROLLNAME>
     <ADMINFIELD>0</ADMINFIELD>
     <COMPTYPE>E</COMPTYPE>
    </DD03P>
    <DD03P>
     <TABNAME>ZEPS_EXT_ORD_CUSTO_REAL</TABNAME>
     <FIELDNAME>PARGB</FIELDNAME>
     <POSITION>0030</POSITION>
     <ROLLNAME>PARGB</ROLLNAME>
     <ADMINFIELD>0</ADMINFIELD>
     <COMPTYPE>E</COMPTYPE>
    </DD03P>
    <DD03P>
     <TABNAME>ZEPS_EXT_ORD_CUSTO_REAL</TABNAME>
     <FIELDNAME>EBELN</FIELDNAME>
     <POSITION>0031</POSITION>
     <ROLLNAME>EBELN</ROLLNAME>
     <ADMINFIELD>0</ADMINFIELD>
     <SHLPORIGIN>D</SHLPORIGIN>
     <COMPTYPE>E</COMPTYPE>
    </DD03P>
    <DD03P>
     <TABNAME>ZEPS_EXT_ORD_CUSTO_REAL</TABNAME>
     <FIELDNAME>EBELP</FIELDNAME>
     <POSITION>0032</POSITION>
     <ROLLNAME>EBELP</ROLLNAME>
     <ADMINFIELD>0</ADMINFIELD>
     <COMPTYPE>E</COMPTYPE>
    </DD03P>
    <DD03P>
     <TABNAME>ZEPS_EXT_ORD_CUSTO_REAL</TABNAME>
     <FIELDNAME>SGTXT</FIELDNAME>
     <POSITION>0033</POSITION>
     <ROLLNAME>CO_SGTXT</ROLLNAME>
     <ADMINFIELD>0</ADMINFIELD>
     <COMPTYPE>E</COMPTYPE>
    </DD03P>
    <DD03P>
     <TABNAME>ZEPS_EXT_ORD_CUSTO_REAL</TABNAME>
     <FIELDNAME>EBTXT</FIELDNAME>
     <POSITION>0034</POSITION>
     <ROLLNAME>KAEP_EBTXT</ROLLNAME>
     <ADMINFIELD>0</ADMINFIELD>
     <COMPTYPE>E</COMPTYPE>
    </DD03P>
    <DD03P>
     <TABNAME>ZEPS_EXT_ORD_CUSTO_REAL</TABNAME>
     <FIELDNAME>BLTXT</FIELDNAME>
     <POSITION>0035</POSITION>
     <ROLLNAME>CO_BLTXT</ROLLNAME>
     <ADMINFIELD>0</ADMINFIELD>
     <COMPTYPE>E</COMPTYPE>
    </DD03P>
    <DD03P>
     <TABNAME>ZEPS_EXT_ORD_CUSTO_REAL</TABNAME>
     <FIELDNAME>STFLG</FIELDNAME>
     <POSITION>0036</POSITION>
     <ROLLNAME>CO_STFLG</ROLLNAME>
     <ADMINFIELD>0</ADMINFIELD>
     <VALEXI>X</VALEXI>
     <SHLPORIGIN>F</SHLPORIGIN>
     <COMPTYPE>E</COMPTYPE>
    </DD03P>
    <DD03P>
     <TABNAME>ZEPS_EXT_ORD_CUSTO_REAL</TABNAME>
     <FIELDNAME>MATNR</FIELDNAME>
     <POSITION>0037</POSITION>
     <ROLLNAME>MATNR</ROLLNAME>
     <ADMINFIELD>0</ADMINFIELD>
     <SHLPORIGIN>D</SHLPORIGIN>
     <COMPTYPE>E</COMPTYPE>
    </DD03P>
    <DD03P>
     <TABNAME>ZEPS_EXT_ORD_CUSTO_REAL</TABNAME>
     <FIELDNAME>REFBN</FIELDNAME>
     <POSITION>0038</POSITION>
     <ROLLNAME>CO_REFBN</ROLLNAME>
     <ADMINFIELD>0</ADMINFIELD>
     <COMPTYPE>E</COMPTYPE>
    </DD03P>
    <DD03P>
     <TABNAME>ZEPS_EXT_ORD_CUSTO_REAL</TABNAME>
     <FIELDNAME>PERNR</FIELDNAME>
     <POSITION>0039</POSITION>
     <ROLLNAME>PERNR_D</ROLLNAME>
     <ADMINFIELD>0</ADMINFIELD>
     <COMPTYPE>E</COMPTYPE>
    </DD03P>
    <DD03P>
     <TABNAME>ZEPS_EXT_ORD_CUSTO_REAL</TABNAME>
     <FIELDNAME>AWREF_REV</FIELDNAME>
     <POSITION>0040</POSITION>
     <ROLLNAME>AWREF_REV</ROLLNAME>
     <ADMINFIELD>0</ADMINFIELD>
     <COMPTYPE>E</COMPTYPE>
    </DD03P>
    <DD03P>
     <TABNAME>ZEPS_EXT_ORD_CUSTO_REAL</TABNAME>
     <FIELDNAME>AWORG_REV</FIELDNAME>
     <POSITION>0041</POSITION>
     <ROLLNAME>AWORG_REV</ROLLNAME>
     <ADMINFIELD>0</ADMINFIELD>
     <COMPTYPE>E</COMPTYPE>
    </DD03P>
    <DD03P>
     <TABNAME>ZEPS_EXT_ORD_CUSTO_REAL</TABNAME>
     <FIELDNAME>STOKZ</FIELDNAME>
     <POSITION>0042</POSITION>
     <ROLLNAME>CO_STOKZ</ROLLNAME>
     <ADMINFIELD>0</ADMINFIELD>
     <VALEXI>X</VALEXI>
     <SHLPORIGIN>F</SHLPORIGIN>
     <COMPTYPE>E</COMPTYPE>
    </DD03P>
    <DD03P>
     <TABNAME>ZEPS_EXT_ORD_CUSTO_REAL</TABNAME>
     <FIELDNAME>VRGNG</FIELDNAME>
     <POSITION>0043</POSITION>
     <ROLLNAME>CO_VORGANG</ROLLNAME>
     <ADMINFIELD>0</ADMINFIELD>
     <COMPTYPE>E</COMPTYPE>
    </DD03P>
    <DD03P>
     <TABNAME>ZEPS_EXT_ORD_CUSTO_REAL</TABNAME>
     <FIELDNAME>MBGBTR</FIELDNAME>
     <POSITION>0044</POSITION>
     <ROLLNAME>MBGXXX</ROLLNAME>
     <ADMINFIELD>0</ADMINFIELD>
     <REFTABLE>KAEP_COAC</REFTABLE>
     <REFFIELD>MEINB</REFFIELD>
     <COMPTYPE>E</COMPTYPE>
    </DD03P>
    <DD03P>
     <TABNAME>ZEPS_EXT_ORD_CUSTO_REAL</TABNAME>
     <FIELDNAME>MEINB</FIELDNAME>
     <POSITION>0045</POSITION>
     <ROLLNAME>MEINB</ROLLNAME>
     <ADMINFIELD>0</ADMINFIELD>
     <COMPTYPE>E</COMPTYPE>
    </DD03P>
    <DD03P>
     <TABNAME>ZEPS_EXT_ORD_CUSTO_REAL</TABNAME>
     <FIELDNAME>MAT_TXT</FIELDNAME>
     <POSITION>0046</POSITION>
     <ROLLNAME>MAKTX</ROLLNAME>
     <ADMINFIELD>0</ADMINFIELD>
     <COMPTYPE>E</COMPTYPE>
    </DD03P>
    <DD03P>
     <TABNAME>ZEPS_EXT_ORD_CUSTO_REAL</TABNAME>
     <FIELDNAME>BLART</FIELDNAME>
     <POSITION>0047</POSITION>
     <ROLLNAME>CO_REFBA</ROLLNAME>
     <ADMINFIELD>0</ADMINFIELD>
     <COMPTYPE>E</COMPTYPE>
    </DD03P>
    <DD03P>
     <TABNAME>ZEPS_EXT_ORD_CUSTO_REAL</TABNAME>
     <FIELDNAME>OBART</FIELDNAME>
     <POSITION>0048</POSITION>
     <ROLLNAME>CO_OBJ_A</ROLLNAME>
     <ADMINFIELD>0</ADMINFIELD>
     <COMPTYPE>E</COMPTYPE>
    </DD03P>
    <DD03P>
     <TABNAME>ZEPS_EXT_ORD_CUSTO_REAL</TABNAME>
     <FIELDNAME>OBJART_TXT</FIELDNAME>
     <POSITION>0049</POSITION>
     <ROLLNAME>KAEP_OBATX</ROLLNAME>
     <ADMINFIELD>0</ADMINFIELD>
     <COMPTYPE>E</COMPTYPE>
    </DD03P>
    <DD03P>
     <TABNAME>ZEPS_EXT_ORD_CUSTO_REAL</TABNAME>
     <FIELDNAME>ORGVG</FIELDNAME>
     <POSITION>0050</POSITION>
     <ROLLNAME>CO_ORGVG</ROLLNAME>
     <ADMINFIELD>0</ADMINFIELD>
     <COMPTYPE>E</COMPTYPE>
    </DD03P>
    <DD03P>
     <TABNAME>ZEPS_EXT_ORD_CUSTO_REAL</TABNAME>
     <FIELDNAME>AWTYP</FIELDNAME>
     <POSITION>0051</POSITION>
     <ROLLNAME>AWTYP</ROLLNAME>
     <ADMINFIELD>0</ADMINFIELD>
     <COMPTYPE>E</COMPTYPE>
    </DD03P>
    <DD03P>
     <TABNAME>ZEPS_EXT_ORD_CUSTO_REAL</TABNAME>
     <FIELDNAME>BELTP</FIELDNAME>
     <POSITION>0052</POSITION>
     <ROLLNAME>BP_INOUT</ROLLNAME>
     <ADMINFIELD>0</ADMINFIELD>
     <VALEXI>X</VALEXI>
     <SHLPORIGIN>F</SHLPORIGIN>
     <COMPTYPE>E</COMPTYPE>
    </DD03P>
    <DD03P>
     <TABNAME>ZEPS_EXT_ORD_CUSTO_REAL</TABNAME>
     <FIELDNAME>AWORG</FIELDNAME>
     <POSITION>0053</POSITION>
     <ROLLNAME>AWORG</ROLLNAME>
     <ADMINFIELD>0</ADMINFIELD>
     <COMPTYPE>E</COMPTYPE>
    </DD03P>
    <DD03P>
     <TABNAME>ZEPS_EXT_ORD_CUSTO_REAL</TABNAME>
     <FIELDNAME>USNAM</FIELDNAME>
     <POSITION>0054</POSITION>
     <ROLLNAME>SYUNAME</ROLLNAME>
     <ADMINFIELD>0</ADMINFIELD>
     <COMPTYPE>E</COMPTYPE>
    </DD03P>
   </DD03P_TABLE>
  </asx:values>
 </asx:abap>
</abapGit>
