﻿<?xml version="1.0" encoding="utf-8"?>
<abapGit version="v1.0.0" serializer="LCL_OBJECT_TABL" serializer_version="v1.0.0">
 <asx:abap xmlns:asx="http://www.sap.com/abapxml" version="1.0">
  <asx:values>
   <DD02V>
    <TABNAME>ZEPS_EXT_DIAGRAMA_REDE</TABNAME>
    <DDLANGUAGE>P</DDLANGUAGE>
    <TABCLASS>INTTAB</TABCLASS>
    <DDTEXT>Extração de Diagrama de Rede</DDTEXT>
    <EXCLASS>3</EXCLASS>
   </DD02V>
   <DD03P_TABLE>
    <DD03P>
     <TABNAME>ZEPS_EXT_DIAGRAMA_REDE</TABNAME>
     <FIELDNAME>PSPID</FIELDNAME>
     <POSITION>0001</POSITION>
     <ROLLNAME>PS_PSPID</ROLLNAME>
     <ADMINFIELD>0</ADMINFIELD>
     <SHLPORIGIN>D</SHLPORIGIN>
     <COMPTYPE>E</COMPTYPE>
    </DD03P>
    <DD03P>
     <TABNAME>ZEPS_EXT_DIAGRAMA_REDE</TABNAME>
     <FIELDNAME>POSID</FIELDNAME>
     <POSITION>0002</POSITION>
     <ROLLNAME>PS_POSID</ROLLNAME>
     <ADMINFIELD>0</ADMINFIELD>
     <COMPTYPE>E</COMPTYPE>
    </DD03P>
    <DD03P>
     <TABNAME>ZEPS_EXT_DIAGRAMA_REDE</TABNAME>
     <FIELDNAME>AUFNR</FIELDNAME>
     <POSITION>0003</POSITION>
     <ROLLNAME>NW_AUFNR</ROLLNAME>
     <ADMINFIELD>0</ADMINFIELD>
     <COMPTYPE>E</COMPTYPE>
    </DD03P>
    <DD03P>
     <TABNAME>ZEPS_EXT_DIAGRAMA_REDE</TABNAME>
     <FIELDNAME>KTEXT</FIELDNAME>
     <POSITION>0004</POSITION>
     <ROLLNAME>AUFTEXT</ROLLNAME>
     <ADMINFIELD>0</ADMINFIELD>
     <COMPTYPE>E</COMPTYPE>
    </DD03P>
    <DD03P>
     <TABNAME>ZEPS_EXT_DIAGRAMA_REDE</TABNAME>
     <FIELDNAME>AUART</FIELDNAME>
     <POSITION>0005</POSITION>
     <ROLLNAME>NW_AUART</ROLLNAME>
     <ADMINFIELD>0</ADMINFIELD>
     <COMPTYPE>E</COMPTYPE>
    </DD03P>
    <DD03P>
     <TABNAME>ZEPS_EXT_DIAGRAMA_REDE</TABNAME>
     <FIELDNAME>BUKRS</FIELDNAME>
     <POSITION>0006</POSITION>
     <ROLLNAME>BUKRS</ROLLNAME>
     <ADMINFIELD>0</ADMINFIELD>
     <SHLPORIGIN>D</SHLPORIGIN>
     <COMPTYPE>E</COMPTYPE>
    </DD03P>
    <DD03P>
     <TABNAME>ZEPS_EXT_DIAGRAMA_REDE</TABNAME>
     <FIELDNAME>GSBER</FIELDNAME>
     <POSITION>0007</POSITION>
     <ROLLNAME>GSBER</ROLLNAME>
     <ADMINFIELD>0</ADMINFIELD>
     <COMPTYPE>E</COMPTYPE>
    </DD03P>
    <DD03P>
     <TABNAME>ZEPS_EXT_DIAGRAMA_REDE</TABNAME>
     <FIELDNAME>WERKS</FIELDNAME>
     <POSITION>0008</POSITION>
     <ROLLNAME>WERKS_D</ROLLNAME>
     <ADMINFIELD>0</ADMINFIELD>
     <SHLPORIGIN>D</SHLPORIGIN>
     <COMPTYPE>E</COMPTYPE>
    </DD03P>
    <DD03P>
     <TABNAME>ZEPS_EXT_DIAGRAMA_REDE</TABNAME>
     <FIELDNAME>WAERS</FIELDNAME>
     <POSITION>0009</POSITION>
     <ROLLNAME>WAERS</ROLLNAME>
     <ADMINFIELD>0</ADMINFIELD>
     <COMPTYPE>E</COMPTYPE>
    </DD03P>
    <DD03P>
     <TABNAME>ZEPS_EXT_DIAGRAMA_REDE</TABNAME>
     <FIELDNAME>GSTRP</FIELDNAME>
     <POSITION>0010</POSITION>
     <ROLLNAME>CO_GSTRP</ROLLNAME>
     <ADMINFIELD>0</ADMINFIELD>
     <SHLPORIGIN>T</SHLPORIGIN>
     <COMPTYPE>E</COMPTYPE>
    </DD03P>
    <DD03P>
     <TABNAME>ZEPS_EXT_DIAGRAMA_REDE</TABNAME>
     <FIELDNAME>GLTRP</FIELDNAME>
     <POSITION>0011</POSITION>
     <ROLLNAME>CO_GLTRP</ROLLNAME>
     <ADMINFIELD>0</ADMINFIELD>
     <SHLPORIGIN>T</SHLPORIGIN>
     <COMPTYPE>E</COMPTYPE>
    </DD03P>
    <DD03P>
     <TABNAME>ZEPS_EXT_DIAGRAMA_REDE</TABNAME>
     <FIELDNAME>DSNAM</FIELDNAME>
     <POSITION>0012</POSITION>
     <ROLLNAME>DSNAM</ROLLNAME>
     <ADMINFIELD>0</ADMINFIELD>
     <COMPTYPE>E</COMPTYPE>
    </DD03P>
    <DD03P>
     <TABNAME>ZEPS_EXT_DIAGRAMA_REDE</TABNAME>
     <FIELDNAME>PROFID</FIELDNAME>
     <POSITION>0013</POSITION>
     <ROLLNAME>PROFIDNZPL</ROLLNAME>
     <ADMINFIELD>0</ADMINFIELD>
     <COMPTYPE>E</COMPTYPE>
    </DD03P>
    <DD03P>
     <TABNAME>ZEPS_EXT_DIAGRAMA_REDE</TABNAME>
     <FIELDNAME>KOSTV</FIELDNAME>
     <POSITION>0014</POSITION>
     <ROLLNAME>AUFKOSTV</ROLLNAME>
     <ADMINFIELD>0</ADMINFIELD>
     <COMPTYPE>E</COMPTYPE>
    </DD03P>
    <DD03P>
     <TABNAME>ZEPS_EXT_DIAGRAMA_REDE</TABNAME>
     <FIELDNAME>PRCTR</FIELDNAME>
     <POSITION>0015</POSITION>
     <ROLLNAME>PRCTR</ROLLNAME>
     <ADMINFIELD>0</ADMINFIELD>
     <SHLPORIGIN>D</SHLPORIGIN>
     <COMPTYPE>E</COMPTYPE>
    </DD03P>
    <DD03P>
     <TABNAME>ZEPS_EXT_DIAGRAMA_REDE</TABNAME>
     <FIELDNAME>STATXT</FIELDNAME>
     <POSITION>0016</POSITION>
     <ROLLNAME>STATUSTEXT_2</ROLLNAME>
     <ADMINFIELD>0</ADMINFIELD>
     <COMPTYPE>E</COMPTYPE>
    </DD03P>
   </DD03P_TABLE>
  </asx:values>
 </asx:abap>
</abapGit>
