﻿<?xml version="1.0" encoding="utf-8"?>
<abapGit version="v1.0.0" serializer="LCL_OBJECT_TABL" serializer_version="v1.0.0">
 <asx:abap xmlns:asx="http://www.sap.com/abapxml" version="1.0">
  <asx:values>
   <DD02V>
    <TABNAME>ZEPS_EXT_DEF_PROJ</TABNAME>
    <DDLANGUAGE>P</DDLANGUAGE>
    <TABCLASS>INTTAB</TABCLASS>
    <DDTEXT>Extração de definiçao de Projeto</DDTEXT>
    <EXCLASS>3</EXCLASS>
   </DD02V>
   <DD03P_TABLE>
    <DD03P>
     <TABNAME>ZEPS_EXT_DEF_PROJ</TABNAME>
     <FIELDNAME>VBUKR</FIELDNAME>
     <POSITION>0001</POSITION>
     <ROLLNAME>PS_VBUKR</ROLLNAME>
     <ADMINFIELD>0</ADMINFIELD>
     <COMPTYPE>E</COMPTYPE>
    </DD03P>
    <DD03P>
     <TABNAME>ZEPS_EXT_DEF_PROJ</TABNAME>
     <FIELDNAME>VGSBR</FIELDNAME>
     <POSITION>0002</POSITION>
     <ROLLNAME>PS_VGSBR</ROLLNAME>
     <ADMINFIELD>0</ADMINFIELD>
     <COMPTYPE>E</COMPTYPE>
    </DD03P>
    <DD03P>
     <TABNAME>ZEPS_EXT_DEF_PROJ</TABNAME>
     <FIELDNAME>PSPID</FIELDNAME>
     <POSITION>0003</POSITION>
     <ROLLNAME>PS_PSPID</ROLLNAME>
     <ADMINFIELD>0</ADMINFIELD>
     <SHLPORIGIN>D</SHLPORIGIN>
     <COMPTYPE>E</COMPTYPE>
    </DD03P>
    <DD03P>
     <TABNAME>ZEPS_EXT_DEF_PROJ</TABNAME>
     <FIELDNAME>POST1</FIELDNAME>
     <POSITION>0004</POSITION>
     <ROLLNAME>PS_POST1</ROLLNAME>
     <ADMINFIELD>0</ADMINFIELD>
     <COMPTYPE>E</COMPTYPE>
    </DD03P>
    <DD03P>
     <TABNAME>ZEPS_EXT_DEF_PROJ</TABNAME>
     <FIELDNAME>PROFL</FIELDNAME>
     <POSITION>0005</POSITION>
     <ROLLNAME>PROFIDPROJ</ROLLNAME>
     <ADMINFIELD>0</ADMINFIELD>
     <COMPTYPE>E</COMPTYPE>
    </DD03P>
    <DD03P>
     <TABNAME>ZEPS_EXT_DEF_PROJ</TABNAME>
     <FIELDNAME>WERKS</FIELDNAME>
     <POSITION>0006</POSITION>
     <ROLLNAME>WERKS_D</ROLLNAME>
     <ADMINFIELD>0</ADMINFIELD>
     <SHLPORIGIN>D</SHLPORIGIN>
     <COMPTYPE>E</COMPTYPE>
    </DD03P>
    <DD03P>
     <TABNAME>ZEPS_EXT_DEF_PROJ</TABNAME>
     <FIELDNAME>VERNR</FIELDNAME>
     <POSITION>0007</POSITION>
     <ROLLNAME>PS_VERNR</ROLLNAME>
     <ADMINFIELD>0</ADMINFIELD>
     <COMPTYPE>E</COMPTYPE>
    </DD03P>
    <DD03P>
     <TABNAME>ZEPS_EXT_DEF_PROJ</TABNAME>
     <FIELDNAME>VERNA</FIELDNAME>
     <POSITION>0008</POSITION>
     <ROLLNAME>PS_VERNA</ROLLNAME>
     <ADMINFIELD>0</ADMINFIELD>
     <COMPTYPE>E</COMPTYPE>
    </DD03P>
    <DD03P>
     <TABNAME>ZEPS_EXT_DEF_PROJ</TABNAME>
     <FIELDNAME>PRCTR</FIELDNAME>
     <POSITION>0009</POSITION>
     <ROLLNAME>PRCTR</ROLLNAME>
     <ADMINFIELD>0</ADMINFIELD>
     <SHLPORIGIN>D</SHLPORIGIN>
     <COMPTYPE>E</COMPTYPE>
    </DD03P>
    <DD03P>
     <TABNAME>ZEPS_EXT_DEF_PROJ</TABNAME>
     <FIELDNAME>PLFAZ</FIELDNAME>
     <POSITION>0010</POSITION>
     <ROLLNAME>PS_PLFAZ</ROLLNAME>
     <ADMINFIELD>0</ADMINFIELD>
     <SHLPORIGIN>T</SHLPORIGIN>
     <COMPTYPE>E</COMPTYPE>
    </DD03P>
    <DD03P>
     <TABNAME>ZEPS_EXT_DEF_PROJ</TABNAME>
     <FIELDNAME>PLSEZ</FIELDNAME>
     <POSITION>0011</POSITION>
     <ROLLNAME>PS_PLSEZ</ROLLNAME>
     <ADMINFIELD>0</ADMINFIELD>
     <SHLPORIGIN>T</SHLPORIGIN>
     <COMPTYPE>E</COMPTYPE>
    </DD03P>
    <DD03P>
     <TABNAME>ZEPS_EXT_DEF_PROJ</TABNAME>
     <FIELDNAME>PWHIE</FIELDNAME>
     <POSITION>0012</POSITION>
     <ROLLNAME>PS_PWHIE</ROLLNAME>
     <ADMINFIELD>0</ADMINFIELD>
     <COMPTYPE>E</COMPTYPE>
    </DD03P>
    <DD03P>
     <TABNAME>ZEPS_EXT_DEF_PROJ</TABNAME>
     <FIELDNAME>IMPRF</FIELDNAME>
     <POSITION>0013</POSITION>
     <ROLLNAME>IM_PROFIL</ROLLNAME>
     <ADMINFIELD>0</ADMINFIELD>
     <COMPTYPE>E</COMPTYPE>
    </DD03P>
    <DD03P>
     <TABNAME>ZEPS_EXT_DEF_PROJ</TABNAME>
     <FIELDNAME>STATXT</FIELDNAME>
     <POSITION>0014</POSITION>
     <ROLLNAME>STATUSTEXT_2</ROLLNAME>
     <ADMINFIELD>0</ADMINFIELD>
     <COMPTYPE>E</COMPTYPE>
    </DD03P>
    <DD03P>
     <TABNAME>ZEPS_EXT_DEF_PROJ</TABNAME>
     <FIELDNAME>STORT</FIELDNAME>
     <POSITION>0015</POSITION>
     <ROLLNAME>PS_STORT</ROLLNAME>
     <ADMINFIELD>0</ADMINFIELD>
     <COMPTYPE>E</COMPTYPE>
    </DD03P>
   </DD03P_TABLE>
  </asx:values>
 </asx:abap>
</abapGit>
