﻿<?xml version="1.0" encoding="utf-8"?>
<abapGit version="v1.0.0" serializer="LCL_OBJECT_TABL" serializer_version="v1.0.0">
 <asx:abap xmlns:asx="http://www.sap.com/abapxml" version="1.0">
  <asx:values>
   <DD02V>
    <TABNAME>ZEPS_EXT_CUSTO_REAL</TABNAME>
    <DDLANGUAGE>P</DDLANGUAGE>
    <TABCLASS>INTTAB</TABCLASS>
    <DDTEXT>Extração de custo real</DDTEXT>
    <EXCLASS>3</EXCLASS>
   </DD02V>
   <DD03P_TABLE>
    <DD03P>
     <TABNAME>ZEPS_EXT_CUSTO_REAL</TABNAME>
     <FIELDNAME>PSPID</FIELDNAME>
     <POSITION>0001</POSITION>
     <ROLLNAME>PS_PSPID</ROLLNAME>
     <ADMINFIELD>0</ADMINFIELD>
     <SHLPORIGIN>D</SHLPORIGIN>
     <COMPTYPE>E</COMPTYPE>
    </DD03P>
    <DD03P>
     <TABNAME>ZEPS_EXT_CUSTO_REAL</TABNAME>
     <FIELDNAME>POSID</FIELDNAME>
     <POSITION>0002</POSITION>
     <ROLLNAME>PS_POSID</ROLLNAME>
     <ADMINFIELD>0</ADMINFIELD>
     <COMPTYPE>E</COMPTYPE>
    </DD03P>
    <DD03P>
     <TABNAME>ZEPS_EXT_CUSTO_REAL</TABNAME>
     <FIELDNAME>AUFNR</FIELDNAME>
     <POSITION>0003</POSITION>
     <ROLLNAME>AUFNR</ROLLNAME>
     <ADMINFIELD>0</ADMINFIELD>
     <COMPTYPE>E</COMPTYPE>
    </DD03P>
    <DD03P>
     <TABNAME>ZEPS_EXT_CUSTO_REAL</TABNAME>
     <FIELDNAME>OBART</FIELDNAME>
     <POSITION>0004</POSITION>
     <ROLLNAME>CO_OBJ_A</ROLLNAME>
     <ADMINFIELD>0</ADMINFIELD>
     <COMPTYPE>E</COMPTYPE>
    </DD03P>
    <DD03P>
     <TABNAME>ZEPS_EXT_CUSTO_REAL</TABNAME>
     <FIELDNAME>BUKRS</FIELDNAME>
     <POSITION>0005</POSITION>
     <ROLLNAME>BUKRS</ROLLNAME>
     <ADMINFIELD>0</ADMINFIELD>
     <SHLPORIGIN>D</SHLPORIGIN>
     <COMPTYPE>E</COMPTYPE>
    </DD03P>
    <DD03P>
     <TABNAME>ZEPS_EXT_CUSTO_REAL</TABNAME>
     <FIELDNAME>GSBER</FIELDNAME>
     <POSITION>0006</POSITION>
     <ROLLNAME>GSBER</ROLLNAME>
     <ADMINFIELD>0</ADMINFIELD>
     <COMPTYPE>E</COMPTYPE>
    </DD03P>
    <DD03P>
     <TABNAME>ZEPS_EXT_CUSTO_REAL</TABNAME>
     <FIELDNAME>GJAHR</FIELDNAME>
     <POSITION>0007</POSITION>
     <ROLLNAME>GJAHR</ROLLNAME>
     <ADMINFIELD>0</ADMINFIELD>
     <COMPTYPE>E</COMPTYPE>
    </DD03P>
    <DD03P>
     <TABNAME>ZEPS_EXT_CUSTO_REAL</TABNAME>
     <FIELDNAME>PERIO</FIELDNAME>
     <POSITION>0008</POSITION>
     <ROLLNAME>CO_PERIO</ROLLNAME>
     <ADMINFIELD>0</ADMINFIELD>
     <VALEXI>X</VALEXI>
     <SHLPORIGIN>F</SHLPORIGIN>
     <COMPTYPE>E</COMPTYPE>
    </DD03P>
    <DD03P>
     <TABNAME>ZEPS_EXT_CUSTO_REAL</TABNAME>
     <FIELDNAME>CPUDT</FIELDNAME>
     <POSITION>0009</POSITION>
     <ROLLNAME>CO_CPUDT</ROLLNAME>
     <ADMINFIELD>0</ADMINFIELD>
     <SHLPORIGIN>T</SHLPORIGIN>
     <COMPTYPE>E</COMPTYPE>
    </DD03P>
    <DD03P>
     <TABNAME>ZEPS_EXT_CUSTO_REAL</TABNAME>
     <FIELDNAME>BLDAT</FIELDNAME>
     <POSITION>0010</POSITION>
     <ROLLNAME>CO_BLDAT</ROLLNAME>
     <ADMINFIELD>0</ADMINFIELD>
     <SHLPORIGIN>T</SHLPORIGIN>
     <COMPTYPE>E</COMPTYPE>
    </DD03P>
    <DD03P>
     <TABNAME>ZEPS_EXT_CUSTO_REAL</TABNAME>
     <FIELDNAME>BUDAT</FIELDNAME>
     <POSITION>0011</POSITION>
     <ROLLNAME>CO_BUDAT</ROLLNAME>
     <ADMINFIELD>0</ADMINFIELD>
     <SHLPORIGIN>T</SHLPORIGIN>
     <COMPTYPE>E</COMPTYPE>
    </DD03P>
    <DD03P>
     <TABNAME>ZEPS_EXT_CUSTO_REAL</TABNAME>
     <FIELDNAME>KSTAR</FIELDNAME>
     <POSITION>0012</POSITION>
     <ROLLNAME>KSTAR</ROLLNAME>
     <ADMINFIELD>0</ADMINFIELD>
     <COMPTYPE>E</COMPTYPE>
    </DD03P>
    <DD03P>
     <TABNAME>ZEPS_EXT_CUSTO_REAL</TABNAME>
     <FIELDNAME>MATNR</FIELDNAME>
     <POSITION>0013</POSITION>
     <ROLLNAME>MATNR</ROLLNAME>
     <ADMINFIELD>0</ADMINFIELD>
     <SHLPORIGIN>D</SHLPORIGIN>
     <COMPTYPE>E</COMPTYPE>
    </DD03P>
    <DD03P>
     <TABNAME>ZEPS_EXT_CUSTO_REAL</TABNAME>
     <FIELDNAME>WRTTP</FIELDNAME>
     <POSITION>0014</POSITION>
     <ROLLNAME>CO_WRTTP</ROLLNAME>
     <ADMINFIELD>0</ADMINFIELD>
     <VALEXI>X</VALEXI>
     <SHLPORIGIN>F</SHLPORIGIN>
     <COMPTYPE>E</COMPTYPE>
    </DD03P>
    <DD03P>
     <TABNAME>ZEPS_EXT_CUSTO_REAL</TABNAME>
     <FIELDNAME>VRGNG</FIELDNAME>
     <POSITION>0015</POSITION>
     <ROLLNAME>CO_VORGANG</ROLLNAME>
     <ADMINFIELD>0</ADMINFIELD>
     <COMPTYPE>E</COMPTYPE>
    </DD03P>
    <DD03P>
     <TABNAME>ZEPS_EXT_CUSTO_REAL</TABNAME>
     <FIELDNAME>BEKNZ</FIELDNAME>
     <POSITION>0016</POSITION>
     <ROLLNAME>BEKNZ</ROLLNAME>
     <ADMINFIELD>0</ADMINFIELD>
     <VALEXI>X</VALEXI>
     <SHLPORIGIN>F</SHLPORIGIN>
     <COMPTYPE>E</COMPTYPE>
    </DD03P>
    <DD03P>
     <TABNAME>ZEPS_EXT_CUSTO_REAL</TABNAME>
     <FIELDNAME>GKONT</FIELDNAME>
     <POSITION>0017</POSITION>
     <ROLLNAME>GKONT</ROLLNAME>
     <ADMINFIELD>0</ADMINFIELD>
     <SHLPORIGIN>D</SHLPORIGIN>
     <COMPTYPE>E</COMPTYPE>
    </DD03P>
    <DD03P>
     <TABNAME>ZEPS_EXT_CUSTO_REAL</TABNAME>
     <FIELDNAME>Z_CLASSIFICACAO</FIELDNAME>
     <POSITION>0018</POSITION>
     <ROLLNAME>ZWRKST</ROLLNAME>
     <ADMINFIELD>0</ADMINFIELD>
     <COMPTYPE>E</COMPTYPE>
    </DD03P>
    <DD03P>
     <TABNAME>ZEPS_EXT_CUSTO_REAL</TABNAME>
     <FIELDNAME>ZANEEL</FIELDNAME>
     <POSITION>0019</POSITION>
     <ROLLNAME>ZCOD_ANEEL</ROLLNAME>
     <ADMINFIELD>0</ADMINFIELD>
     <COMPTYPE>E</COMPTYPE>
    </DD03P>
    <DD03P>
     <TABNAME>ZEPS_EXT_CUSTO_REAL</TABNAME>
     <FIELDNAME>ZUAR</FIELDNAME>
     <POSITION>0020</POSITION>
     <ROLLNAME>ZCOD_UAR</ROLLNAME>
     <ADMINFIELD>0</ADMINFIELD>
     <COMPTYPE>E</COMPTYPE>
    </DD03P>
    <DD03P>
     <TABNAME>ZEPS_EXT_CUSTO_REAL</TABNAME>
     <FIELDNAME>ZTUC</FIELDNAME>
     <POSITION>0021</POSITION>
     <ROLLNAME>ZCODTUC</ROLLNAME>
     <ADMINFIELD>0</ADMINFIELD>
     <COMPTYPE>E</COMPTYPE>
    </DD03P>
    <DD03P>
     <TABNAME>ZEPS_EXT_CUSTO_REAL</TABNAME>
     <FIELDNAME>ZTBEM</FIELDNAME>
     <POSITION>0022</POSITION>
     <ROLLNAME>ZTBEM</ROLLNAME>
     <ADMINFIELD>0</ADMINFIELD>
     <COMPTYPE>E</COMPTYPE>
    </DD03P>
    <DD03P>
     <TABNAME>ZEPS_EXT_CUSTO_REAL</TABNAME>
     <FIELDNAME>ZTI</FIELDNAME>
     <POSITION>0023</POSITION>
     <ROLLNAME>ZCODTI</ROLLNAME>
     <ADMINFIELD>0</ADMINFIELD>
     <COMPTYPE>E</COMPTYPE>
    </DD03P>
    <DD03P>
     <TABNAME>ZEPS_EXT_CUSTO_REAL</TABNAME>
     <FIELDNAME>ZSORTF</FIELDNAME>
     <POSITION>0024</POSITION>
     <ROLLNAME>SORTP</ROLLNAME>
     <ADMINFIELD>0</ADMINFIELD>
     <COMPTYPE>E</COMPTYPE>
    </DD03P>
    <DD03P>
     <TABNAME>ZEPS_EXT_CUSTO_REAL</TABNAME>
     <FIELDNAME>ZODI</FIELDNAME>
     <POSITION>0025</POSITION>
     <ROLLNAME>Z_CODODI</ROLLNAME>
     <ADMINFIELD>0</ADMINFIELD>
     <COMPTYPE>E</COMPTYPE>
    </DD03P>
    <DD03P>
     <TABNAME>ZEPS_EXT_CUSTO_REAL</TABNAME>
     <FIELDNAME>ZCM</FIELDNAME>
     <POSITION>0026</POSITION>
     <ROLLNAME>WEMPF</ROLLNAME>
     <ADMINFIELD>0</ADMINFIELD>
     <COMPTYPE>E</COMPTYPE>
    </DD03P>
    <DD03P>
     <TABNAME>ZEPS_EXT_CUSTO_REAL</TABNAME>
     <FIELDNAME>EBELN</FIELDNAME>
     <POSITION>0027</POSITION>
     <ROLLNAME>EBELN</ROLLNAME>
     <ADMINFIELD>0</ADMINFIELD>
     <SHLPORIGIN>D</SHLPORIGIN>
     <COMPTYPE>E</COMPTYPE>
    </DD03P>
    <DD03P>
     <TABNAME>ZEPS_EXT_CUSTO_REAL</TABNAME>
     <FIELDNAME>EBELP</FIELDNAME>
     <POSITION>0028</POSITION>
     <ROLLNAME>EBELP</ROLLNAME>
     <ADMINFIELD>0</ADMINFIELD>
     <COMPTYPE>E</COMPTYPE>
    </DD03P>
    <DD03P>
     <TABNAME>ZEPS_EXT_CUSTO_REAL</TABNAME>
     <FIELDNAME>STFLG</FIELDNAME>
     <POSITION>0029</POSITION>
     <ROLLNAME>CO_STFLG</ROLLNAME>
     <ADMINFIELD>0</ADMINFIELD>
     <VALEXI>X</VALEXI>
     <SHLPORIGIN>F</SHLPORIGIN>
     <COMPTYPE>E</COMPTYPE>
    </DD03P>
    <DD03P>
     <TABNAME>ZEPS_EXT_CUSTO_REAL</TABNAME>
     <FIELDNAME>REFBN</FIELDNAME>
     <POSITION>0030</POSITION>
     <ROLLNAME>CO_REFBN</ROLLNAME>
     <ADMINFIELD>0</ADMINFIELD>
     <COMPTYPE>E</COMPTYPE>
    </DD03P>
    <DD03P>
     <TABNAME>ZEPS_EXT_CUSTO_REAL</TABNAME>
     <FIELDNAME>BELNR</FIELDNAME>
     <POSITION>0031</POSITION>
     <ROLLNAME>CO_BELNR</ROLLNAME>
     <ADMINFIELD>0</ADMINFIELD>
     <COMPTYPE>E</COMPTYPE>
    </DD03P>
    <DD03P>
     <TABNAME>ZEPS_EXT_CUSTO_REAL</TABNAME>
     <FIELDNAME>OBJID</FIELDNAME>
     <POSITION>0032</POSITION>
     <ROLLNAME>CO_OBJNR</ROLLNAME>
     <ADMINFIELD>0</ADMINFIELD>
     <COMPTYPE>E</COMPTYPE>
    </DD03P>
    <DD03P>
     <TABNAME>ZEPS_EXT_CUSTO_REAL</TABNAME>
     <FIELDNAME>WKVBTR</FIELDNAME>
     <POSITION>0033</POSITION>
     <ROLLNAME>WKVXXX</ROLLNAME>
     <ADMINFIELD>0</ADMINFIELD>
     <REFTABLE>COBK</REFTABLE>
     <REFFIELD>KWAER</REFFIELD>
     <COMPTYPE>E</COMPTYPE>
    </DD03P>
   </DD03P_TABLE>
  </asx:values>
 </asx:abap>
</abapGit>
