﻿<?xml version="1.0" encoding="utf-8"?>
<abapGit version="v1.0.0" serializer="LCL_OBJECT_TABL" serializer_version="v1.0.0">
 <asx:abap xmlns:asx="http://www.sap.com/abapxml" version="1.0">
  <asx:values>
   <DD02V>
    <TABNAME>ZEPS_EXT_CI_PRPS</TABNAME>
    <DDLANGUAGE>P</DDLANGUAGE>
    <TABCLASS>INTTAB</TABCLASS>
    <DDTEXT>Campos adicionais para PEP (PRPS)</DDTEXT>
    <EXCLASS>3</EXCLASS>
   </DD02V>
   <DD03P_TABLE>
    <DD03P>
     <TABNAME>ZEPS_EXT_CI_PRPS</TABNAME>
     <FIELDNAME>ZZTIPO_INST</FIELDNAME>
     <POSITION>0001</POSITION>
     <ROLLNAME>ZEDPM_TIPOINST</ROLLNAME>
     <ADMINFIELD>0</ADMINFIELD>
     <COMPTYPE>E</COMPTYPE>
    </DD03P>
    <DD03P>
     <TABNAME>ZEPS_EXT_CI_PRPS</TABNAME>
     <FIELDNAME>ZZLINST</FIELDNAME>
     <POSITION>0002</POSITION>
     <ROLLNAME>ZCOD_LI</ROLLNAME>
     <ADMINFIELD>0</ADMINFIELD>
     <COMPTYPE>E</COMPTYPE>
    </DD03P>
    <DD03P>
     <TABNAME>ZEPS_EXT_CI_PRPS</TABNAME>
     <FIELDNAME>ZZCM</FIELDNAME>
     <POSITION>0003</POSITION>
     <ROLLNAME>ZCOD_CM</ROLLNAME>
     <ADMINFIELD>0</ADMINFIELD>
     <COMPTYPE>E</COMPTYPE>
    </DD03P>
    <DD03P>
     <TABNAME>ZEPS_EXT_CI_PRPS</TABNAME>
     <FIELDNAME>ZZSTIPO</FIELDNAME>
     <POSITION>0004</POSITION>
     <ROLLNAME>ZSUB_TP</ROLLNAME>
     <ADMINFIELD>0</ADMINFIELD>
     <COMPTYPE>E</COMPTYPE>
    </DD03P>
    <DD03P>
     <TABNAME>ZEPS_EXT_CI_PRPS</TABNAME>
     <FIELDNAME>ZZARP</FIELDNAME>
     <POSITION>0005</POSITION>
     <ROLLNAME>ZARE_PR</ROLLNAME>
     <ADMINFIELD>0</ADMINFIELD>
     <COMPTYPE>E</COMPTYPE>
    </DD03P>
    <DD03P>
     <TABNAME>ZEPS_EXT_CI_PRPS</TABNAME>
     <FIELDNAME>ZZGRP</FIELDNAME>
     <POSITION>0006</POSITION>
     <ROLLNAME>ZGRE_PR</ROLLNAME>
     <ADMINFIELD>0</ADMINFIELD>
     <COMPTYPE>E</COMPTYPE>
    </DD03P>
    <DD03P>
     <TABNAME>ZEPS_EXT_CI_PRPS</TABNAME>
     <FIELDNAME>ZZAGO</FIELDNAME>
     <POSITION>0007</POSITION>
     <ROLLNAME>ZAGE_OR</ROLLNAME>
     <ADMINFIELD>0</ADMINFIELD>
     <COMPTYPE>E</COMPTYPE>
    </DD03P>
    <DD03P>
     <TABNAME>ZEPS_EXT_CI_PRPS</TABNAME>
     <FIELDNAME>ZZGRO</FIELDNAME>
     <POSITION>0008</POSITION>
     <ROLLNAME>ZGRO_PR</ROLLNAME>
     <ADMINFIELD>0</ADMINFIELD>
     <COMPTYPE>E</COMPTYPE>
    </DD03P>
    <DD03P>
     <TABNAME>ZEPS_EXT_CI_PRPS</TABNAME>
     <FIELDNAME>ZZRRP</FIELDNAME>
     <POSITION>0009</POSITION>
     <ROLLNAME>ZRRE_PR</ROLLNAME>
     <ADMINFIELD>0</ADMINFIELD>
     <COMPTYPE>E</COMPTYPE>
    </DD03P>
    <DD03P>
     <TABNAME>ZEPS_EXT_CI_PRPS</TABNAME>
     <FIELDNAME>ZZRB</FIELDNAME>
     <POSITION>0010</POSITION>
     <ROLLNAME>ZRB_RB</ROLLNAME>
     <ADMINFIELD>0</ADMINFIELD>
     <COMPTYPE>E</COMPTYPE>
    </DD03P>
    <DD03P>
     <TABNAME>ZEPS_EXT_CI_PRPS</TABNAME>
     <FIELDNAME>ZZRRB</FIELDNAME>
     <POSITION>0011</POSITION>
     <ROLLNAME>ZRAP_RB</ROLLNAME>
     <ADMINFIELD>0</ADMINFIELD>
     <REFTABLE>TCURC</REFTABLE>
     <REFFIELD>WAERS</REFFIELD>
     <COMPTYPE>E</COMPTYPE>
    </DD03P>
    <DD03P>
     <TABNAME>ZEPS_EXT_CI_PRPS</TABNAME>
     <FIELDNAME>ZZDIT</FIELDNAME>
     <POSITION>0012</POSITION>
     <ROLLNAME>ZDIT_DIT</ROLLNAME>
     <ADMINFIELD>0</ADMINFIELD>
     <COMPTYPE>E</COMPTYPE>
    </DD03P>
    <DD03P>
     <TABNAME>ZEPS_EXT_CI_PRPS</TABNAME>
     <FIELDNAME>ZZRDIT</FIELDNAME>
     <POSITION>0013</POSITION>
     <ROLLNAME>ZRAP_DIT</ROLLNAME>
     <ADMINFIELD>0</ADMINFIELD>
     <REFTABLE>TCURC</REFTABLE>
     <REFFIELD>WAERS</REFFIELD>
     <COMPTYPE>E</COMPTYPE>
    </DD03P>
    <DD03P>
     <TABNAME>ZEPS_EXT_CI_PRPS</TABNAME>
     <FIELDNAME>ZZTIR</FIELDNAME>
     <POSITION>0014</POSITION>
     <ROLLNAME>ZTIR_PR</ROLLNAME>
     <ADMINFIELD>0</ADMINFIELD>
     <COMPTYPE>E</COMPTYPE>
    </DD03P>
    <DD03P>
     <TABNAME>ZEPS_EXT_CI_PRPS</TABNAME>
     <FIELDNAME>ZZINVEST</FIELDNAME>
     <POSITION>0015</POSITION>
     <ROLLNAME>ZINV_EST</ROLLNAME>
     <ADMINFIELD>0</ADMINFIELD>
     <REFTABLE>TCURC</REFTABLE>
     <REFFIELD>WAERS</REFFIELD>
     <COMPTYPE>E</COMPTYPE>
    </DD03P>
    <DD03P>
     <TABNAME>ZEPS_EXT_CI_PRPS</TABNAME>
     <FIELDNAME>ZZTMD</FIELDNAME>
     <POSITION>0016</POSITION>
     <ROLLNAME>ZTM_DEPR</ROLLNAME>
     <ADMINFIELD>0</ADMINFIELD>
     <COMPTYPE>E</COMPTYPE>
    </DD03P>
    <DD03P>
     <TABNAME>ZEPS_EXT_CI_PRPS</TABNAME>
     <FIELDNAME>ZZCMOD</FIELDNAME>
     <POSITION>0017</POSITION>
     <ROLLNAME>ORD4X</ROLLNAME>
     <ADMINFIELD>0</ADMINFIELD>
     <COMPTYPE>E</COMPTYPE>
    </DD03P>
   </DD03P_TABLE>
  </asx:values>
 </asx:abap>
</abapGit>
