﻿<?xml version="1.0" encoding="utf-8"?>
<abapGit version="v1.0.0" serializer="LCL_OBJECT_DTEL" serializer_version="v1.0.0">
 <asx:abap xmlns:asx="http://www.sap.com/abapxml" version="1.0">
  <asx:values>
   <DD04V>
    <ROLLNAME>ZEXTRATOR</ROLLNAME>
    <DDLANGUAGE>P</DDLANGUAGE>
    <DOMNAME>CHAR10</DOMNAME>
    <HEADLEN>55</HEADLEN>
    <SCRLEN1>10</SCRLEN1>
    <SCRLEN2>20</SCRLEN2>
    <SCRLEN3>40</SCRLEN3>
    <DDTEXT>Definição de extrator para Migração ao S/4</DDTEXT>
    <REPTEXT>Definição de extrator para Migração ao S/4</REPTEXT>
    <SCRTEXT_S>Extrator</SCRTEXT_S>
    <SCRTEXT_M>Extrator p/ Migração</SCRTEXT_M>
    <SCRTEXT_L>Definição de extrator p/ Migração ao S/4</SCRTEXT_L>
    <DTELMASTER>P</DTELMASTER>
    <REFKIND>D</REFKIND>
   </DD04V>
  </asx:values>
 </asx:abap>
</abapGit>
