﻿<?xml version="1.0" encoding="utf-8"?>
<abapGit version="v1.0.0" serializer="LCL_OBJECT_FUGR" serializer_version="v1.0.0">
 <asx:abap xmlns:asx="http://www.sap.com/abapxml" version="1.0">
  <asx:values>
   <AREAT>PROGRAMA DE EXTRECAO - MESTRE FORNECEDOR</AREAT>
   <INCLUDES>
    <SOBJ_NAME>LZGMM_EXTRACAO_FORNECEDORTOP</SOBJ_NAME>
    <SOBJ_NAME>SAPLZGMM_EXTRACAO_FORNECEDOR</SOBJ_NAME>
   </INCLUDES>
   <FUNCTIONS>
    <item>
     <FUNCNAME>ZFMM_EXTRACAO_SELECIONA_FORNEC</FUNCNAME>
     <SHORT_TEXT>RECUPERA OS FORNECEDORES PARA SEREM EXTRAIDOS</SHORT_TEXT>
     <IMPORT>
      <RSIMP>
       <PARAMETER>PI_LIFNR</PARAMETER>
       <REFERENCE>X</REFERENCE>
       <TYP>ZEMM_EXTRACAO_LIFNR</TYP>
      </RSIMP>
      <RSIMP>
       <PARAMETER>PI_CORTE</PARAMETER>
       <REFERENCE>X</REFERENCE>
       <TYP>DATUM</TYP>
      </RSIMP>
     </IMPORT>
     <EXPORT>
      <RSEXP>
       <PARAMETER>PE_LIFNR</PARAMETER>
       <REFERENCE>X</REFERENCE>
       <TYP>ZEMM_EXTRACAO_LIFNR</TYP>
      </RSEXP>
     </EXPORT>
     <DOCUMENTATION>
      <RSFDO>
       <PARAMETER>PI_LIFNR</PARAMETER>
       <KIND>P</KIND>
       <STEXT>EXTRACAO FORNECEDOR</STEXT>
       <INDEX> 001</INDEX>
      </RSFDO>
      <RSFDO>
       <PARAMETER>PI_CORTE</PARAMETER>
       <KIND>P</KIND>
       <STEXT>Data</STEXT>
       <INDEX> 002</INDEX>
      </RSFDO>
      <RSFDO>
       <PARAMETER>PE_LIFNR</PARAMETER>
       <KIND>P</KIND>
       <STEXT>EXTRACAO FORNECEDOR</STEXT>
       <INDEX> 003</INDEX>
      </RSFDO>
     </DOCUMENTATION>
    </item>
   </FUNCTIONS>
  </asx:values>
 </asx:abap>
</abapGit>
