﻿<?xml version="1.0" encoding="utf-8"?>
<abapGit version="v1.0.0" serializer="LCL_OBJECT_FUGR" serializer_version="v1.0.0">
 <asx:abap xmlns:asx="http://www.sap.com/abapxml" version="1.0">
  <asx:values>
   <AREAT>Extração de Materiais / Serviços</AREAT>
   <INCLUDES>
    <SOBJ_NAME>LZGPS_EXTRACAO_MAT_SERVTOP</SOBJ_NAME>
    <SOBJ_NAME>SAPLZGPS_EXTRACAO_MAT_SERV</SOBJ_NAME>
   </INCLUDES>
   <FUNCTIONS>
    <item>
     <FUNCNAME>ZFPS_OBTER_MAT_SERV</FUNCNAME>
     <SHORT_TEXT>Obter os Materiais / Serviços (CN52N)</SHORT_TEXT>
     <IMPORT>
      <RSIMP>
       <PARAMETER>P_I_PROJETOS</PARAMETER>
       <REFERENCE>X</REFERENCE>
       <TYP>ZTPS_RANGE_PROJ</TYP>
      </RSIMP>
      <RSIMP>
       <PARAMETER>P_I_PEPS</PARAMETER>
       <REFERENCE>X</REFERENCE>
       <TYP>CURTO_PSPNR_RANGE_T</TYP>
      </RSIMP>
      <RSIMP>
       <PARAMETER>P_I_EMPRESAS</PARAMETER>
       <REFERENCE>X</REFERENCE>
       <TYP>ZTPS_RANGE_VBUKR</TYP>
      </RSIMP>
      <RSIMP>
       <PARAMETER>P_I_RG_STATUS</PARAMETER>
       <REFERENCE>X</REFERENCE>
       <TYP>BAPI_ITOB_T_SEL_STATUS</TYP>
      </RSIMP>
      <RSIMP>
       <PARAMETER>P_I_NUM_LINHAS</PARAMETER>
       <REFERENCE>X</REFERENCE>
       <TYP>/SAPCND/CODE_LINE_NUM</TYP>
      </RSIMP>
     </IMPORT>
     <EXPORT>
      <RSEXP>
       <PARAMETER>P_E_TI_EXT_MAT_SERV</PARAMETER>
       <REFERENCE>X</REFERENCE>
       <TYP>ZTPS_EXT_MAT_SERV</TYP>
      </RSEXP>
     </EXPORT>
     <EXCEPTION>
      <RSEXC>
       <EXCEPTION>CX_SALV_BS_SC_RUNTIME_INFO</EXCEPTION>
      </RSEXC>
     </EXCEPTION>
     <DOCUMENTATION>
      <RSFDO>
       <PARAMETER>P_I_PROJETOS</PARAMETER>
       <KIND>P</KIND>
       <STEXT>Tabela Range para Projetos</STEXT>
       <INDEX> 001</INDEX>
      </RSFDO>
      <RSFDO>
       <PARAMETER>P_I_PEPS</PARAMETER>
       <KIND>P</KIND>
       <STEXT>Tabela range elemento PEP</STEXT>
       <INDEX> 002</INDEX>
      </RSFDO>
      <RSFDO>
       <PARAMETER>P_I_EMPRESAS</PARAMETER>
       <KIND>P</KIND>
       <STEXT>Tabela Range para Empresas</STEXT>
       <INDEX> 003</INDEX>
      </RSFDO>
      <RSFDO>
       <PARAMETER>P_I_RG_STATUS</PARAMETER>
       <KIND>P</KIND>
       <STEXT>Lista de Status a desconsiderar</STEXT>
       <INDEX> 004</INDEX>
      </RSFDO>
      <RSFDO>
       <PARAMETER>P_I_NUM_LINHAS</PARAMETER>
       <KIND>P</KIND>
       <STEXT>Nº linha de um report</STEXT>
       <INDEX> 005</INDEX>
      </RSFDO>
      <RSFDO>
       <PARAMETER>P_E_TI_EXT_MAT_SERV</PARAMETER>
       <KIND>P</KIND>
       <STEXT>Tabela para a extração de Material/Serviço</STEXT>
       <INDEX> 006</INDEX>
      </RSFDO>
      <RSFDO>
       <PARAMETER>CX_SALV_BS_SC_RUNTIME_INFO</PARAMETER>
       <KIND>X</KIND>
       <INDEX> 007</INDEX>
      </RSFDO>
     </DOCUMENTATION>
     <EXCEPTION_CLASSES>X</EXCEPTION_CLASSES>
    </item>
    <item>
     <FUNCNAME>ZFPS_VALIDAR_MAT_SERV</FUNCNAME>
     <SHORT_TEXT>Validar os Materiais / Serviços</SHORT_TEXT>
     <IMPORT>
      <RSIMP>
       <PARAMETER>P_I_DR</PARAMETER>
       <REFERENCE>X</REFERENCE>
       <TYP>NW_AUFNR</TYP>
      </RSIMP>
      <RSIMP>
       <PARAMETER>P_I_TI_STATUS_EN</PARAMETER>
       <REFERENCE>X</REFERENCE>
       <TYP>BU_TJ02T_T</TYP>
      </RSIMP>
     </IMPORT>
     <EXPORT>
      <RSEXP>
       <PARAMETER>P_E_TAR_VALIDADA</PARAMETER>
       <REFERENCE>X</REFERENCE>
       <TYP>CHAR01</TYP>
      </RSEXP>
     </EXPORT>
     <DOCUMENTATION>
      <RSFDO>
       <PARAMETER>P_I_DR</PARAMETER>
       <KIND>P</KIND>
       <STEXT>Nº diagrama rede</STEXT>
       <INDEX> 001</INDEX>
      </RSFDO>
      <RSFDO>
       <PARAMETER>P_I_TI_STATUS_EN</PARAMETER>
       <KIND>P</KIND>
       <STEXT>Status a serem desconsiderados (EN)</STEXT>
       <INDEX> 002</INDEX>
      </RSFDO>
      <RSFDO>
       <PARAMETER>P_E_TAR_VALIDADA</PARAMETER>
       <KIND>P</KIND>
       <STEXT>Tarefa validada</STEXT>
       <INDEX> 003</INDEX>
      </RSFDO>
     </DOCUMENTATION>
    </item>
   </FUNCTIONS>
  </asx:values>
 </asx:abap>
</abapGit>
