﻿<?xml version="1.0" encoding="utf-8"?>
<abapGit version="v1.0.0" serializer="LCL_OBJECT_DTEL" serializer_version="v1.0.0">
 <asx:abap xmlns:asx="http://www.sap.com/abapxml" version="1.0">
  <asx:values>
   <DD04V>
    <ROLLNAME>ZINV_EST</ROLLNAME>
    <DDLANGUAGE>P</DDLANGUAGE>
    <DOMNAME>PMCURR1</DOMNAME>
    <HEADLEN>55</HEADLEN>
    <SCRLEN1>10</SCRLEN1>
    <SCRLEN2>20</SCRLEN2>
    <SCRLEN3>40</SCRLEN3>
    <DDTEXT>Investimento estimado</DDTEXT>
    <REPTEXT>Investimento Estimado</REPTEXT>
    <SCRTEXT_S>Inv. Est.</SCRTEXT_S>
    <SCRTEXT_M>Inv. Estimado</SCRTEXT_M>
    <SCRTEXT_L>Investimento Estimado</SCRTEXT_L>
    <DTELMASTER>P</DTELMASTER>
    <REFKIND>D</REFKIND>
   </DD04V>
  </asx:values>
 </asx:abap>
</abapGit>
