﻿<?xml version="1.0" encoding="utf-8"?>
<abapGit version="v1.0.0" serializer="LCL_OBJECT_SHLP" serializer_version="v1.0.0">
 <asx:abap xmlns:asx="http://www.sap.com/abapxml" version="1.0">
  <asx:values>
   <DD30V>
    <SHLPNAME>ZRAG_STATUS_SYST</SHLPNAME>
    <DDLANGUAGE>P</DDLANGUAGE>
    <DDTEXT>Ajuda para pesquisa para status do sistema</DDTEXT>
    <ISSIMPLE>X</ISSIMPLE>
    <SELMETHOD>TJ02</SELMETHOD>
    <SELMTYPE>X</SELMTYPE>
    <TEXTTAB>TJ02T</TEXTTAB>
    <SELMEXIT>ZFPS_EXIT_STATUS_SYST</SELMEXIT>
    <DIALOGTYPE>D</DIALOGTYPE>
    <FUZZY_SIMILARITY>0.8</FUZZY_SIMILARITY>
   </DD30V>
   <DD32P_TABLE>
    <DD32P>
     <SHLPNAME>ZRAG_STATUS_SYST</SHLPNAME>
     <FIELDNAME>TXT04</FIELDNAME>
     <FLPOSITION>0001</FLPOSITION>
     <ROLLNAME>J_TXT04</ROLLNAME>
     <SHLPINPUT>X</SHLPINPUT>
     <SHLPOUTPUT>X</SHLPOUTPUT>
     <SHLPSELPOS>01</SHLPSELPOS>
     <SHLPLISPOS>01</SHLPLISPOS>
     <SCRLEN3>20</SCRLEN3>
    </DD32P>
    <DD32P>
     <SHLPNAME>ZRAG_STATUS_SYST</SHLPNAME>
     <FIELDNAME>ISTAT</FIELDNAME>
     <FLPOSITION>0002</FLPOSITION>
     <ROLLNAME>J_ISTAT</ROLLNAME>
     <SHLPINPUT>X</SHLPINPUT>
     <SHLPOUTPUT>X</SHLPOUTPUT>
     <SHLPSELPOS>02</SHLPSELPOS>
     <SHLPLISPOS>02</SHLPLISPOS>
     <SCRLEN3>20</SCRLEN3>
    </DD32P>
    <DD32P>
     <SHLPNAME>ZRAG_STATUS_SYST</SHLPNAME>
     <FIELDNAME>TXT30</FIELDNAME>
     <FLPOSITION>0003</FLPOSITION>
     <ROLLNAME>J_TXT30</ROLLNAME>
     <SHLPOUTPUT>X</SHLPOUTPUT>
     <SHLPSELPOS>03</SHLPSELPOS>
     <SHLPLISPOS>03</SHLPLISPOS>
     <SCRLEN3>20</SCRLEN3>
    </DD32P>
   </DD32P_TABLE>
  </asx:values>
 </asx:abap>
</abapGit>
