﻿<?xml version="1.0" encoding="utf-8"?>
<abapGit version="v1.0.0" serializer="LCL_OBJECT_PROG" serializer_version="v1.0.0">
 <asx:abap xmlns:asx="http://www.sap.com/abapxml" version="1.0">
  <asx:values>
   <PROGDIR>
    <NAME>ZRAG_FORNECEDOR_IMPOSTORET</NAME>
    <STATE>A</STATE>
    <VARCL>X</VARCL>
    <SUBC>1</SUBC>
    <RLOAD>P</RLOAD>
    <FIXPT>X</FIXPT>
    <UCCHECK>X</UCCHECK>
   </PROGDIR>
   <TPOOL>
    <item>
     <ID>R</ID>
     <ENTRY>PROGRAMA DE EXTRACAO - MESTRE FORNECEDOR - IMPOSTO RETIDO</ENTRY>
     <LENGTH>57</LENGTH>
    </item>
    <item>
     <ID>S</ID>
     <KEY>P_CORTE</KEY>
     <ENTRY>Dt.Corte</ENTRY>
     <LENGTH>16</LENGTH>
    </item>
    <item>
     <ID>S</ID>
     <KEY>P_LOCAL</KEY>
     <ENTRY>Execução local</ENTRY>
     <LENGTH>22</LENGTH>
    </item>
    <item>
     <ID>S</ID>
     <KEY>P_MAXREG</KEY>
     <ENTRY>Nr máximo de registros</ENTRY>
     <LENGTH>30</LENGTH>
    </item>
    <item>
     <ID>S</ID>
     <KEY>SO_BUKRS</KEY>
     <ENTRY>Empresa</ENTRY>
     <LENGTH>15</LENGTH>
    </item>
    <item>
     <ID>S</ID>
     <KEY>SO_LIFNR</KEY>
     <ENTRY>Fornecedor</ENTRY>
     <LENGTH>18</LENGTH>
    </item>
    <item>
     <ID>S</ID>
     <KEY>SO_WITHT</KEY>
     <ENTRY>Categoria de imposto</ENTRY>
     <LENGTH>28</LENGTH>
    </item>
   </TPOOL>
  </asx:values>
 </asx:abap>
</abapGit>
