﻿<?xml version="1.0" encoding="utf-8"?>
<abapGit version="v1.0.0" serializer="LCL_OBJECT_PROG" serializer_version="v1.0.0">
 <asx:abap xmlns:asx="http://www.sap.com/abapxml" version="1.0">
  <asx:values>
   <PROGDIR>
    <NAME>ZRAG_MATERIAL</NAME>
    <STATE>A</STATE>
    <VARCL>X</VARCL>
    <SUBC>1</SUBC>
    <RLOAD>P</RLOAD>
    <FIXPT>X</FIXPT>
    <UCCHECK>X</UCCHECK>
   </PROGDIR>
   <TPOOL>
    <item>
     <ID>I</ID>
     <KEY>T00</KEY>
     <ENTRY>Para extração - AGIR</ENTRY>
     <LENGTH>40</LENGTH>
    </item>
    <item>
     <ID>I</ID>
     <KEY>T01</KEY>
     <ENTRY>Filtros de Centro de Custo</ENTRY>
     <LENGTH>52</LENGTH>
    </item>
    <item>
     <ID>R</ID>
     <ENTRY>Extração de Centros de Custos</ENTRY>
     <LENGTH>29</LENGTH>
    </item>
    <item>
     <ID>S</ID>
     <KEY>P_LOCAL</KEY>
     <ENTRY>Execução local</ENTRY>
     <LENGTH>22</LENGTH>
    </item>
    <item>
     <ID>S</ID>
     <KEY>P_MAXREG</KEY>
     <ENTRY>Nr máximo de registros</ENTRY>
     <LENGTH>30</LENGTH>
    </item>
    <item>
     <ID>S</ID>
     <KEY>P_MSTAE</KEY>
     <ENTRY>.</ENTRY>
     <LENGTH>9</LENGTH>
     <SPLIT>D</SPLIT>
    </item>
   </TPOOL>
  </asx:values>
 </asx:abap>
</abapGit>
