﻿<?xml version="1.0" encoding="utf-8"?>
<abapGit version="v1.0.0" serializer="LCL_OBJECT_PROG" serializer_version="v1.0.0">
 <asx:abap xmlns:asx="http://www.sap.com/abapxml" version="1.0">
  <asx:values>
   <PROGDIR>
    <NAME>ZRAG_IMOBILIZADO_V2</NAME>
    <STATE>A</STATE>
    <VARCL>X</VARCL>
    <SUBC>1</SUBC>
    <RSTAT>K</RSTAT>
    <RLOAD>P</RLOAD>
    <FIXPT>X</FIXPT>
    <UCCHECK>X</UCCHECK>
   </PROGDIR>
   <TPOOL>
    <item>
     <ID>I</ID>
     <KEY>T00</KEY>
     <ENTRY>Para extração - AGIR</ENTRY>
     <LENGTH>40</LENGTH>
    </item>
    <item>
     <ID>I</ID>
     <KEY>T01</KEY>
     <ENTRY>Filtros</ENTRY>
     <LENGTH>52</LENGTH>
    </item>
    <item>
     <ID>R</ID>
     <ENTRY>Extração do Imobilizado</ENTRY>
     <LENGTH>23</LENGTH>
    </item>
    <item>
     <ID>S</ID>
     <KEY>P_AFABE1</KEY>
     <ENTRY>.</ENTRY>
     <LENGTH>9</LENGTH>
     <SPLIT>D</SPLIT>
    </item>
    <item>
     <ID>S</ID>
     <KEY>P_BRDATU</KEY>
     <ENTRY>.</ENTRY>
     <LENGTH>9</LENGTH>
     <SPLIT>D</SPLIT>
    </item>
    <item>
     <ID>S</ID>
     <KEY>P_FNAME</KEY>
     <ENTRY>.</ENTRY>
     <LENGTH>20</LENGTH>
     <SPLIT>D</SPLIT>
    </item>
    <item>
     <ID>S</ID>
     <KEY>P_MAXREG</KEY>
     <ENTRY>Nr máximo de Contas</ENTRY>
     <LENGTH>30</LENGTH>
    </item>
    <item>
     <ID>S</ID>
     <KEY>P_SPATH</KEY>
     <ENTRY>.</ENTRY>
     <LENGTH>27</LENGTH>
     <SPLIT>D</SPLIT>
    </item>
    <item>
     <ID>S</ID>
     <KEY>RB_BACK</KEY>
     <ENTRY>Gravar no servidor</ENTRY>
     <LENGTH>26</LENGTH>
    </item>
    <item>
     <ID>S</ID>
     <KEY>RB_DOWN</KEY>
     <ENTRY>Download de arquivo</ENTRY>
     <LENGTH>27</LENGTH>
    </item>
    <item>
     <ID>S</ID>
     <KEY>RB_SHOW</KEY>
     <ENTRY>Exibição em tela</ENTRY>
     <LENGTH>24</LENGTH>
    </item>
    <item>
     <ID>S</ID>
     <KEY>SO_CLASS</KEY>
     <ENTRY>.</ENTRY>
     <LENGTH>26</LENGTH>
     <SPLIT>D</SPLIT>
    </item>
    <item>
     <ID>S</ID>
     <KEY>SO_DEAKT</KEY>
     <ENTRY>.</ENTRY>
     <LENGTH>21</LENGTH>
     <SPLIT>D</SPLIT>
    </item>
    <item>
     <ID>S</ID>
     <KEY>SO_EMP</KEY>
     <ENTRY>.</ENTRY>
     <LENGTH>15</LENGTH>
     <SPLIT>D</SPLIT>
    </item>
    <item>
     <ID>S</ID>
     <KEY>SO_GJAHR</KEY>
     <ENTRY>Exercício (Saldo)</ENTRY>
     <LENGTH>25</LENGTH>
    </item>
    <item>
     <ID>S</ID>
     <KEY>SO_IMO</KEY>
     <ENTRY>.</ENTRY>
     <LENGTH>19</LENGTH>
     <SPLIT>D</SPLIT>
    </item>
   </TPOOL>
  </asx:values>
 </asx:abap>
</abapGit>
