﻿<?xml version="1.0" encoding="utf-8"?>
<abapGit version="v1.0.0" serializer="LCL_OBJECT_PROG" serializer_version="v1.0.0">
 <asx:abap xmlns:asx="http://www.sap.com/abapxml" version="1.0">
  <asx:values>
   <PROGDIR>
    <NAME>ZRAG_TCURR</NAME>
    <STATE>A</STATE>
    <VARCL>X</VARCL>
    <SUBC>1</SUBC>
    <RSTAT>K</RSTAT>
    <RLOAD>P</RLOAD>
    <FIXPT>X</FIXPT>
    <UCCHECK>X</UCCHECK>
   </PROGDIR>
   <TPOOL>
    <item>
     <ID>I</ID>
     <KEY>T00</KEY>
     <ENTRY>Para extração - AGIR</ENTRY>
     <LENGTH>40</LENGTH>
    </item>
    <item>
     <ID>I</ID>
     <KEY>T01</KEY>
     <ENTRY>Filtros</ENTRY>
     <LENGTH>17</LENGTH>
    </item>
    <item>
     <ID>R</ID>
     <ENTRY>Extração de Taxas de cambio de moedas</ENTRY>
     <LENGTH>37</LENGTH>
    </item>
    <item>
     <ID>S</ID>
     <KEY>P_LOCAL</KEY>
     <ENTRY>Execução local</ENTRY>
     <LENGTH>22</LENGTH>
    </item>
    <item>
     <ID>S</ID>
     <KEY>P_MAXREG</KEY>
     <ENTRY>Nr máximo de registros</ENTRY>
     <LENGTH>30</LENGTH>
    </item>
    <item>
     <ID>S</ID>
     <KEY>SO_FCURR</KEY>
     <ENTRY>Moeda proc.</ENTRY>
     <LENGTH>23</LENGTH>
    </item>
    <item>
     <ID>S</ID>
     <KEY>SO_KURST</KEY>
     <ENTRY>Ctg.taxa câmbio</ENTRY>
     <LENGTH>23</LENGTH>
    </item>
   </TPOOL>
  </asx:values>
 </asx:abap>
</abapGit>
