﻿<?xml version="1.0" encoding="utf-8"?>
<abapGit version="v1.0.0" serializer="LCL_OBJECT_DTEL" serializer_version="v1.0.0">
 <asx:abap xmlns:asx="http://www.sap.com/abapxml" version="1.0">
  <asx:values>
   <DD04V>
    <ROLLNAME>ZRAP_DIT</ROLLNAME>
    <DDLANGUAGE>P</DDLANGUAGE>
    <DOMNAME>PMCURR1</DOMNAME>
    <HEADLEN>17</HEADLEN>
    <SCRLEN1>10</SCRLEN1>
    <SCRLEN2>20</SCRLEN2>
    <SCRLEN3>40</SCRLEN3>
    <DDTEXT>RAP DIT</DDTEXT>
    <REPTEXT>Código DIT</REPTEXT>
    <SCRTEXT_S>Cód. DIT</SCRTEXT_S>
    <SCRTEXT_M>Código DIT</SCRTEXT_M>
    <SCRTEXT_L>Código DIT</SCRTEXT_L>
    <DTELMASTER>P</DTELMASTER>
    <REFKIND>D</REFKIND>
   </DD04V>
  </asx:values>
 </asx:abap>
</abapGit>
