﻿<?xml version="1.0" encoding="utf-8"?>
<abapGit version="v1.0.0" serializer="LCL_OBJECT_DTEL" serializer_version="v1.0.0">
 <asx:abap xmlns:asx="http://www.sap.com/abapxml" version="1.0">
  <asx:values>
   <DD04V>
    <ROLLNAME>ZRB_RB</ROLLNAME>
    <DDLANGUAGE>P</DDLANGUAGE>
    <DOMNAME>CHAR7</DOMNAME>
    <HEADLEN>55</HEADLEN>
    <SCRLEN1>10</SCRLEN1>
    <SCRLEN2>20</SCRLEN2>
    <SCRLEN3>40</SCRLEN3>
    <DDTEXT>Código que identifica o tipo de rede básica</DDTEXT>
    <REPTEXT>CódigoTipo Rede Básica</REPTEXT>
    <SCRTEXT_S>Cód.T.R.B.</SCRTEXT_S>
    <SCRTEXT_M>Cód.Tip.Red.Bás.</SCRTEXT_M>
    <SCRTEXT_L>Cód.Tip.Red.Bás.</SCRTEXT_L>
    <DTELMASTER>P</DTELMASTER>
    <REFKIND>D</REFKIND>
   </DD04V>
  </asx:values>
 </asx:abap>
</abapGit>
