﻿<?xml version="1.0" encoding="utf-8"?>
<abapGit version="v1.0.0" serializer="LCL_OBJECT_DTEL" serializer_version="v1.0.0">
 <asx:abap xmlns:asx="http://www.sap.com/abapxml" version="1.0">
  <asx:values>
   <DD04V>
    <ROLLNAME>ZRECEPTOR_TXT</ROLLNAME>
    <DDLANGUAGE>P</DDLANGUAGE>
    <DOMNAME>SYCHAR60</DOMNAME>
    <HEADLEN>50</HEADLEN>
    <SCRLEN1>10</SCRLEN1>
    <SCRLEN2>20</SCRLEN2>
    <SCRLEN3>40</SCRLEN3>
    <DDTEXT>Receptor</DDTEXT>
    <REPTEXT>Receptor txtBreve</REPTEXT>
    <SCRTEXT_S>Rec txt</SCRTEXT_S>
    <SCRTEXT_M>Receptor txtBreve</SCRTEXT_M>
    <SCRTEXT_L>Receptor txtBreve</SCRTEXT_L>
    <DTELMASTER>P</DTELMASTER>
    <REFKIND>D</REFKIND>
   </DD04V>
  </asx:values>
 </asx:abap>
</abapGit>
