﻿<?xml version="1.0" encoding="utf-8"?>
<abapGit version="v1.0.0" serializer="LCL_OBJECT_DTEL" serializer_version="v1.0.0">
 <asx:abap xmlns:asx="http://www.sap.com/abapxml" version="1.0">
  <asx:values>
   <DD04V>
    <ROLLNAME>ZRRE_PR</ROLLNAME>
    <DDLANGUAGE>P</DDLANGUAGE>
    <DOMNAME>CHAR100</DOMNAME>
    <HEADLEN>55</HEADLEN>
    <SCRLEN1>10</SCRLEN1>
    <SCRLEN2>20</SCRLEN2>
    <SCRLEN3>40</SCRLEN3>
    <DDTEXT>Resolução que regulamenta o projeto</DDTEXT>
    <REPTEXT>Resolução Regulamenta Projeto</REPTEXT>
    <SCRTEXT_S>R.R.P</SCRTEXT_S>
    <SCRTEXT_M>Res. Reg. Projeto</SCRTEXT_M>
    <SCRTEXT_L>Resolução Reg. Projeto</SCRTEXT_L>
    <DTELMASTER>P</DTELMASTER>
    <REFKIND>D</REFKIND>
   </DD04V>
  </asx:values>
 </asx:abap>
</abapGit>
