﻿<?xml version="1.0" encoding="utf-8"?>
<abapGit version="v1.0.0" serializer="LCL_OBJECT_TABL" serializer_version="v1.0.0">
 <asx:abap xmlns:asx="http://www.sap.com/abapxml" version="1.0">
  <asx:values>
   <DD02V>
    <TABNAME>ZTAG_MATERIAL</TABNAME>
    <DDLANGUAGE>P</DDLANGUAGE>
    <TABCLASS>TRANSP</TABCLASS>
    <CLIDEP>X</CLIDEP>
    <LANGDEP>X</LANGDEP>
    <DDTEXT>Dados gerais de material</DDTEXT>
    <APPLCLASS>MG</APPLCLASS>
    <MASTERLANG>D</MASTERLANG>
    <CONTFLAG>A</CONTFLAG>
    <EXCLASS>3</EXCLASS>
   </DD02V>
   <DD09L>
    <TABNAME>ZTAG_MATERIAL</TABNAME>
    <AS4LOCAL>A</AS4LOCAL>
    <TABKAT>4</TABKAT>
    <TABART>APPL0</TABART>
    <BUFALLOW>N</BUFALLOW>
   </DD09L>
   <DD03P_TABLE>
    <DD03P>
     <TABNAME>ZTAG_MATERIAL</TABNAME>
     <FIELDNAME>MANDT</FIELDNAME>
     <POSITION>0001</POSITION>
     <KEYFLAG>X</KEYFLAG>
     <ROLLNAME>MANDT</ROLLNAME>
     <CHECKTABLE>T000</CHECKTABLE>
     <ADMINFIELD>0</ADMINFIELD>
     <NOTNULL>X</NOTNULL>
     <SHLPORIGIN>P</SHLPORIGIN>
     <COMPTYPE>E</COMPTYPE>
    </DD03P>
    <DD03P>
     <TABNAME>ZTAG_MATERIAL</TABNAME>
     <FIELDNAME>MATNR</FIELDNAME>
     <POSITION>0002</POSITION>
     <KEYFLAG>X</KEYFLAG>
     <ROLLNAME>MATNR</ROLLNAME>
     <ADMINFIELD>0</ADMINFIELD>
     <NOTNULL>X</NOTNULL>
     <SHLPORIGIN>X</SHLPORIGIN>
     <SHLPNAME>S_MAT1</SHLPNAME>
     <SHLPFIELD>MATNR</SHLPFIELD>
     <COMPTYPE>E</COMPTYPE>
    </DD03P>
    <DD03P>
     <TABNAME>ZTAG_MATERIAL</TABNAME>
     <FIELDNAME>.INCLUDE</FIELDNAME>
     <DDLANGUAGE>P</DDLANGUAGE>
     <POSITION>0003</POSITION>
     <ADMINFIELD>0</ADMINFIELD>
     <PRECFIELD>EMARA</PRECFIELD>
     <MASK>      S</MASK>
     <DDTEXT>Divisão de dados MARA</DDTEXT>
     <COMPTYPE>S</COMPTYPE>
    </DD03P>
   </DD03P_TABLE>
   <DD05M_TABLE>
    <DD05M>
     <TABNAME>ZTAG_MATERIAL</TABNAME>
     <FIELDNAME>BEHVO</FIELDNAME>
     <FORTABLE>ZTAG_MATERIAL</FORTABLE>
     <FORKEY>MANDT</FORKEY>
     <CHECKTABLE>T144</CHECKTABLE>
     <CHECKFIELD>MANDT</CHECKFIELD>
     <PRIMPOS>0001</PRIMPOS>
     <DOMNAME>MANDT</DOMNAME>
     <DATATYPE>CLNT</DATATYPE>
     <LENG>000003</LENG>
    </DD05M>
    <DD05M>
     <TABNAME>ZTAG_MATERIAL</TABNAME>
     <FIELDNAME>BEHVO</FIELDNAME>
     <FORTABLE>ZTAG_MATERIAL</FORTABLE>
     <FORKEY>BEHVO</FORKEY>
     <CHECKTABLE>T144</CHECKTABLE>
     <CHECKFIELD>BEHVO</CHECKFIELD>
     <PRIMPOS>0002</PRIMPOS>
     <DOMNAME>BEHVO</DOMNAME>
     <DATATYPE>CHAR</DATATYPE>
     <LENG>000002</LENG>
    </DD05M>
    <DD05M>
     <TABNAME>ZTAG_MATERIAL</TABNAME>
     <FIELDNAME>BSTME</FIELDNAME>
     <FORTABLE>ZTAG_MATERIAL</FORTABLE>
     <FORKEY>MANDT</FORKEY>
     <CHECKTABLE>T006</CHECKTABLE>
     <CHECKFIELD>MANDT</CHECKFIELD>
     <PRIMPOS>0001</PRIMPOS>
     <DOMNAME>MANDT</DOMNAME>
     <DATATYPE>CLNT</DATATYPE>
     <LENG>000003</LENG>
    </DD05M>
    <DD05M>
     <TABNAME>ZTAG_MATERIAL</TABNAME>
     <FIELDNAME>BSTME</FIELDNAME>
     <FORTABLE>ZTAG_MATERIAL</FORTABLE>
     <FORKEY>BSTME</FORKEY>
     <CHECKTABLE>T006</CHECKTABLE>
     <CHECKFIELD>MSEHI</CHECKFIELD>
     <PRIMPOS>0002</PRIMPOS>
     <DOMNAME>MEINS</DOMNAME>
     <DATATYPE>UNIT</DATATYPE>
     <LENG>000003</LENG>
    </DD05M>
    <DD05M>
     <TABNAME>ZTAG_MATERIAL</TABNAME>
     <FIELDNAME>COMPL</FIELDNAME>
     <FORTABLE>ZTAG_MATERIAL</FORTABLE>
     <FORKEY>MANDT</FORKEY>
     <CHECKTABLE>TCSCP_COMP_LVL</CHECKTABLE>
     <CHECKFIELD>MANDT</CHECKFIELD>
     <PRIMPOS>0001</PRIMPOS>
     <DOMNAME>MANDT</DOMNAME>
     <DATATYPE>CLNT</DATATYPE>
     <LENG>000003</LENG>
    </DD05M>
    <DD05M>
     <TABNAME>ZTAG_MATERIAL</TABNAME>
     <FIELDNAME>COMPL</FIELDNAME>
     <FORTABLE>ZTAG_MATERIAL</FORTABLE>
     <FORKEY>COMPL</FORKEY>
     <CHECKTABLE>TCSCP_COMP_LVL</CHECKTABLE>
     <CHECKFIELD>COMP_LEVEL</CHECKFIELD>
     <PRIMPOS>0002</PRIMPOS>
     <DOMNAME>CSCP_COMP_LVL</DOMNAME>
     <DATATYPE>NUMC</DATATYPE>
     <LENG>000002</LENG>
    </DD05M>
    <DD05M>
     <TABNAME>ZTAG_MATERIAL</TABNAME>
     <FIELDNAME>EKWSL</FIELDNAME>
     <FORTABLE>ZTAG_MATERIAL</FORTABLE>
     <FORKEY>MANDT</FORKEY>
     <CHECKTABLE>T405</CHECKTABLE>
     <CHECKFIELD>MANDT</CHECKFIELD>
     <PRIMPOS>0001</PRIMPOS>
     <DOMNAME>MANDT</DOMNAME>
     <DATATYPE>CLNT</DATATYPE>
     <LENG>000003</LENG>
    </DD05M>
    <DD05M>
     <TABNAME>ZTAG_MATERIAL</TABNAME>
     <FIELDNAME>EKWSL</FIELDNAME>
     <FORTABLE>ZTAG_MATERIAL</FORTABLE>
     <FORKEY>EKWSL</FORKEY>
     <CHECKTABLE>T405</CHECKTABLE>
     <CHECKFIELD>EKWSL</CHECKFIELD>
     <PRIMPOS>0002</PRIMPOS>
     <DOMNAME>EKWSL</DOMNAME>
     <DATATYPE>CHAR</DATATYPE>
     <LENG>000004</LENG>
    </DD05M>
    <DD05M>
     <TABNAME>ZTAG_MATERIAL</TABNAME>
     <FIELDNAME>ERGEI</FIELDNAME>
     <FORTABLE>ZTAG_MATERIAL</FORTABLE>
     <FORKEY>MANDT</FORKEY>
     <CHECKTABLE>T006</CHECKTABLE>
     <CHECKFIELD>MANDT</CHECKFIELD>
     <PRIMPOS>0001</PRIMPOS>
     <DOMNAME>MANDT</DOMNAME>
     <DATATYPE>CLNT</DATATYPE>
     <LENG>000003</LENG>
    </DD05M>
    <DD05M>
     <TABNAME>ZTAG_MATERIAL</TABNAME>
     <FIELDNAME>ERGEI</FIELDNAME>
     <FORTABLE>ZTAG_MATERIAL</FORTABLE>
     <FORKEY>ERGEI</FORKEY>
     <CHECKTABLE>T006</CHECKTABLE>
     <CHECKFIELD>MSEHI</CHECKFIELD>
     <PRIMPOS>0002</PRIMPOS>
     <DOMNAME>MEINS</DOMNAME>
     <DATATYPE>UNIT</DATATYPE>
     <LENG>000003</LENG>
    </DD05M>
    <DD05M>
     <TABNAME>ZTAG_MATERIAL</TABNAME>
     <FIELDNAME>ERVOE</FIELDNAME>
     <FORTABLE>ZTAG_MATERIAL</FORTABLE>
     <FORKEY>MANDT</FORKEY>
     <CHECKTABLE>T006</CHECKTABLE>
     <CHECKFIELD>MANDT</CHECKFIELD>
     <PRIMPOS>0001</PRIMPOS>
     <DOMNAME>MANDT</DOMNAME>
     <DATATYPE>CLNT</DATATYPE>
     <LENG>000003</LENG>
    </DD05M>
    <DD05M>
     <TABNAME>ZTAG_MATERIAL</TABNAME>
     <FIELDNAME>ERVOE</FIELDNAME>
     <FORTABLE>ZTAG_MATERIAL</FORTABLE>
     <FORKEY>ERVOE</FORKEY>
     <CHECKTABLE>T006</CHECKTABLE>
     <CHECKFIELD>MSEHI</CHECKFIELD>
     <PRIMPOS>0002</PRIMPOS>
     <DOMNAME>MEINS</DOMNAME>
     <DATATYPE>UNIT</DATATYPE>
     <LENG>000003</LENG>
    </DD05M>
    <DD05M>
     <TABNAME>ZTAG_MATERIAL</TABNAME>
     <FIELDNAME>ETIAG</FIELDNAME>
     <FORTABLE>SY</FORTABLE>
     <FORKEY>MANDT</FORKEY>
     <CHECKTABLE>TWEA</CHECKTABLE>
     <CHECKFIELD>MANDT</CHECKFIELD>
     <PRIMPOS>0001</PRIMPOS>
     <DOMNAME>MANDT</DOMNAME>
     <DATATYPE>CLNT</DATATYPE>
     <LENG>000003</LENG>
    </DD05M>
    <DD05M>
     <TABNAME>ZTAG_MATERIAL</TABNAME>
     <FIELDNAME>ETIAG</FIELDNAME>
     <FORTABLE>ZTAG_MATERIAL</FORTABLE>
     <FORKEY>ETIAG</FORKEY>
     <CHECKTABLE>TWEA</CHECKTABLE>
     <CHECKFIELD>ARTGR</CHECKFIELD>
     <PRIMPOS>0002</PRIMPOS>
     <DOMNAME>ETIAG</DOMNAME>
     <DATATYPE>CHAR</DATATYPE>
     <LENG>000018</LENG>
    </DD05M>
    <DD05M>
     <TABNAME>ZTAG_MATERIAL</TABNAME>
     <FIELDNAME>ETIAR</FIELDNAME>
     <FORTABLE>ZTAG_MATERIAL</FORTABLE>
     <FORKEY>MANDT</FORKEY>
     <CHECKTABLE>T6WP3</CHECKTABLE>
     <CHECKFIELD>MANDT</CHECKFIELD>
     <PRIMPOS>0001</PRIMPOS>
     <DOMNAME>MANDT</DOMNAME>
     <DATATYPE>CLNT</DATATYPE>
     <LENG>000003</LENG>
    </DD05M>
    <DD05M>
     <TABNAME>ZTAG_MATERIAL</TABNAME>
     <FIELDNAME>ETIAR</FIELDNAME>
     <FORTABLE>ZTAG_MATERIAL</FORTABLE>
     <FORKEY>ETIAR</FORKEY>
     <CHECKTABLE>T6WP3</CHECKTABLE>
     <CHECKFIELD>ETIAR</CHECKFIELD>
     <PRIMPOS>0002</PRIMPOS>
     <DOMNAME>ETIAR</DOMNAME>
     <DATATYPE>CHAR</DATATYPE>
     <LENG>000002</LENG>
    </DD05M>
    <DD05M>
     <TABNAME>ZTAG_MATERIAL</TABNAME>
     <FIELDNAME>ETIFO</FIELDNAME>
     <FORTABLE>ZTAG_MATERIAL</FORTABLE>
     <FORKEY>MANDT</FORKEY>
     <CHECKTABLE>T6WP4</CHECKTABLE>
     <CHECKFIELD>MANDT</CHECKFIELD>
     <PRIMPOS>0001</PRIMPOS>
     <DOMNAME>MANDT</DOMNAME>
     <DATATYPE>CLNT</DATATYPE>
     <LENG>000003</LENG>
    </DD05M>
    <DD05M>
     <TABNAME>ZTAG_MATERIAL</TABNAME>
     <FIELDNAME>ETIFO</FIELDNAME>
     <FORTABLE>ZTAG_MATERIAL</FORTABLE>
     <FORKEY>ETIFO</FORKEY>
     <CHECKTABLE>T6WP4</CHECKTABLE>
     <CHECKFIELD>ETIFO</CHECKFIELD>
     <PRIMPOS>0002</PRIMPOS>
     <DOMNAME>ETIFO</DOMNAME>
     <DATATYPE>CHAR</DATATYPE>
     <LENG>000002</LENG>
    </DD05M>
    <DD05M>
     <TABNAME>ZTAG_MATERIAL</TABNAME>
     <FIELDNAME>GEWEI</FIELDNAME>
     <FORTABLE>ZTAG_MATERIAL</FORTABLE>
     <FORKEY>MANDT</FORKEY>
     <CHECKTABLE>T006</CHECKTABLE>
     <CHECKFIELD>MANDT</CHECKFIELD>
     <PRIMPOS>0001</PRIMPOS>
     <DOMNAME>MANDT</DOMNAME>
     <DATATYPE>CLNT</DATATYPE>
     <LENG>000003</LENG>
    </DD05M>
    <DD05M>
     <TABNAME>ZTAG_MATERIAL</TABNAME>
     <FIELDNAME>GEWEI</FIELDNAME>
     <FORTABLE>ZTAG_MATERIAL</FORTABLE>
     <FORKEY>GEWEI</FORKEY>
     <CHECKTABLE>T006</CHECKTABLE>
     <CHECKFIELD>MSEHI</CHECKFIELD>
     <PRIMPOS>0002</PRIMPOS>
     <DOMNAME>MEINS</DOMNAME>
     <DATATYPE>UNIT</DATATYPE>
     <LENG>000003</LENG>
    </DD05M>
    <DD05M>
     <TABNAME>ZTAG_MATERIAL</TABNAME>
     <FIELDNAME>INHME</FIELDNAME>
     <FORTABLE>SY</FORTABLE>
     <FORKEY>MANDT</FORKEY>
     <CHECKTABLE>T006</CHECKTABLE>
     <CHECKFIELD>MANDT</CHECKFIELD>
     <PRIMPOS>0001</PRIMPOS>
     <DOMNAME>MANDT</DOMNAME>
     <DATATYPE>CLNT</DATATYPE>
     <LENG>000003</LENG>
    </DD05M>
    <DD05M>
     <TABNAME>ZTAG_MATERIAL</TABNAME>
     <FIELDNAME>INHME</FIELDNAME>
     <FORTABLE>ZTAG_MATERIAL</FORTABLE>
     <FORKEY>INHME</FORKEY>
     <CHECKTABLE>T006</CHECKTABLE>
     <CHECKFIELD>MSEHI</CHECKFIELD>
     <PRIMPOS>0002</PRIMPOS>
     <DOMNAME>MEINS</DOMNAME>
     <DATATYPE>UNIT</DATATYPE>
     <LENG>000003</LENG>
    </DD05M>
    <DD05M>
     <TABNAME>ZTAG_MATERIAL</TABNAME>
     <FIELDNAME>KUNNR</FIELDNAME>
     <FORTABLE>ZTAG_MATERIAL</FORTABLE>
     <FORKEY>MANDT</FORKEY>
     <CHECKTABLE>V_KNA1WETT</CHECKTABLE>
     <CHECKFIELD>MANDT</CHECKFIELD>
     <PRIMPOS>0001</PRIMPOS>
     <DOMNAME>MANDT</DOMNAME>
     <DATATYPE>CLNT</DATATYPE>
     <LENG>000003</LENG>
    </DD05M>
    <DD05M>
     <TABNAME>ZTAG_MATERIAL</TABNAME>
     <FIELDNAME>KUNNR</FIELDNAME>
     <FORTABLE>ZTAG_MATERIAL</FORTABLE>
     <FORKEY>KUNNR</FORKEY>
     <CHECKTABLE>V_KNA1WETT</CHECKTABLE>
     <CHECKFIELD>KUNNR</CHECKFIELD>
     <PRIMPOS>0002</PRIMPOS>
     <DOMNAME>KUNNR</DOMNAME>
     <DATATYPE>CHAR</DATATYPE>
     <LENG>000010</LENG>
    </DD05M>
    <DD05M>
     <TABNAME>ZTAG_MATERIAL</TABNAME>
     <FIELDNAME>LABOR</FIELDNAME>
     <FORTABLE>ZTAG_MATERIAL</FORTABLE>
     <FORKEY>MANDT</FORKEY>
     <CHECKTABLE>T024L</CHECKTABLE>
     <CHECKFIELD>MANDT</CHECKFIELD>
     <PRIMPOS>0001</PRIMPOS>
     <DOMNAME>MANDT</DOMNAME>
     <DATATYPE>CLNT</DATATYPE>
     <LENG>000003</LENG>
    </DD05M>
    <DD05M>
     <TABNAME>ZTAG_MATERIAL</TABNAME>
     <FIELDNAME>LABOR</FIELDNAME>
     <FORTABLE>ZTAG_MATERIAL</FORTABLE>
     <FORKEY>LABOR</FORKEY>
     <CHECKTABLE>T024L</CHECKTABLE>
     <CHECKFIELD>LABOR</CHECKFIELD>
     <PRIMPOS>0002</PRIMPOS>
     <DOMNAME>LABOR</DOMNAME>
     <DATATYPE>CHAR</DATATYPE>
     <LENG>000003</LENG>
    </DD05M>
    <DD05M>
     <TABNAME>ZTAG_MATERIAL</TABNAME>
     <FIELDNAME>MAGRV</FIELDNAME>
     <FORTABLE>SYST</FORTABLE>
     <FORKEY>MANDT</FORKEY>
     <CHECKTABLE>TVEGR</CHECKTABLE>
     <CHECKFIELD>MANDT</CHECKFIELD>
     <PRIMPOS>0001</PRIMPOS>
     <DOMNAME>MANDT</DOMNAME>
     <DATATYPE>CLNT</DATATYPE>
     <LENG>000003</LENG>
    </DD05M>
    <DD05M>
     <TABNAME>ZTAG_MATERIAL</TABNAME>
     <FIELDNAME>MAGRV</FIELDNAME>
     <FORTABLE>ZTAG_MATERIAL</FORTABLE>
     <FORKEY>MAGRV</FORKEY>
     <CHECKTABLE>TVEGR</CHECKTABLE>
     <CHECKFIELD>MAGRV</CHECKFIELD>
     <PRIMPOS>0002</PRIMPOS>
     <DOMNAME>MAGRV</DOMNAME>
     <DATATYPE>CHAR</DATATYPE>
     <LENG>000004</LENG>
    </DD05M>
    <DD05M>
     <TABNAME>ZTAG_MATERIAL</TABNAME>
     <FIELDNAME>MANDT</FIELDNAME>
     <FORTABLE>ZTAG_MATERIAL</FORTABLE>
     <FORKEY>MANDT</FORKEY>
     <CHECKTABLE>T000</CHECKTABLE>
     <CHECKFIELD>MANDT</CHECKFIELD>
     <PRIMPOS>0001</PRIMPOS>
     <DOMNAME>MANDT</DOMNAME>
     <DATATYPE>CLNT</DATATYPE>
     <LENG>000003</LENG>
    </DD05M>
    <DD05M>
     <TABNAME>ZTAG_MATERIAL</TABNAME>
     <FIELDNAME>MATKL</FIELDNAME>
     <FORTABLE>ZTAG_MATERIAL</FORTABLE>
     <FORKEY>MANDT</FORKEY>
     <CHECKTABLE>T023</CHECKTABLE>
     <CHECKFIELD>MANDT</CHECKFIELD>
     <PRIMPOS>0001</PRIMPOS>
     <DOMNAME>MANDT</DOMNAME>
     <DATATYPE>CLNT</DATATYPE>
     <LENG>000003</LENG>
    </DD05M>
    <DD05M>
     <TABNAME>ZTAG_MATERIAL</TABNAME>
     <FIELDNAME>MATKL</FIELDNAME>
     <FORTABLE>ZTAG_MATERIAL</FORTABLE>
     <FORKEY>MATKL</FORKEY>
     <CHECKTABLE>T023</CHECKTABLE>
     <CHECKFIELD>MATKL</CHECKFIELD>
     <PRIMPOS>0002</PRIMPOS>
     <DOMNAME>MATKL</DOMNAME>
     <DATATYPE>CHAR</DATATYPE>
     <LENG>000009</LENG>
    </DD05M>
    <DD05M>
     <TABNAME>ZTAG_MATERIAL</TABNAME>
     <FIELDNAME>MBRSH</FIELDNAME>
     <FORTABLE>ZTAG_MATERIAL</FORTABLE>
     <FORKEY>MANDT</FORKEY>
     <CHECKTABLE>T137</CHECKTABLE>
     <CHECKFIELD>MANDT</CHECKFIELD>
     <PRIMPOS>0001</PRIMPOS>
     <DOMNAME>MANDT</DOMNAME>
     <DATATYPE>CLNT</DATATYPE>
     <LENG>000003</LENG>
    </DD05M>
    <DD05M>
     <TABNAME>ZTAG_MATERIAL</TABNAME>
     <FIELDNAME>MBRSH</FIELDNAME>
     <FORTABLE>ZTAG_MATERIAL</FORTABLE>
     <FORKEY>MBRSH</FORKEY>
     <CHECKTABLE>T137</CHECKTABLE>
     <CHECKFIELD>MBRSH</CHECKFIELD>
     <PRIMPOS>0002</PRIMPOS>
     <DOMNAME>MBRSH</DOMNAME>
     <DATATYPE>CHAR</DATATYPE>
     <LENG>000001</LENG>
    </DD05M>
    <DD05M>
     <TABNAME>ZTAG_MATERIAL</TABNAME>
     <FIELDNAME>MEABM</FIELDNAME>
     <FORTABLE>ZTAG_MATERIAL</FORTABLE>
     <FORKEY>MANDT</FORKEY>
     <CHECKTABLE>T006</CHECKTABLE>
     <CHECKFIELD>MANDT</CHECKFIELD>
     <PRIMPOS>0001</PRIMPOS>
     <DOMNAME>MANDT</DOMNAME>
     <DATATYPE>CLNT</DATATYPE>
     <LENG>000003</LENG>
    </DD05M>
    <DD05M>
     <TABNAME>ZTAG_MATERIAL</TABNAME>
     <FIELDNAME>MEABM</FIELDNAME>
     <FORTABLE>ZTAG_MATERIAL</FORTABLE>
     <FORKEY>MEABM</FORKEY>
     <CHECKTABLE>T006</CHECKTABLE>
     <CHECKFIELD>MSEHI</CHECKFIELD>
     <PRIMPOS>0002</PRIMPOS>
     <DOMNAME>MEINS</DOMNAME>
     <DATATYPE>UNIT</DATATYPE>
     <LENG>000003</LENG>
    </DD05M>
    <DD05M>
     <TABNAME>ZTAG_MATERIAL</TABNAME>
     <FIELDNAME>MEINS</FIELDNAME>
     <FORTABLE>ZTAG_MATERIAL</FORTABLE>
     <FORKEY>MANDT</FORKEY>
     <CHECKTABLE>T006</CHECKTABLE>
     <CHECKFIELD>MANDT</CHECKFIELD>
     <PRIMPOS>0001</PRIMPOS>
     <DOMNAME>MANDT</DOMNAME>
     <DATATYPE>CLNT</DATATYPE>
     <LENG>000003</LENG>
    </DD05M>
    <DD05M>
     <TABNAME>ZTAG_MATERIAL</TABNAME>
     <FIELDNAME>MEINS</FIELDNAME>
     <FORTABLE>ZTAG_MATERIAL</FORTABLE>
     <FORKEY>MEINS</FORKEY>
     <CHECKTABLE>T006</CHECKTABLE>
     <CHECKFIELD>MSEHI</CHECKFIELD>
     <PRIMPOS>0002</PRIMPOS>
     <DOMNAME>MEINS</DOMNAME>
     <DATATYPE>UNIT</DATATYPE>
     <LENG>000003</LENG>
    </DD05M>
    <DD05M>
     <TABNAME>ZTAG_MATERIAL</TABNAME>
     <FIELDNAME>MSTAE</FIELDNAME>
     <FORTABLE>SY</FORTABLE>
     <FORKEY>MANDT</FORKEY>
     <CHECKTABLE>T141</CHECKTABLE>
     <CHECKFIELD>MANDT</CHECKFIELD>
     <PRIMPOS>0001</PRIMPOS>
     <DOMNAME>MANDT</DOMNAME>
     <DATATYPE>CLNT</DATATYPE>
     <LENG>000003</LENG>
    </DD05M>
    <DD05M>
     <TABNAME>ZTAG_MATERIAL</TABNAME>
     <FIELDNAME>MSTAE</FIELDNAME>
     <FORTABLE>ZTAG_MATERIAL</FORTABLE>
     <FORKEY>MSTAE</FORKEY>
     <CHECKTABLE>T141</CHECKTABLE>
     <CHECKFIELD>MMSTA</CHECKFIELD>
     <PRIMPOS>0002</PRIMPOS>
     <DOMNAME>MMSTA</DOMNAME>
     <DATATYPE>CHAR</DATATYPE>
     <LENG>000002</LENG>
    </DD05M>
    <DD05M>
     <TABNAME>ZTAG_MATERIAL</TABNAME>
     <FIELDNAME>MSTAV</FIELDNAME>
     <FORTABLE>SY</FORTABLE>
     <FORKEY>MANDT</FORKEY>
     <CHECKTABLE>TVMS</CHECKTABLE>
     <CHECKFIELD>MANDT</CHECKFIELD>
     <PRIMPOS>0001</PRIMPOS>
     <DOMNAME>MANDT</DOMNAME>
     <DATATYPE>CLNT</DATATYPE>
     <LENG>000003</LENG>
    </DD05M>
    <DD05M>
     <TABNAME>ZTAG_MATERIAL</TABNAME>
     <FIELDNAME>MSTAV</FIELDNAME>
     <FORTABLE>ZTAG_MATERIAL</FORTABLE>
     <FORKEY>MSTAV</FORKEY>
     <CHECKTABLE>TVMS</CHECKTABLE>
     <CHECKFIELD>VMSTA</CHECKFIELD>
     <PRIMPOS>0002</PRIMPOS>
     <DOMNAME>VMSTA</DOMNAME>
     <DATATYPE>CHAR</DATATYPE>
     <LENG>000002</LENG>
    </DD05M>
    <DD05M>
     <TABNAME>ZTAG_MATERIAL</TABNAME>
     <FIELDNAME>MTART</FIELDNAME>
     <FORTABLE>ZTAG_MATERIAL</FORTABLE>
     <FORKEY>MANDT</FORKEY>
     <CHECKTABLE>T134</CHECKTABLE>
     <CHECKFIELD>MANDT</CHECKFIELD>
     <PRIMPOS>0001</PRIMPOS>
     <DOMNAME>MANDT</DOMNAME>
     <DATATYPE>CLNT</DATATYPE>
     <LENG>000003</LENG>
    </DD05M>
    <DD05M>
     <TABNAME>ZTAG_MATERIAL</TABNAME>
     <FIELDNAME>MTART</FIELDNAME>
     <FORTABLE>ZTAG_MATERIAL</FORTABLE>
     <FORKEY>MTART</FORKEY>
     <CHECKTABLE>T134</CHECKTABLE>
     <CHECKFIELD>MTART</CHECKFIELD>
     <PRIMPOS>0002</PRIMPOS>
     <DOMNAME>MTART</DOMNAME>
     <DATATYPE>CHAR</DATATYPE>
     <LENG>000004</LENG>
    </DD05M>
    <DD05M>
     <TABNAME>ZTAG_MATERIAL</TABNAME>
     <FIELDNAME>NUMTP</FIELDNAME>
     <FORTABLE>ZTAG_MATERIAL</FORTABLE>
     <FORKEY>MANDT</FORKEY>
     <CHECKTABLE>TNTP</CHECKTABLE>
     <CHECKFIELD>MANDT</CHECKFIELD>
     <PRIMPOS>0001</PRIMPOS>
     <DOMNAME>MANDT</DOMNAME>
     <DATATYPE>CLNT</DATATYPE>
     <LENG>000003</LENG>
    </DD05M>
    <DD05M>
     <TABNAME>ZTAG_MATERIAL</TABNAME>
     <FIELDNAME>NUMTP</FIELDNAME>
     <FORTABLE>ZTAG_MATERIAL</FORTABLE>
     <FORKEY>NUMTP</FORKEY>
     <CHECKTABLE>TNTP</CHECKTABLE>
     <CHECKFIELD>NUMTP</CHECKFIELD>
     <PRIMPOS>0002</PRIMPOS>
     <DOMNAME>NUMTP</DOMNAME>
     <DATATYPE>CHAR</DATATYPE>
     <LENG>000002</LENG>
    </DD05M>
    <DD05M>
     <TABNAME>ZTAG_MATERIAL</TABNAME>
     <FIELDNAME>PLGTP</FIELDNAME>
     <FORTABLE>SY</FORTABLE>
     <FORKEY>MANDT</FORKEY>
     <CHECKTABLE>TWPT</CHECKTABLE>
     <CHECKFIELD>MANDT</CHECKFIELD>
     <PRIMPOS>0001</PRIMPOS>
     <DOMNAME>MANDT</DOMNAME>
     <DATATYPE>CLNT</DATATYPE>
     <LENG>000003</LENG>
    </DD05M>
    <DD05M>
     <TABNAME>ZTAG_MATERIAL</TABNAME>
     <FIELDNAME>PLGTP</FIELDNAME>
     <FORTABLE>ZTAG_MATERIAL</FORTABLE>
     <FORKEY>PLGTP</FORKEY>
     <CHECKTABLE>TWPT</CHECKTABLE>
     <CHECKFIELD>PLGTP</CHECKFIELD>
     <PRIMPOS>0002</PRIMPOS>
     <DOMNAME>PLGTP</DOMNAME>
     <DATATYPE>CHAR</DATATYPE>
     <LENG>000002</LENG>
    </DD05M>
    <DD05M>
     <TABNAME>ZTAG_MATERIAL</TABNAME>
     <FIELDNAME>PMATA</FIELDNAME>
     <FORTABLE>SY</FORTABLE>
     <FORKEY>MANDT</FORKEY>
     <CHECKTABLE>MARA</CHECKTABLE>
     <CHECKFIELD>MANDT</CHECKFIELD>
     <PRIMPOS>0001</PRIMPOS>
     <DOMNAME>MANDT</DOMNAME>
     <DATATYPE>CLNT</DATATYPE>
     <LENG>000003</LENG>
    </DD05M>
    <DD05M>
     <TABNAME>ZTAG_MATERIAL</TABNAME>
     <FIELDNAME>PMATA</FIELDNAME>
     <FORTABLE>ZTAG_MATERIAL</FORTABLE>
     <FORKEY>PMATA</FORKEY>
     <CHECKTABLE>MARA</CHECKTABLE>
     <CHECKFIELD>MATNR</CHECKFIELD>
     <PRIMPOS>0002</PRIMPOS>
     <DOMNAME>MATNR</DOMNAME>
     <DATATYPE>CHAR</DATATYPE>
     <LENG>000018</LENG>
    </DD05M>
    <DD05M>
     <TABNAME>ZTAG_MATERIAL</TABNAME>
     <FIELDNAME>PRDHA</FIELDNAME>
     <FORTABLE>ZTAG_MATERIAL</FORTABLE>
     <FORKEY>MANDT</FORKEY>
     <CHECKTABLE>T179</CHECKTABLE>
     <CHECKFIELD>MANDT</CHECKFIELD>
     <PRIMPOS>0001</PRIMPOS>
     <DOMNAME>MANDT</DOMNAME>
     <DATATYPE>CLNT</DATATYPE>
     <LENG>000003</LENG>
    </DD05M>
    <DD05M>
     <TABNAME>ZTAG_MATERIAL</TABNAME>
     <FIELDNAME>PRDHA</FIELDNAME>
     <FORTABLE>ZTAG_MATERIAL</FORTABLE>
     <FORKEY>PRDHA</FORKEY>
     <CHECKTABLE>T179</CHECKTABLE>
     <CHECKFIELD>PRODH</CHECKFIELD>
     <PRIMPOS>0002</PRIMPOS>
     <DOMNAME>PRODH</DOMNAME>
     <DATATYPE>CHAR</DATATYPE>
     <LENG>000018</LENG>
    </DD05M>
    <DD05M>
     <TABNAME>ZTAG_MATERIAL</TABNAME>
     <FIELDNAME>RAUBE</FIELDNAME>
     <FORTABLE>ZTAG_MATERIAL</FORTABLE>
     <FORKEY>MANDT</FORKEY>
     <CHECKTABLE>T142</CHECKTABLE>
     <CHECKFIELD>MANDT</CHECKFIELD>
     <PRIMPOS>0001</PRIMPOS>
     <DOMNAME>MANDT</DOMNAME>
     <DATATYPE>CLNT</DATATYPE>
     <LENG>000003</LENG>
    </DD05M>
    <DD05M>
     <TABNAME>ZTAG_MATERIAL</TABNAME>
     <FIELDNAME>RAUBE</FIELDNAME>
     <FORTABLE>ZTAG_MATERIAL</FORTABLE>
     <FORKEY>RAUBE</FORKEY>
     <CHECKTABLE>T142</CHECKTABLE>
     <CHECKFIELD>RAUBE</CHECKFIELD>
     <PRIMPOS>0002</PRIMPOS>
     <DOMNAME>RAUBE</DOMNAME>
     <DATATYPE>CHAR</DATATYPE>
     <LENG>000002</LENG>
    </DD05M>
    <DD05M>
     <TABNAME>ZTAG_MATERIAL</TABNAME>
     <FIELDNAME>RBNRM</FIELDNAME>
     <FORTABLE>SY</FORTABLE>
     <FORKEY>MANDT</FORKEY>
     <CHECKTABLE>T352B</CHECKTABLE>
     <CHECKFIELD>MANDT</CHECKFIELD>
     <PRIMPOS>0001</PRIMPOS>
     <DOMNAME>MANDT</DOMNAME>
     <DATATYPE>CLNT</DATATYPE>
     <LENG>000003</LENG>
    </DD05M>
    <DD05M>
     <TABNAME>ZTAG_MATERIAL</TABNAME>
     <FIELDNAME>RBNRM</FIELDNAME>
     <FORTABLE>ZTAG_MATERIAL</FORTABLE>
     <FORKEY>RBNRM</FORKEY>
     <CHECKTABLE>T352B</CHECKTABLE>
     <CHECKFIELD>RBNR</CHECKFIELD>
     <PRIMPOS>0002</PRIMPOS>
     <DOMNAME>RBNR</DOMNAME>
     <DATATYPE>CHAR</DATATYPE>
     <LENG>000009</LENG>
    </DD05M>
    <DD05M>
     <TABNAME>ZTAG_MATERIAL</TABNAME>
     <FIELDNAME>SAISO</FIELDNAME>
     <FORTABLE>ZTAG_MATERIAL</FORTABLE>
     <FORKEY>MANDT</FORKEY>
     <CHECKTABLE>T6WSP</CHECKTABLE>
     <CHECKFIELD>MANDT</CHECKFIELD>
     <PRIMPOS>0001</PRIMPOS>
     <DOMNAME>MANDT</DOMNAME>
     <DATATYPE>CLNT</DATATYPE>
     <LENG>000003</LENG>
    </DD05M>
    <DD05M>
     <TABNAME>ZTAG_MATERIAL</TABNAME>
     <FIELDNAME>SAISO</FIELDNAME>
     <FORTABLE>ZTAG_MATERIAL</FORTABLE>
     <FORKEY>SAISO</FORKEY>
     <CHECKTABLE>T6WSP</CHECKTABLE>
     <CHECKFIELD>SAISO</CHECKFIELD>
     <PRIMPOS>0002</PRIMPOS>
     <DOMNAME>SAISO</DOMNAME>
     <DATATYPE>CHAR</DATATYPE>
     <LENG>000004</LENG>
    </DD05M>
    <DD05M>
     <TABNAME>ZTAG_MATERIAL</TABNAME>
     <FIELDNAME>SATNR</FIELDNAME>
     <FORTABLE>SY</FORTABLE>
     <FORKEY>MANDT</FORKEY>
     <CHECKTABLE>MARA</CHECKTABLE>
     <CHECKFIELD>MANDT</CHECKFIELD>
     <PRIMPOS>0001</PRIMPOS>
     <DOMNAME>MANDT</DOMNAME>
     <DATATYPE>CLNT</DATATYPE>
     <LENG>000003</LENG>
    </DD05M>
    <DD05M>
     <TABNAME>ZTAG_MATERIAL</TABNAME>
     <FIELDNAME>SATNR</FIELDNAME>
     <FORTABLE>ZTAG_MATERIAL</FORTABLE>
     <FORKEY>SATNR</FORKEY>
     <CHECKTABLE>MARA</CHECKTABLE>
     <CHECKFIELD>MATNR</CHECKFIELD>
     <PRIMPOS>0002</PRIMPOS>
     <DOMNAME>MATNR</DOMNAME>
     <DATATYPE>CHAR</DATATYPE>
     <LENG>000018</LENG>
    </DD05M>
    <DD05M>
     <TABNAME>ZTAG_MATERIAL</TABNAME>
     <FIELDNAME>SPART</FIELDNAME>
     <FORTABLE>ZTAG_MATERIAL</FORTABLE>
     <FORKEY>MANDT</FORKEY>
     <CHECKTABLE>TSPA</CHECKTABLE>
     <CHECKFIELD>MANDT</CHECKFIELD>
     <PRIMPOS>0001</PRIMPOS>
     <DOMNAME>MANDT</DOMNAME>
     <DATATYPE>CLNT</DATATYPE>
     <LENG>000003</LENG>
    </DD05M>
    <DD05M>
     <TABNAME>ZTAG_MATERIAL</TABNAME>
     <FIELDNAME>SPART</FIELDNAME>
     <FORTABLE>ZTAG_MATERIAL</FORTABLE>
     <FORKEY>SPART</FORKEY>
     <CHECKTABLE>TSPA</CHECKTABLE>
     <CHECKFIELD>SPART</CHECKFIELD>
     <PRIMPOS>0002</PRIMPOS>
     <DOMNAME>SPART</DOMNAME>
     <DATATYPE>CHAR</DATATYPE>
     <LENG>000002</LENG>
    </DD05M>
    <DD05M>
     <TABNAME>ZTAG_MATERIAL</TABNAME>
     <FIELDNAME>TAKLV</FIELDNAME>
     <FORTABLE>SY</FORTABLE>
     <FORKEY>MANDT</FORKEY>
     <CHECKTABLE>TSKM</CHECKTABLE>
     <CHECKFIELD>MANDT</CHECKFIELD>
     <PRIMPOS>0001</PRIMPOS>
     <DOMNAME>MANDT</DOMNAME>
     <DATATYPE>CLNT</DATATYPE>
     <LENG>000003</LENG>
    </DD05M>
    <DD05M>
     <TABNAME>ZTAG_MATERIAL</TABNAME>
     <FIELDNAME>TAKLV</FIELDNAME>
     <FORTABLE>*</FORTABLE>
     <CHECKTABLE>TSKM</CHECKTABLE>
     <CHECKFIELD>TATYP</CHECKFIELD>
     <PRIMPOS>0002</PRIMPOS>
     <DOMNAME>KSCHL</DOMNAME>
     <DATATYPE>CHAR</DATATYPE>
     <LENG>000004</LENG>
    </DD05M>
    <DD05M>
     <TABNAME>ZTAG_MATERIAL</TABNAME>
     <FIELDNAME>TAKLV</FIELDNAME>
     <FORTABLE>ZTAG_MATERIAL</FORTABLE>
     <FORKEY>TAKLV</FORKEY>
     <CHECKTABLE>TSKM</CHECKTABLE>
     <CHECKFIELD>TAXKM</CHECKFIELD>
     <PRIMPOS>0003</PRIMPOS>
     <DOMNAME>TAXKM</DOMNAME>
     <DATATYPE>CHAR</DATATYPE>
     <LENG>000001</LENG>
    </DD05M>
    <DD05M>
     <TABNAME>ZTAG_MATERIAL</TABNAME>
     <FIELDNAME>TEMPB</FIELDNAME>
     <FORTABLE>ZTAG_MATERIAL</FORTABLE>
     <FORKEY>MANDT</FORKEY>
     <CHECKTABLE>T143</CHECKTABLE>
     <CHECKFIELD>MANDT</CHECKFIELD>
     <PRIMPOS>0001</PRIMPOS>
     <DOMNAME>MANDT</DOMNAME>
     <DATATYPE>CLNT</DATATYPE>
     <LENG>000003</LENG>
    </DD05M>
    <DD05M>
     <TABNAME>ZTAG_MATERIAL</TABNAME>
     <FIELDNAME>TEMPB</FIELDNAME>
     <FORTABLE>ZTAG_MATERIAL</FORTABLE>
     <FORKEY>TEMPB</FORKEY>
     <CHECKTABLE>T143</CHECKTABLE>
     <CHECKFIELD>TEMPB</CHECKFIELD>
     <PRIMPOS>0002</PRIMPOS>
     <DOMNAME>TEMPB</DOMNAME>
     <DATATYPE>CHAR</DATATYPE>
     <LENG>000002</LENG>
    </DD05M>
    <DD05M>
     <TABNAME>ZTAG_MATERIAL</TABNAME>
     <FIELDNAME>TRAGR</FIELDNAME>
     <FORTABLE>ZTAG_MATERIAL</FORTABLE>
     <FORKEY>MANDT</FORKEY>
     <CHECKTABLE>TTGR</CHECKTABLE>
     <CHECKFIELD>MANDT</CHECKFIELD>
     <PRIMPOS>0001</PRIMPOS>
     <DOMNAME>MANDT</DOMNAME>
     <DATATYPE>CLNT</DATATYPE>
     <LENG>000003</LENG>
    </DD05M>
    <DD05M>
     <TABNAME>ZTAG_MATERIAL</TABNAME>
     <FIELDNAME>TRAGR</FIELDNAME>
     <FORTABLE>ZTAG_MATERIAL</FORTABLE>
     <FORKEY>TRAGR</FORKEY>
     <CHECKTABLE>TTGR</CHECKTABLE>
     <CHECKFIELD>TRAGR</CHECKFIELD>
     <PRIMPOS>0002</PRIMPOS>
     <DOMNAME>TRAGR</DOMNAME>
     <DATATYPE>CHAR</DATATYPE>
     <LENG>000004</LENG>
    </DD05M>
    <DD05M>
     <TABNAME>ZTAG_MATERIAL</TABNAME>
     <FIELDNAME>VHART</FIELDNAME>
     <FORTABLE>SYST</FORTABLE>
     <FORKEY>MANDT</FORKEY>
     <CHECKTABLE>TVTY</CHECKTABLE>
     <CHECKFIELD>MANDT</CHECKFIELD>
     <PRIMPOS>0001</PRIMPOS>
     <DOMNAME>MANDT</DOMNAME>
     <DATATYPE>CLNT</DATATYPE>
     <LENG>000003</LENG>
    </DD05M>
    <DD05M>
     <TABNAME>ZTAG_MATERIAL</TABNAME>
     <FIELDNAME>VHART</FIELDNAME>
     <FORTABLE>ZTAG_MATERIAL</FORTABLE>
     <FORKEY>VHART</FORKEY>
     <CHECKTABLE>TVTY</CHECKTABLE>
     <CHECKFIELD>TRATY</CHECKFIELD>
     <PRIMPOS>0002</PRIMPOS>
     <DOMNAME>TRATY</DOMNAME>
     <DATATYPE>CHAR</DATATYPE>
     <LENG>000004</LENG>
    </DD05M>
    <DD05M>
     <TABNAME>ZTAG_MATERIAL</TABNAME>
     <FIELDNAME>VOLEH</FIELDNAME>
     <FORTABLE>ZTAG_MATERIAL</FORTABLE>
     <FORKEY>MANDT</FORKEY>
     <CHECKTABLE>T006</CHECKTABLE>
     <CHECKFIELD>MANDT</CHECKFIELD>
     <PRIMPOS>0001</PRIMPOS>
     <DOMNAME>MANDT</DOMNAME>
     <DATATYPE>CLNT</DATATYPE>
     <LENG>000003</LENG>
    </DD05M>
    <DD05M>
     <TABNAME>ZTAG_MATERIAL</TABNAME>
     <FIELDNAME>VOLEH</FIELDNAME>
     <FORTABLE>ZTAG_MATERIAL</FORTABLE>
     <FORKEY>VOLEH</FORKEY>
     <CHECKTABLE>T006</CHECKTABLE>
     <CHECKFIELD>MSEHI</CHECKFIELD>
     <PRIMPOS>0002</PRIMPOS>
     <DOMNAME>MEINS</DOMNAME>
     <DATATYPE>UNIT</DATATYPE>
     <LENG>000003</LENG>
    </DD05M>
   </DD05M_TABLE>
   <DD08V_TABLE>
    <DD08V>
     <TABNAME>ZTAG_MATERIAL</TABNAME>
     <FIELDNAME>BEHVO</FIELDNAME>
     <DDLANGUAGE>P</DDLANGUAGE>
     <CHECKTABLE>T144</CHECKTABLE>
     <FRKART>REF</FRKART>
     <CARD>CN</CARD>
     <DDTEXT>Container Requirement(s)</DDTEXT>
     <ARBGB>MM</ARBGB>
     <MSGNR>093</MSGNR>
     <NOINHERIT>Y</NOINHERIT>
     <CARDLEFT>C</CARDLEFT>
    </DD08V>
    <DD08V>
     <TABNAME>ZTAG_MATERIAL</TABNAME>
     <FIELDNAME>BSTME</FIELDNAME>
     <DDLANGUAGE>P</DDLANGUAGE>
     <CHECKTABLE>T006</CHECKTABLE>
     <FRKART>REF</FRKART>
     <CARD>CN</CARD>
     <DDTEXT>Unit of Measure</DDTEXT>
     <NOINHERIT>Y</NOINHERIT>
     <CARDLEFT>C</CARDLEFT>
    </DD08V>
    <DD08V>
     <TABNAME>ZTAG_MATERIAL</TABNAME>
     <FIELDNAME>COMPL</FIELDNAME>
     <CHECKTABLE>TCSCP_COMP_LVL</CHECKTABLE>
     <ARBGB>MM</ARBGB>
     <MSGNR>206</MSGNR>
     <NOINHERIT>Y</NOINHERIT>
    </DD08V>
    <DD08V>
     <TABNAME>ZTAG_MATERIAL</TABNAME>
     <FIELDNAME>EKWSL</FIELDNAME>
     <DDLANGUAGE>P</DDLANGUAGE>
     <CHECKTABLE>T405</CHECKTABLE>
     <FRKART>REF</FRKART>
     <CARD>CN</CARD>
     <ARBGB>MM</ARBGB>
     <MSGNR>090</MSGNR>
     <NOINHERIT>Y</NOINHERIT>
     <CARDLEFT>C</CARDLEFT>
    </DD08V>
    <DD08V>
     <TABNAME>ZTAG_MATERIAL</TABNAME>
     <FIELDNAME>ENTAR</FIELDNAME>
     <DDLANGUAGE>P</DDLANGUAGE>
     <CHECKTABLE>*</CHECKTABLE>
     <FRKART>REF</FRKART>
     <CARD>CN</CARD>
     <DDTEXT>Disposal Type</DDTEXT>
     <NOINHERIT>Y</NOINHERIT>
     <CARDLEFT>C</CARDLEFT>
    </DD08V>
    <DD08V>
     <TABNAME>ZTAG_MATERIAL</TABNAME>
     <FIELDNAME>ERGEI</FIELDNAME>
     <DDLANGUAGE>P</DDLANGUAGE>
     <CHECKTABLE>T006</CHECKTABLE>
     <FRKART>REF</FRKART>
     <CARD>CN</CARD>
     <DDTEXT>Unit of Weight for Allowed Packaging Weight</DDTEXT>
     <NOINHERIT>Y</NOINHERIT>
     <CARDLEFT>C</CARDLEFT>
    </DD08V>
    <DD08V>
     <TABNAME>ZTAG_MATERIAL</TABNAME>
     <FIELDNAME>ERVOE</FIELDNAME>
     <DDLANGUAGE>P</DDLANGUAGE>
     <CHECKTABLE>T006</CHECKTABLE>
     <FRKART>REF</FRKART>
     <CARD>CN</CARD>
     <DDTEXT>Unit of Volume for Allowed Packaging Weight</DDTEXT>
     <NOINHERIT>Y</NOINHERIT>
     <CARDLEFT>C</CARDLEFT>
    </DD08V>
    <DD08V>
     <TABNAME>ZTAG_MATERIAL</TABNAME>
     <FIELDNAME>ETIAG</FIELDNAME>
     <CHECKTABLE>TWEA</CHECKTABLE>
     <NOINHERIT>Y</NOINHERIT>
    </DD08V>
    <DD08V>
     <TABNAME>ZTAG_MATERIAL</TABNAME>
     <FIELDNAME>ETIAR</FIELDNAME>
     <DDLANGUAGE>P</DDLANGUAGE>
     <CHECKTABLE>T6WP3</CHECKTABLE>
     <FRKART>REF</FRKART>
     <CARD>CN</CARD>
     <DDTEXT>Label Type</DDTEXT>
     <ARBGB>MM</ARBGB>
     <MSGNR>179</MSGNR>
     <NOINHERIT>Y</NOINHERIT>
     <CARDLEFT>C</CARDLEFT>
    </DD08V>
    <DD08V>
     <TABNAME>ZTAG_MATERIAL</TABNAME>
     <FIELDNAME>ETIFO</FIELDNAME>
     <DDLANGUAGE>P</DDLANGUAGE>
     <CHECKTABLE>T6WP4</CHECKTABLE>
     <FRKART>REF</FRKART>
     <CARD>CN</CARD>
     <DDTEXT>Label Form</DDTEXT>
     <ARBGB>MM</ARBGB>
     <MSGNR>180</MSGNR>
     <NOINHERIT>Y</NOINHERIT>
     <CARDLEFT>C</CARDLEFT>
    </DD08V>
    <DD08V>
     <TABNAME>ZTAG_MATERIAL</TABNAME>
     <FIELDNAME>GEWEI</FIELDNAME>
     <DDLANGUAGE>P</DDLANGUAGE>
     <CHECKTABLE>T006</CHECKTABLE>
     <FRKART>REF</FRKART>
     <CARD>CN</CARD>
     <DDTEXT>Unit of Weight</DDTEXT>
     <NOINHERIT>Y</NOINHERIT>
     <CARDLEFT>C</CARDLEFT>
    </DD08V>
    <DD08V>
     <TABNAME>ZTAG_MATERIAL</TABNAME>
     <FIELDNAME>INHME</FIELDNAME>
     <CHECKTABLE>T006</CHECKTABLE>
     <ARBGB>MM</ARBGB>
     <MSGNR>196</MSGNR>
     <NOINHERIT>Y</NOINHERIT>
    </DD08V>
    <DD08V>
     <TABNAME>ZTAG_MATERIAL</TABNAME>
     <FIELDNAME>KUNNR</FIELDNAME>
     <DDLANGUAGE>P</DDLANGUAGE>
     <CHECKTABLE>V_KNA1WETT</CHECKTABLE>
     <FRKART>REF</FRKART>
     <CARD>CN</CARD>
     <DDTEXT>Competitor</DDTEXT>
     <ARBGB>MM</ARBGB>
     <MSGNR>099</MSGNR>
     <NOINHERIT>Y</NOINHERIT>
     <CARDLEFT>C</CARDLEFT>
    </DD08V>
    <DD08V>
     <TABNAME>ZTAG_MATERIAL</TABNAME>
     <FIELDNAME>LABOR</FIELDNAME>
     <DDLANGUAGE>P</DDLANGUAGE>
     <CHECKTABLE>T024L</CHECKTABLE>
     <FRKART>REF</FRKART>
     <CARD>CN</CARD>
     <DDTEXT>Laboratory</DDTEXT>
     <ARBGB>MM</ARBGB>
     <MSGNR>089</MSGNR>
     <NOINHERIT>Y</NOINHERIT>
     <CARDLEFT>C</CARDLEFT>
    </DD08V>
    <DD08V>
     <TABNAME>ZTAG_MATERIAL</TABNAME>
     <FIELDNAME>MAGRV</FIELDNAME>
     <DDLANGUAGE>P</DDLANGUAGE>
     <CHECKTABLE>TVEGR</CHECKTABLE>
     <ARBGB>MM</ARBGB>
     <MSGNR>187</MSGNR>
     <NOINHERIT>Y</NOINHERIT>
    </DD08V>
    <DD08V>
     <TABNAME>ZTAG_MATERIAL</TABNAME>
     <FIELDNAME>MANDT</FIELDNAME>
     <DDLANGUAGE>P</DDLANGUAGE>
     <CHECKTABLE>T000</CHECKTABLE>
     <FRKART>KEY</FRKART>
     <CARD>CN</CARD>
     <DDTEXT>Client</DDTEXT>
     <CARDLEFT>1</CARDLEFT>
    </DD08V>
    <DD08V>
     <TABNAME>ZTAG_MATERIAL</TABNAME>
     <FIELDNAME>MATKL</FIELDNAME>
     <DDLANGUAGE>P</DDLANGUAGE>
     <CHECKTABLE>T023</CHECKTABLE>
     <FRKART>REF</FRKART>
     <CARD>CN</CARD>
     <DDTEXT>Material Group</DDTEXT>
     <ARBGB>MM</ARBGB>
     <MSGNR>086</MSGNR>
     <NOINHERIT>Y</NOINHERIT>
     <CARDLEFT>C</CARDLEFT>
    </DD08V>
    <DD08V>
     <TABNAME>ZTAG_MATERIAL</TABNAME>
     <FIELDNAME>MBRSH</FIELDNAME>
     <DDLANGUAGE>P</DDLANGUAGE>
     <CHECKTABLE>T137</CHECKTABLE>
     <FRKART>REF</FRKART>
     <CARD>CN</CARD>
     <DDTEXT>Industry Sector</DDTEXT>
     <ARBGB>MM</ARBGB>
     <MSGNR>084</MSGNR>
     <NOINHERIT>Y</NOINHERIT>
     <CARDLEFT>C</CARDLEFT>
    </DD08V>
    <DD08V>
     <TABNAME>ZTAG_MATERIAL</TABNAME>
     <FIELDNAME>MEABM</FIELDNAME>
     <DDLANGUAGE>P</DDLANGUAGE>
     <CHECKTABLE>T006</CHECKTABLE>
     <FRKART>REF</FRKART>
     <CARD>CN</CARD>
     <DDTEXT>Unit of Measure for Length/Breadth/Height</DDTEXT>
     <NOINHERIT>Y</NOINHERIT>
     <CARDLEFT>C</CARDLEFT>
    </DD08V>
    <DD08V>
     <TABNAME>ZTAG_MATERIAL</TABNAME>
     <FIELDNAME>MEINS</FIELDNAME>
     <DDLANGUAGE>P</DDLANGUAGE>
     <CHECKTABLE>T006</CHECKTABLE>
     <FRKART>REF</FRKART>
     <CARD>CN</CARD>
     <DDTEXT>Unit of Measure</DDTEXT>
     <NOINHERIT>Y</NOINHERIT>
     <CARDLEFT>1</CARDLEFT>
    </DD08V>
    <DD08V>
     <TABNAME>ZTAG_MATERIAL</TABNAME>
     <FIELDNAME>MSTAE</FIELDNAME>
     <DDLANGUAGE>P</DDLANGUAGE>
     <CHECKTABLE>T141</CHECKTABLE>
     <ARBGB>MM</ARBGB>
     <MSGNR>192</MSGNR>
     <NOINHERIT>Y</NOINHERIT>
    </DD08V>
    <DD08V>
     <TABNAME>ZTAG_MATERIAL</TABNAME>
     <FIELDNAME>MSTAV</FIELDNAME>
     <DDLANGUAGE>P</DDLANGUAGE>
     <CHECKTABLE>TVMS</CHECKTABLE>
     <ARBGB>MM</ARBGB>
     <MSGNR>193</MSGNR>
     <NOINHERIT>Y</NOINHERIT>
    </DD08V>
    <DD08V>
     <TABNAME>ZTAG_MATERIAL</TABNAME>
     <FIELDNAME>MTART</FIELDNAME>
     <DDLANGUAGE>P</DDLANGUAGE>
     <CHECKTABLE>T134</CHECKTABLE>
     <FRKART>REF</FRKART>
     <CARD>CN</CARD>
     <ARBGB>MM</ARBGB>
     <MSGNR>083</MSGNR>
     <NOINHERIT>Y</NOINHERIT>
     <CARDLEFT>1</CARDLEFT>
    </DD08V>
    <DD08V>
     <TABNAME>ZTAG_MATERIAL</TABNAME>
     <FIELDNAME>NUMTP</FIELDNAME>
     <DDLANGUAGE>P</DDLANGUAGE>
     <CHECKTABLE>TNTP</CHECKTABLE>
     <FRKART>REF</FRKART>
     <CARD>CN</CARD>
     <DDTEXT>Category of International Article Number (EAN)</DDTEXT>
     <ARBGB>MM</ARBGB>
     <MSGNR>181</MSGNR>
     <NOINHERIT>Y</NOINHERIT>
     <CARDLEFT>C</CARDLEFT>
    </DD08V>
    <DD08V>
     <TABNAME>ZTAG_MATERIAL</TABNAME>
     <FIELDNAME>PLGTP</FIELDNAME>
     <DDLANGUAGE>P</DDLANGUAGE>
     <CHECKTABLE>TWPT</CHECKTABLE>
     <ARBGB>MM</ARBGB>
     <MSGNR>188</MSGNR>
     <NOINHERIT>Y</NOINHERIT>
    </DD08V>
    <DD08V>
     <TABNAME>ZTAG_MATERIAL</TABNAME>
     <FIELDNAME>PMATA</FIELDNAME>
     <DDLANGUAGE>P</DDLANGUAGE>
     <CHECKTABLE>MARA</CHECKTABLE>
     <ARBGB>MM</ARBGB>
     <MSGNR>191</MSGNR>
     <NOINHERIT>Y</NOINHERIT>
    </DD08V>
    <DD08V>
     <TABNAME>ZTAG_MATERIAL</TABNAME>
     <FIELDNAME>PRDHA</FIELDNAME>
     <DDLANGUAGE>P</DDLANGUAGE>
     <CHECKTABLE>T179</CHECKTABLE>
     <FRKART>REF</FRKART>
     <CARD>CN</CARD>
     <DDTEXT>Product Hierarchy</DDTEXT>
     <ARBGB>MM</ARBGB>
     <MSGNR>183</MSGNR>
     <NOINHERIT>Y</NOINHERIT>
     <CARDLEFT>C</CARDLEFT>
    </DD08V>
    <DD08V>
     <TABNAME>ZTAG_MATERIAL</TABNAME>
     <FIELDNAME>RAUBE</FIELDNAME>
     <DDLANGUAGE>P</DDLANGUAGE>
     <CHECKTABLE>T142</CHECKTABLE>
     <FRKART>REF</FRKART>
     <CARD>CN</CARD>
     <DDTEXT>Storage Condition(s)</DDTEXT>
     <ARBGB>MM</ARBGB>
     <MSGNR>094</MSGNR>
     <NOINHERIT>Y</NOINHERIT>
     <CARDLEFT>C</CARDLEFT>
    </DD08V>
    <DD08V>
     <TABNAME>ZTAG_MATERIAL</TABNAME>
     <FIELDNAME>RBNRM</FIELDNAME>
     <CHECKTABLE>T352B</CHECKTABLE>
     <ARBGB>MM</ARBGB>
     <MSGNR>195</MSGNR>
     <NOINHERIT>Y</NOINHERIT>
    </DD08V>
    <DD08V>
     <TABNAME>ZTAG_MATERIAL</TABNAME>
     <FIELDNAME>SAISO</FIELDNAME>
     <DDLANGUAGE>P</DDLANGUAGE>
     <CHECKTABLE>T6WSP</CHECKTABLE>
     <FRKART>REF</FRKART>
     <CARD>CN</CARD>
     <DDTEXT>Season</DDTEXT>
     <ARBGB>MM</ARBGB>
     <MSGNR>178</MSGNR>
     <NOINHERIT>Y</NOINHERIT>
     <CARDLEFT>C</CARDLEFT>
    </DD08V>
    <DD08V>
     <TABNAME>ZTAG_MATERIAL</TABNAME>
     <FIELDNAME>SATNR</FIELDNAME>
     <DDLANGUAGE>P</DDLANGUAGE>
     <CHECKTABLE>MARA</CHECKTABLE>
     <ARBGB>MM</ARBGB>
     <MSGNR>190</MSGNR>
     <NOINHERIT>Y</NOINHERIT>
    </DD08V>
    <DD08V>
     <TABNAME>ZTAG_MATERIAL</TABNAME>
     <FIELDNAME>SPART</FIELDNAME>
     <DDLANGUAGE>P</DDLANGUAGE>
     <CHECKTABLE>TSPA</CHECKTABLE>
     <FRKART>REF</FRKART>
     <CARD>CN</CARD>
     <DDTEXT>Division</DDTEXT>
     <ARBGB>MM</ARBGB>
     <MSGNR>098</MSGNR>
     <NOINHERIT>Y</NOINHERIT>
     <CARDLEFT>C</CARDLEFT>
    </DD08V>
    <DD08V>
     <TABNAME>ZTAG_MATERIAL</TABNAME>
     <FIELDNAME>TAKLV</FIELDNAME>
     <CHECKTABLE>TSKM</CHECKTABLE>
     <CLASFIELD>*</CLASFIELD>
     <ARBGB>MM</ARBGB>
     <MSGNR>194</MSGNR>
     <NOINHERIT>Y</NOINHERIT>
    </DD08V>
    <DD08V>
     <TABNAME>ZTAG_MATERIAL</TABNAME>
     <FIELDNAME>TEMPB</FIELDNAME>
     <DDLANGUAGE>P</DDLANGUAGE>
     <CHECKTABLE>T143</CHECKTABLE>
     <FRKART>REF</FRKART>
     <CARD>CN</CARD>
     <DDTEXT>Temperature Condition(s)</DDTEXT>
     <ARBGB>MM</ARBGB>
     <MSGNR>095</MSGNR>
     <NOINHERIT>Y</NOINHERIT>
     <CARDLEFT>C</CARDLEFT>
    </DD08V>
    <DD08V>
     <TABNAME>ZTAG_MATERIAL</TABNAME>
     <FIELDNAME>TRAGR</FIELDNAME>
     <DDLANGUAGE>P</DDLANGUAGE>
     <CHECKTABLE>TTGR</CHECKTABLE>
     <FRKART>REF</FRKART>
     <CARD>CN</CARD>
     <DDTEXT>Carr. Group</DDTEXT>
     <ARBGB>MM</ARBGB>
     <MSGNR>096</MSGNR>
     <NOINHERIT>Y</NOINHERIT>
     <CARDLEFT>C</CARDLEFT>
    </DD08V>
    <DD08V>
     <TABNAME>ZTAG_MATERIAL</TABNAME>
     <FIELDNAME>VHART</FIELDNAME>
     <DDLANGUAGE>P</DDLANGUAGE>
     <CHECKTABLE>TVTY</CHECKTABLE>
     <ARBGB>MM</ARBGB>
     <MSGNR>186</MSGNR>
     <NOINHERIT>Y</NOINHERIT>
    </DD08V>
    <DD08V>
     <TABNAME>ZTAG_MATERIAL</TABNAME>
     <FIELDNAME>VOLEH</FIELDNAME>
     <DDLANGUAGE>P</DDLANGUAGE>
     <CHECKTABLE>T006</CHECKTABLE>
     <FRKART>REF</FRKART>
     <CARD>CN</CARD>
     <DDTEXT>Volume Unit</DDTEXT>
     <NOINHERIT>Y</NOINHERIT>
     <CARDLEFT>C</CARDLEFT>
    </DD08V>
   </DD08V_TABLE>
   <DD12V>
    <DD12V>
     <SQLTAB>ZTAG_MATERIAL</SQLTAB>
     <INDEXNAME>A</INDEXNAME>
     <AS4LOCAL>A</AS4LOCAL>
     <DDLANGUAGE>P</DDLANGUAGE>
     <DBINDEX>ZTAG_MATERIAL~A</DBINDEX>
     <DBSTATE>D</DBSTATE>
     <DBINCLEXCL>E</DBINCLEXCL>
     <DBSYSSEL1>HDB</DBSYSSEL1>
     <DDTEXT>Old Material Number</DDTEXT>
    </DD12V>
    <DD12V>
     <SQLTAB>ZTAG_MATERIAL</SQLTAB>
     <INDEXNAME>BMA</INDEXNAME>
     <AS4LOCAL>A</AS4LOCAL>
     <DDLANGUAGE>P</DDLANGUAGE>
     <DBSTATE>O</DBSTATE>
     <DDTEXT>Number of Internal Material Master Record</DDTEXT>
    </DD12V>
    <DD12V>
     <SQLTAB>ZTAG_MATERIAL</SQLTAB>
     <INDEXNAME>H61</INDEXNAME>
     <AS4LOCAL>A</AS4LOCAL>
     <DBSTATE>D</DBSTATE>
     <DBINCLEXCL>I</DBINCLEXCL>
     <DBSYSSEL1>HDB</DBSYSSEL1>
    </DD12V>
    <DD12V>
     <SQLTAB>ZTAG_MATERIAL</SQLTAB>
     <INDEXNAME>HSS</INDEXNAME>
     <AS4LOCAL>A</AS4LOCAL>
     <DBSTATE>D</DBSTATE>
     <DBINCLEXCL>I</DBINCLEXCL>
     <DBSYSSEL1>HDB</DBSYSSEL1>
    </DD12V>
    <DD12V>
     <SQLTAB>ZTAG_MATERIAL</SQLTAB>
     <INDEXNAME>L</INDEXNAME>
     <AS4LOCAL>A</AS4LOCAL>
     <DDLANGUAGE>P</DDLANGUAGE>
     <DBINDEX>ZTAG_MATERIAL~L</DBINDEX>
     <DBSTATE>D</DBSTATE>
     <DBINCLEXCL>E</DBINCLEXCL>
     <DBSYSSEL1>HDB</DBSYSSEL1>
     <DDTEXT>Índice para grupo de mercadorias</DDTEXT>
    </DD12V>
    <DD12V>
     <SQLTAB>ZTAG_MATERIAL</SQLTAB>
     <INDEXNAME>MPN</INDEXNAME>
     <AS4LOCAL>A</AS4LOCAL>
     <DDLANGUAGE>P</DDLANGUAGE>
     <DBSTATE>O</DBSTATE>
     <DDTEXT>Manufacturer Part Number / Number of a Manufacturer</DDTEXT>
    </DD12V>
    <DD12V>
     <SQLTAB>ZTAG_MATERIAL</SQLTAB>
     <INDEXNAME>O</INDEXNAME>
     <AS4LOCAL>A</AS4LOCAL>
     <DDLANGUAGE>P</DDLANGUAGE>
     <DBINDEX>ZTAG_MATERIAL~O</DBINDEX>
     <DBSTATE>D</DBSTATE>
     <DBINCLEXCL>E</DBINCLEXCL>
     <DBSYSSEL1>HDB</DBSYSSEL1>
     <DDTEXT>Índice para produto standard</DDTEXT>
    </DD12V>
    <DD12V>
     <SQLTAB>ZTAG_MATERIAL</SQLTAB>
     <INDEXNAME>PMA</INDEXNAME>
     <AS4LOCAL>A</AS4LOCAL>
     <DDLANGUAGE>P</DDLANGUAGE>
     <DBINDEX>ZTAG_MATERIAL~PMA</DBINDEX>
     <DBSTATE>D</DBSTATE>
     <DBINCLEXCL>E</DBINCLEXCL>
     <DBSYSSEL1>HDB</DBSYSSEL1>
     <DDTEXT>Pricing Reference Material</DDTEXT>
    </DD12V>
    <DD12V>
     <SQLTAB>ZTAG_MATERIAL</SQLTAB>
     <INDEXNAME>T</INDEXNAME>
     <AS4LOCAL>A</AS4LOCAL>
     <DDLANGUAGE>P</DDLANGUAGE>
     <DBINDEX>ZTAG_MATERIAL~T</DBINDEX>
     <DBSTATE>D</DBSTATE>
     <DBINCLEXCL>E</DBINCLEXCL>
     <DBSYSSEL1>HDB</DBSYSSEL1>
     <DDTEXT>Tipo de material (com mandante)</DDTEXT>
    </DD12V>
    <DD12V>
     <SQLTAB>ZTAG_MATERIAL</SQLTAB>
     <INDEXNAME>VHA</INDEXNAME>
     <AS4LOCAL>A</AS4LOCAL>
     <DDLANGUAGE>P</DDLANGUAGE>
     <DBSTATE>O</DBSTATE>
     <DDTEXT>Packaging Material Type</DDTEXT>
    </DD12V>
   </DD12V>
   <DD17V>
    <DD17V>
     <SQLTAB>ZTAG_MATERIAL</SQLTAB>
     <INDEXNAME>A</INDEXNAME>
     <POSITION>0001</POSITION>
     <AS4LOCAL>A</AS4LOCAL>
     <FIELDNAME>MANDT</FIELDNAME>
    </DD17V>
    <DD17V>
     <SQLTAB>ZTAG_MATERIAL</SQLTAB>
     <INDEXNAME>A</INDEXNAME>
     <POSITION>0002</POSITION>
     <AS4LOCAL>A</AS4LOCAL>
     <FIELDNAME>BISMT</FIELDNAME>
    </DD17V>
    <DD17V>
     <SQLTAB>ZTAG_MATERIAL</SQLTAB>
     <INDEXNAME>BMA</INDEXNAME>
     <POSITION>0001</POSITION>
     <AS4LOCAL>A</AS4LOCAL>
     <FIELDNAME>MANDT</FIELDNAME>
    </DD17V>
    <DD17V>
     <SQLTAB>ZTAG_MATERIAL</SQLTAB>
     <INDEXNAME>BMA</INDEXNAME>
     <POSITION>0002</POSITION>
     <AS4LOCAL>A</AS4LOCAL>
     <FIELDNAME>BMATN</FIELDNAME>
    </DD17V>
    <DD17V>
     <SQLTAB>ZTAG_MATERIAL</SQLTAB>
     <INDEXNAME>H61</INDEXNAME>
     <POSITION>0001</POSITION>
     <AS4LOCAL>A</AS4LOCAL>
     <FIELDNAME>BMATN</FIELDNAME>
    </DD17V>
    <DD17V>
     <SQLTAB>ZTAG_MATERIAL</SQLTAB>
     <INDEXNAME>HSS</INDEXNAME>
     <POSITION>0001</POSITION>
     <AS4LOCAL>A</AS4LOCAL>
     <FIELDNAME>BISMT</FIELDNAME>
    </DD17V>
    <DD17V>
     <SQLTAB>ZTAG_MATERIAL</SQLTAB>
     <INDEXNAME>L</INDEXNAME>
     <POSITION>0001</POSITION>
     <AS4LOCAL>A</AS4LOCAL>
     <FIELDNAME>MANDT</FIELDNAME>
    </DD17V>
    <DD17V>
     <SQLTAB>ZTAG_MATERIAL</SQLTAB>
     <INDEXNAME>L</INDEXNAME>
     <POSITION>0002</POSITION>
     <AS4LOCAL>A</AS4LOCAL>
     <FIELDNAME>MATKL</FIELDNAME>
    </DD17V>
    <DD17V>
     <SQLTAB>ZTAG_MATERIAL</SQLTAB>
     <INDEXNAME>MPN</INDEXNAME>
     <POSITION>0001</POSITION>
     <AS4LOCAL>A</AS4LOCAL>
     <FIELDNAME>MANDT</FIELDNAME>
    </DD17V>
    <DD17V>
     <SQLTAB>ZTAG_MATERIAL</SQLTAB>
     <INDEXNAME>MPN</INDEXNAME>
     <POSITION>0002</POSITION>
     <AS4LOCAL>A</AS4LOCAL>
     <FIELDNAME>MFRPN</FIELDNAME>
    </DD17V>
    <DD17V>
     <SQLTAB>ZTAG_MATERIAL</SQLTAB>
     <INDEXNAME>MPN</INDEXNAME>
     <POSITION>0003</POSITION>
     <AS4LOCAL>A</AS4LOCAL>
     <FIELDNAME>MFRNR</FIELDNAME>
    </DD17V>
    <DD17V>
     <SQLTAB>ZTAG_MATERIAL</SQLTAB>
     <INDEXNAME>O</INDEXNAME>
     <POSITION>0001</POSITION>
     <AS4LOCAL>A</AS4LOCAL>
     <FIELDNAME>MANDT</FIELDNAME>
    </DD17V>
    <DD17V>
     <SQLTAB>ZTAG_MATERIAL</SQLTAB>
     <INDEXNAME>O</INDEXNAME>
     <POSITION>0002</POSITION>
     <AS4LOCAL>A</AS4LOCAL>
     <FIELDNAME>SATNR</FIELDNAME>
    </DD17V>
    <DD17V>
     <SQLTAB>ZTAG_MATERIAL</SQLTAB>
     <INDEXNAME>PMA</INDEXNAME>
     <POSITION>0001</POSITION>
     <AS4LOCAL>A</AS4LOCAL>
     <FIELDNAME>MANDT</FIELDNAME>
    </DD17V>
    <DD17V>
     <SQLTAB>ZTAG_MATERIAL</SQLTAB>
     <INDEXNAME>PMA</INDEXNAME>
     <POSITION>0002</POSITION>
     <AS4LOCAL>A</AS4LOCAL>
     <FIELDNAME>PMATA</FIELDNAME>
    </DD17V>
    <DD17V>
     <SQLTAB>ZTAG_MATERIAL</SQLTAB>
     <INDEXNAME>T</INDEXNAME>
     <POSITION>0001</POSITION>
     <AS4LOCAL>A</AS4LOCAL>
     <FIELDNAME>MANDT</FIELDNAME>
    </DD17V>
    <DD17V>
     <SQLTAB>ZTAG_MATERIAL</SQLTAB>
     <INDEXNAME>T</INDEXNAME>
     <POSITION>0002</POSITION>
     <AS4LOCAL>A</AS4LOCAL>
     <FIELDNAME>MTART</FIELDNAME>
    </DD17V>
    <DD17V>
     <SQLTAB>ZTAG_MATERIAL</SQLTAB>
     <INDEXNAME>VHA</INDEXNAME>
     <POSITION>0001</POSITION>
     <AS4LOCAL>A</AS4LOCAL>
     <FIELDNAME>MANDT</FIELDNAME>
    </DD17V>
    <DD17V>
     <SQLTAB>ZTAG_MATERIAL</SQLTAB>
     <INDEXNAME>VHA</INDEXNAME>
     <POSITION>0002</POSITION>
     <AS4LOCAL>A</AS4LOCAL>
     <FIELDNAME>VHART</FIELDNAME>
    </DD17V>
   </DD17V>
   <DD35V_TALE>
    <DD35V>
     <TABNAME>ZTAG_MATERIAL</TABNAME>
     <FIELDNAME>MATNR</FIELDNAME>
     <SHLPNAME>MAT1</SHLPNAME>
    </DD35V>
    <DD35V>
     <TABNAME>ZTAG_MATERIAL</TABNAME>
     <FIELDNAME>SGT_CSGR</FIELDNAME>
     <SHLPNAME>SGT_CSGR</SHLPNAME>
    </DD35V>
   </DD35V_TALE>
   <DD36M>
    <DD36M>
     <TABNAME>ZTAG_MATERIAL</TABNAME>
     <FIELDNAME>MATNR</FIELDNAME>
     <SHLPNAME>MAT1</SHLPNAME>
     <SHLPFIELD>MATNR</SHLPFIELD>
     <FLPOSITION>0001</FLPOSITION>
     <SHTABLE>ZTAG_MATERIAL</SHTABLE>
     <SHFIELD>MATNR</SHFIELD>
     <SHLPINPUT>X</SHLPINPUT>
     <SHLPOUTPUT>X</SHLPOUTPUT>
     <ROLLNAME>MATNR</ROLLNAME>
     <DOMNAME>MATNR</DOMNAME>
     <DATATYPE>CHAR</DATATYPE>
     <LENG>000018</LENG>
    </DD36M>
    <DD36M>
     <TABNAME>ZTAG_MATERIAL</TABNAME>
     <FIELDNAME>MATNR</FIELDNAME>
     <SHLPNAME>MAT1</SHLPNAME>
     <SHLPFIELD>MATNR_B</SHLPFIELD>
     <FLPOSITION>0003</FLPOSITION>
     <SHTYPE>G</SHTYPE>
     <SHLPINPUT>X</SHLPINPUT>
     <SHLPOUTPUT>X</SHLPOUTPUT>
     <ROLLNAME>MATNR</ROLLNAME>
     <DOMNAME>MATNR</DOMNAME>
     <DATATYPE>CHAR</DATATYPE>
     <LENG>000018</LENG>
    </DD36M>
    <DD36M>
     <TABNAME>ZTAG_MATERIAL</TABNAME>
     <FIELDNAME>MATNR</FIELDNAME>
     <SHLPNAME>MAT1</SHLPNAME>
     <SHLPFIELD>MATNR_HTN</SHLPFIELD>
     <FLPOSITION>0007</FLPOSITION>
     <SHTYPE>G</SHTYPE>
     <SHLPINPUT>X</SHLPINPUT>
     <SHLPOUTPUT>X</SHLPOUTPUT>
     <ROLLNAME>EMATN</ROLLNAME>
     <DOMNAME>MATNR</DOMNAME>
     <DATATYPE>CHAR</DATATYPE>
     <LENG>000018</LENG>
    </DD36M>
    <DD36M>
     <TABNAME>ZTAG_MATERIAL</TABNAME>
     <FIELDNAME>MATNR</FIELDNAME>
     <SHLPNAME>MAT1</SHLPNAME>
     <SHLPFIELD>PLNAL</SHLPFIELD>
     <FLPOSITION>0006</FLPOSITION>
     <SHTYPE>G</SHTYPE>
     <SHLPINPUT>X</SHLPINPUT>
     <SHLPOUTPUT>X</SHLPOUTPUT>
     <ROLLNAME>PLNAL</ROLLNAME>
     <DOMNAME>ALTNR</DOMNAME>
     <DATATYPE>CHAR</DATATYPE>
     <LENG>000002</LENG>
    </DD36M>
    <DD36M>
     <TABNAME>ZTAG_MATERIAL</TABNAME>
     <FIELDNAME>MATNR</FIELDNAME>
     <SHLPNAME>MAT1</SHLPNAME>
     <SHLPFIELD>PLNNR</SHLPFIELD>
     <FLPOSITION>0005</FLPOSITION>
     <SHTYPE>G</SHTYPE>
     <SHLPINPUT>X</SHLPINPUT>
     <SHLPOUTPUT>X</SHLPOUTPUT>
     <ROLLNAME>PLNNR</ROLLNAME>
     <DOMNAME>PLNNR</DOMNAME>
     <DATATYPE>CHAR</DATATYPE>
     <LENG>000008</LENG>
    </DD36M>
    <DD36M>
     <TABNAME>ZTAG_MATERIAL</TABNAME>
     <FIELDNAME>MATNR</FIELDNAME>
     <SHLPNAME>MAT1</SHLPNAME>
     <SHLPFIELD>PLNTY</SHLPFIELD>
     <FLPOSITION>0004</FLPOSITION>
     <SHTYPE>G</SHTYPE>
     <SHLPINPUT>X</SHLPINPUT>
     <SHLPOUTPUT>X</SHLPOUTPUT>
     <ROLLNAME>PLNTY</ROLLNAME>
     <DOMNAME>PLNTY</DOMNAME>
     <DATATYPE>CHAR</DATATYPE>
     <LENG>000001</LENG>
    </DD36M>
    <DD36M>
     <TABNAME>ZTAG_MATERIAL</TABNAME>
     <FIELDNAME>MATNR</FIELDNAME>
     <SHLPNAME>MAT1</SHLPNAME>
     <SHLPFIELD>VKORG</SHLPFIELD>
     <FLPOSITION>0008</FLPOSITION>
     <SHTYPE>G</SHTYPE>
     <SHLPINPUT>X</SHLPINPUT>
     <SHLPOUTPUT>X</SHLPOUTPUT>
     <ROLLNAME>VKORG</ROLLNAME>
     <DOMNAME>VKORG</DOMNAME>
     <DATATYPE>CHAR</DATATYPE>
     <LENG>000004</LENG>
     <DEFAULTVAL>VKO</DEFAULTVAL>
     <DEFAULTTYP>G</DEFAULTTYP>
    </DD36M>
    <DD36M>
     <TABNAME>ZTAG_MATERIAL</TABNAME>
     <FIELDNAME>MATNR</FIELDNAME>
     <SHLPNAME>MAT1</SHLPNAME>
     <SHLPFIELD>VTWEG</SHLPFIELD>
     <FLPOSITION>0009</FLPOSITION>
     <SHTYPE>G</SHTYPE>
     <SHLPINPUT>X</SHLPINPUT>
     <SHLPOUTPUT>X</SHLPOUTPUT>
     <ROLLNAME>VTWEG</ROLLNAME>
     <DOMNAME>VTWEG</DOMNAME>
     <DATATYPE>CHAR</DATATYPE>
     <LENG>000002</LENG>
     <DEFAULTVAL>VTW</DEFAULTVAL>
     <DEFAULTTYP>G</DEFAULTTYP>
    </DD36M>
    <DD36M>
     <TABNAME>ZTAG_MATERIAL</TABNAME>
     <FIELDNAME>MATNR</FIELDNAME>
     <SHLPNAME>MAT1</SHLPNAME>
     <SHLPFIELD>WERKS</SHLPFIELD>
     <FLPOSITION>0002</FLPOSITION>
     <SHTYPE>G</SHTYPE>
     <SHLPINPUT>X</SHLPINPUT>
     <SHLPOUTPUT>X</SHLPOUTPUT>
     <ROLLNAME>WERKS_D</ROLLNAME>
     <DOMNAME>WERKS</DOMNAME>
     <DATATYPE>CHAR</DATATYPE>
     <LENG>000004</LENG>
     <DEFAULTVAL>WRK</DEFAULTVAL>
     <DEFAULTTYP>G</DEFAULTTYP>
    </DD36M>
    <DD36M>
     <TABNAME>ZTAG_MATERIAL</TABNAME>
     <FIELDNAME>SGT_CSGR</FIELDNAME>
     <SHLPNAME>SGT_CSGR</SHLPNAME>
     <SHLPFIELD>SGT_CSGR</SHLPFIELD>
     <FLPOSITION>0001</FLPOSITION>
     <SHTABLE>ZTAG_MATERIAL</SHTABLE>
     <SHFIELD>SGT_CSGR</SHFIELD>
     <SHLPINPUT>X</SHLPINPUT>
     <SHLPOUTPUT>X</SHLPOUTPUT>
     <ROLLNAME>SGT_CSGR</ROLLNAME>
     <DOMNAME>SGT_CSGR</DOMNAME>
     <DATATYPE>CHAR</DATATYPE>
     <LENG>000004</LENG>
    </DD36M>
   </DD36M>
  </asx:values>
 </asx:abap>
</abapGit>
