﻿<?xml version="1.0" encoding="utf-8"?>
<abapGit version="v1.0.0" serializer="LCL_OBJECT_TTYP" serializer_version="v1.0.0">
 <asx:abap xmlns:asx="http://www.sap.com/abapxml" version="1.0">
  <asx:values>
   <DD40V>
    <TYPENAME>ZTAGIR_NOTAS</TYPENAME>
    <DDLANGUAGE>P</DDLANGUAGE>
    <ROWTYPE>ZEAGIR_NOTAS</ROWTYPE>
    <ROWKIND>S</ROWKIND>
    <DATATYPE>STRU</DATATYPE>
    <ACCESSMODE>T</ACCESSMODE>
    <KEYDEF>D</KEYDEF>
    <KEYKIND>N</KEYKIND>
    <DDTEXT>Tipo de tabela para dados das notas T2 e T3.</DDTEXT>
   </DD40V>
  </asx:values>
 </asx:abap>
</abapGit>
