﻿<?xml version="1.0" encoding="utf-8"?>
<abapGit version="v1.0.0" serializer="LCL_OBJECT_TABL" serializer_version="v1.0.0">
 <asx:abap xmlns:asx="http://www.sap.com/abapxml" version="1.0">
  <asx:values>
   <DD02V>
    <TABNAME>ZTAG_CEPC</TABNAME>
    <DDLANGUAGE>P</DDLANGUAGE>
    <TABCLASS>INTTAB</TABCLASS>
    <DDTEXT>Estrutura S_CEPC Cockpit de migração Centro de Lucro</DDTEXT>
   </DD02V>
   <DD03P_TABLE>
    <DD03P>
     <TABNAME>ZTAG_CEPC</TABNAME>
     <FIELDNAME>KOKRS</FIELDNAME>
     <POSITION>0001</POSITION>
     <ROLLNAME>KOKRS</ROLLNAME>
     <ADMINFIELD>0</ADMINFIELD>
     <COMPTYPE>E</COMPTYPE>
    </DD03P>
    <DD03P>
     <TABNAME>ZTAG_CEPC</TABNAME>
     <FIELDNAME>PRCTR</FIELDNAME>
     <POSITION>0002</POSITION>
     <ROLLNAME>PRCTR</ROLLNAME>
     <ADMINFIELD>0</ADMINFIELD>
     <SHLPORIGIN>D</SHLPORIGIN>
     <COMPTYPE>E</COMPTYPE>
    </DD03P>
    <DD03P>
     <TABNAME>ZTAG_CEPC</TABNAME>
     <FIELDNAME>BUKRS</FIELDNAME>
     <POSITION>0003</POSITION>
     <ROLLNAME>BUKRS</ROLLNAME>
     <ADMINFIELD>0</ADMINFIELD>
     <SHLPORIGIN>D</SHLPORIGIN>
     <COMPTYPE>E</COMPTYPE>
    </DD03P>
    <DD03P>
     <TABNAME>ZTAG_CEPC</TABNAME>
     <FIELDNAME>DATAB</FIELDNAME>
     <POSITION>0004</POSITION>
     <ROLLNAME>DATAB</ROLLNAME>
     <ADMINFIELD>0</ADMINFIELD>
     <SHLPORIGIN>T</SHLPORIGIN>
     <COMPTYPE>E</COMPTYPE>
    </DD03P>
    <DD03P>
     <TABNAME>ZTAG_CEPC</TABNAME>
     <FIELDNAME>DATBI</FIELDNAME>
     <POSITION>0005</POSITION>
     <ROLLNAME>DATBI</ROLLNAME>
     <ADMINFIELD>0</ADMINFIELD>
     <SHLPORIGIN>T</SHLPORIGIN>
     <COMPTYPE>E</COMPTYPE>
    </DD03P>
    <DD03P>
     <TABNAME>ZTAG_CEPC</TABNAME>
     <FIELDNAME>LANGU</FIELDNAME>
     <POSITION>0006</POSITION>
     <ROLLNAME>SPRAS</ROLLNAME>
     <ADMINFIELD>0</ADMINFIELD>
     <SHLPORIGIN>D</SHLPORIGIN>
     <COMPTYPE>E</COMPTYPE>
    </DD03P>
    <DD03P>
     <TABNAME>ZTAG_CEPC</TABNAME>
     <FIELDNAME>KTEXT</FIELDNAME>
     <POSITION>0007</POSITION>
     <ROLLNAME>KTEXT</ROLLNAME>
     <ADMINFIELD>0</ADMINFIELD>
     <COMPTYPE>E</COMPTYPE>
    </DD03P>
    <DD03P>
     <TABNAME>ZTAG_CEPC</TABNAME>
     <FIELDNAME>LTEXT</FIELDNAME>
     <POSITION>0008</POSITION>
     <ROLLNAME>LTEXT</ROLLNAME>
     <ADMINFIELD>0</ADMINFIELD>
     <COMPTYPE>E</COMPTYPE>
    </DD03P>
    <DD03P>
     <TABNAME>ZTAG_CEPC</TABNAME>
     <FIELDNAME>VERAK</FIELDNAME>
     <POSITION>0009</POSITION>
     <ROLLNAME>VERAPC</ROLLNAME>
     <ADMINFIELD>0</ADMINFIELD>
     <COMPTYPE>E</COMPTYPE>
    </DD03P>
    <DD03P>
     <TABNAME>ZTAG_CEPC</TABNAME>
     <FIELDNAME>VERAK_USER</FIELDNAME>
     <POSITION>0010</POSITION>
     <ROLLNAME>VERAPC_USER</ROLLNAME>
     <ADMINFIELD>0</ADMINFIELD>
     <SHLPORIGIN>D</SHLPORIGIN>
     <COMPTYPE>E</COMPTYPE>
    </DD03P>
    <DD03P>
     <TABNAME>ZTAG_CEPC</TABNAME>
     <FIELDNAME>KHINR</FIELDNAME>
     <POSITION>0011</POSITION>
     <ROLLNAME>PHINR</ROLLNAME>
     <ADMINFIELD>0</ADMINFIELD>
     <COMPTYPE>E</COMPTYPE>
    </DD03P>
    <DD03P>
     <TABNAME>ZTAG_CEPC</TABNAME>
     <FIELDNAME>ABTEI</FIELDNAME>
     <POSITION>0012</POSITION>
     <ROLLNAME>ABTEIL</ROLLNAME>
     <ADMINFIELD>0</ADMINFIELD>
     <COMPTYPE>E</COMPTYPE>
    </DD03P>
    <DD03P>
     <TABNAME>ZTAG_CEPC</TABNAME>
     <FIELDNAME>SEGMENT</FIELDNAME>
     <POSITION>0013</POSITION>
     <ROLLNAME>FB_SEGMENT</ROLLNAME>
     <ADMINFIELD>0</ADMINFIELD>
     <COMPTYPE>E</COMPTYPE>
    </DD03P>
    <DD03P>
     <TABNAME>ZTAG_CEPC</TABNAME>
     <FIELDNAME>PCA_TEMPLATE</FIELDNAME>
     <POSITION>0014</POSITION>
     <ROLLNAME>PCA_TEMPLATE</ROLLNAME>
     <ADMINFIELD>0</ADMINFIELD>
     <COMPTYPE>E</COMPTYPE>
    </DD03P>
    <DD03P>
     <TABNAME>ZTAG_CEPC</TABNAME>
     <FIELDNAME>ANRED</FIELDNAME>
     <POSITION>0015</POSITION>
     <ROLLNAME>ANRED</ROLLNAME>
     <ADMINFIELD>0</ADMINFIELD>
     <COMPTYPE>E</COMPTYPE>
    </DD03P>
    <DD03P>
     <TABNAME>ZTAG_CEPC</TABNAME>
     <FIELDNAME>NAME1</FIELDNAME>
     <POSITION>0016</POSITION>
     <ROLLNAME>NAME1_GP</ROLLNAME>
     <ADMINFIELD>0</ADMINFIELD>
     <COMPTYPE>E</COMPTYPE>
    </DD03P>
    <DD03P>
     <TABNAME>ZTAG_CEPC</TABNAME>
     <FIELDNAME>NAME2</FIELDNAME>
     <POSITION>0017</POSITION>
     <ROLLNAME>NAME2_GP</ROLLNAME>
     <ADMINFIELD>0</ADMINFIELD>
     <COMPTYPE>E</COMPTYPE>
    </DD03P>
    <DD03P>
     <TABNAME>ZTAG_CEPC</TABNAME>
     <FIELDNAME>NAME3</FIELDNAME>
     <POSITION>0018</POSITION>
     <ROLLNAME>NAME3_GP</ROLLNAME>
     <ADMINFIELD>0</ADMINFIELD>
     <COMPTYPE>E</COMPTYPE>
    </DD03P>
    <DD03P>
     <TABNAME>ZTAG_CEPC</TABNAME>
     <FIELDNAME>NAME4</FIELDNAME>
     <POSITION>0019</POSITION>
     <ROLLNAME>NAME4_GP</ROLLNAME>
     <ADMINFIELD>0</ADMINFIELD>
     <COMPTYPE>E</COMPTYPE>
    </DD03P>
    <DD03P>
     <TABNAME>ZTAG_CEPC</TABNAME>
     <FIELDNAME>STRAS</FIELDNAME>
     <POSITION>0020</POSITION>
     <ROLLNAME>STRAS_GP</ROLLNAME>
     <ADMINFIELD>0</ADMINFIELD>
     <COMPTYPE>E</COMPTYPE>
    </DD03P>
    <DD03P>
     <TABNAME>ZTAG_CEPC</TABNAME>
     <FIELDNAME>ORT01</FIELDNAME>
     <POSITION>0021</POSITION>
     <ROLLNAME>ORT01_GP</ROLLNAME>
     <ADMINFIELD>0</ADMINFIELD>
     <COMPTYPE>E</COMPTYPE>
    </DD03P>
    <DD03P>
     <TABNAME>ZTAG_CEPC</TABNAME>
     <FIELDNAME>ORT02</FIELDNAME>
     <POSITION>0022</POSITION>
     <ROLLNAME>ORT02_GP</ROLLNAME>
     <ADMINFIELD>0</ADMINFIELD>
     <COMPTYPE>E</COMPTYPE>
    </DD03P>
    <DD03P>
     <TABNAME>ZTAG_CEPC</TABNAME>
     <FIELDNAME>LAND1</FIELDNAME>
     <POSITION>0023</POSITION>
     <ROLLNAME>LAND1</ROLLNAME>
     <ADMINFIELD>0</ADMINFIELD>
     <COMPTYPE>E</COMPTYPE>
    </DD03P>
    <DD03P>
     <TABNAME>ZTAG_CEPC</TABNAME>
     <FIELDNAME>SPRAS</FIELDNAME>
     <POSITION>0024</POSITION>
     <ROLLNAME>SPRAS</ROLLNAME>
     <ADMINFIELD>0</ADMINFIELD>
     <SHLPORIGIN>D</SHLPORIGIN>
     <COMPTYPE>E</COMPTYPE>
    </DD03P>
    <DD03P>
     <TABNAME>ZTAG_CEPC</TABNAME>
     <FIELDNAME>TELBX</FIELDNAME>
     <POSITION>0025</POSITION>
     <ROLLNAME>TELBX</ROLLNAME>
     <ADMINFIELD>0</ADMINFIELD>
     <COMPTYPE>E</COMPTYPE>
    </DD03P>
    <DD03P>
     <TABNAME>ZTAG_CEPC</TABNAME>
     <FIELDNAME>TELF1</FIELDNAME>
     <POSITION>0026</POSITION>
     <ROLLNAME>TELF1</ROLLNAME>
     <ADMINFIELD>0</ADMINFIELD>
     <COMPTYPE>E</COMPTYPE>
    </DD03P>
    <DD03P>
     <TABNAME>ZTAG_CEPC</TABNAME>
     <FIELDNAME>TELF2</FIELDNAME>
     <POSITION>0027</POSITION>
     <ROLLNAME>TELF2</ROLLNAME>
     <ADMINFIELD>0</ADMINFIELD>
     <COMPTYPE>E</COMPTYPE>
    </DD03P>
    <DD03P>
     <TABNAME>ZTAG_CEPC</TABNAME>
     <FIELDNAME>TELFX</FIELDNAME>
     <POSITION>0028</POSITION>
     <ROLLNAME>TELFX</ROLLNAME>
     <ADMINFIELD>0</ADMINFIELD>
     <COMPTYPE>E</COMPTYPE>
    </DD03P>
    <DD03P>
     <TABNAME>ZTAG_CEPC</TABNAME>
     <FIELDNAME>TELTX</FIELDNAME>
     <POSITION>0029</POSITION>
     <ROLLNAME>TELTX</ROLLNAME>
     <ADMINFIELD>0</ADMINFIELD>
     <COMPTYPE>E</COMPTYPE>
    </DD03P>
    <DD03P>
     <TABNAME>ZTAG_CEPC</TABNAME>
     <FIELDNAME>TELX1</FIELDNAME>
     <POSITION>0030</POSITION>
     <ROLLNAME>TELX1</ROLLNAME>
     <ADMINFIELD>0</ADMINFIELD>
     <COMPTYPE>E</COMPTYPE>
    </DD03P>
    <DD03P>
     <TABNAME>ZTAG_CEPC</TABNAME>
     <FIELDNAME>DATLT</FIELDNAME>
     <POSITION>0031</POSITION>
     <ROLLNAME>DATLT</ROLLNAME>
     <ADMINFIELD>0</ADMINFIELD>
     <COMPTYPE>E</COMPTYPE>
    </DD03P>
    <DD03P>
     <TABNAME>ZTAG_CEPC</TABNAME>
     <FIELDNAME>DRNAM</FIELDNAME>
     <POSITION>0032</POSITION>
     <ROLLNAME>PCDNAM</ROLLNAME>
     <ADMINFIELD>0</ADMINFIELD>
     <COMPTYPE>E</COMPTYPE>
    </DD03P>
    <DD03P>
     <TABNAME>ZTAG_CEPC</TABNAME>
     <FIELDNAME>TXJCD</FIELDNAME>
     <POSITION>0033</POSITION>
     <ROLLNAME>TXJCD</ROLLNAME>
     <ADMINFIELD>0</ADMINFIELD>
     <COMPTYPE>E</COMPTYPE>
    </DD03P>
    <DD03P>
     <TABNAME>ZTAG_CEPC</TABNAME>
     <FIELDNAME>PFACH</FIELDNAME>
     <POSITION>0034</POSITION>
     <ROLLNAME>PFACH</ROLLNAME>
     <ADMINFIELD>0</ADMINFIELD>
     <COMPTYPE>E</COMPTYPE>
    </DD03P>
    <DD03P>
     <TABNAME>ZTAG_CEPC</TABNAME>
     <FIELDNAME>PSTLZ</FIELDNAME>
     <POSITION>0035</POSITION>
     <ROLLNAME>PSTLZ</ROLLNAME>
     <ADMINFIELD>0</ADMINFIELD>
     <COMPTYPE>E</COMPTYPE>
    </DD03P>
    <DD03P>
     <TABNAME>ZTAG_CEPC</TABNAME>
     <FIELDNAME>PSTL2</FIELDNAME>
     <POSITION>0036</POSITION>
     <ROLLNAME>PSTL2</ROLLNAME>
     <ADMINFIELD>0</ADMINFIELD>
     <COMPTYPE>E</COMPTYPE>
    </DD03P>
    <DD03P>
     <TABNAME>ZTAG_CEPC</TABNAME>
     <FIELDNAME>REGIO</FIELDNAME>
     <POSITION>0037</POSITION>
     <ROLLNAME>REGIO</ROLLNAME>
     <ADMINFIELD>0</ADMINFIELD>
     <COMPTYPE>E</COMPTYPE>
    </DD03P>
    <DD03P>
     <TABNAME>ZTAG_CEPC</TABNAME>
     <FIELDNAME>LOCK_IND</FIELDNAME>
     <POSITION>0038</POSITION>
     <ROLLNAME>LOCK_IND</ROLLNAME>
     <ADMINFIELD>0</ADMINFIELD>
     <COMPTYPE>E</COMPTYPE>
    </DD03P>
   </DD03P_TABLE>
  </asx:values>
 </asx:abap>
</abapGit>
