﻿<?xml version="1.0" encoding="utf-8"?>
<abapGit version="v1.0.0" serializer="LCL_OBJECT_DTEL" serializer_version="v1.0.0">
 <asx:abap xmlns:asx="http://www.sap.com/abapxml" version="1.0">
  <asx:values>
   <DD04V>
    <ROLLNAME>ZTIR_PR</ROLLNAME>
    <DDLANGUAGE>P</DDLANGUAGE>
    <DOMNAME>ZDEC6_2</DOMNAME>
    <HEADLEN>55</HEADLEN>
    <SCRLEN1>10</SCRLEN1>
    <SCRLEN2>20</SCRLEN2>
    <SCRLEN3>40</SCRLEN3>
    <DDTEXT>TIR do Projeto</DDTEXT>
    <REPTEXT>TIR Projeto</REPTEXT>
    <SCRTEXT_S>TIR P.</SCRTEXT_S>
    <SCRTEXT_M>TIR Projeto</SCRTEXT_M>
    <SCRTEXT_L>TIR Projeto</SCRTEXT_L>
    <DTELMASTER>P</DTELMASTER>
    <REFKIND>D</REFKIND>
   </DD04V>
  </asx:values>
 </asx:abap>
</abapGit>
