﻿<?xml version="1.0" encoding="utf-8"?>
<abapGit version="v1.0.0" serializer="LCL_OBJECT_DTEL" serializer_version="v1.0.0">
 <asx:abap xmlns:asx="http://www.sap.com/abapxml" version="1.0">
  <asx:values>
   <DD04V>
    <ROLLNAME>ZTM_DEPR</ROLLNAME>
    <DDLANGUAGE>P</DDLANGUAGE>
    <DOMNAME>ZDEC6_2</DOMNAME>
    <HEADLEN>55</HEADLEN>
    <SCRLEN1>10</SCRLEN1>
    <SCRLEN2>20</SCRLEN2>
    <SCRLEN3>40</SCRLEN3>
    <DDTEXT>Taxa média de depreciação</DDTEXT>
    <REPTEXT>Taxa Média Depreciação</REPTEXT>
    <SCRTEXT_S>T.M.Dep.</SCRTEXT_S>
    <SCRTEXT_M>Tax.Méd.Dep.</SCRTEXT_M>
    <SCRTEXT_L>Taxa Média Dep.</SCRTEXT_L>
    <DTELMASTER>P</DTELMASTER>
    <REFKIND>D</REFKIND>
   </DD04V>
  </asx:values>
 </asx:abap>
</abapGit>
