﻿<?xml version="1.0" encoding="utf-8"?>
<abapGit version="v1.0.0" serializer="LCL_OBJECT_DTEL" serializer_version="v1.0.0">
 <asx:abap xmlns:asx="http://www.sap.com/abapxml" version="1.0">
  <asx:values>
   <DD04V>
    <ROLLNAME>ZVALCARAC</ROLLNAME>
    <DDLANGUAGE>P</DDLANGUAGE>
    <DOMNAME>CHAR2</DOMNAME>
    <HEADLEN>20</HEADLEN>
    <SCRLEN1>10</SCRLEN1>
    <SCRLEN2>20</SCRLEN2>
    <SCRLEN3>20</SCRLEN3>
    <DDTEXT>VALOR CARACTERISTICA ZEQM</DDTEXT>
    <REPTEXT>Valor Caracteristica</REPTEXT>
    <SCRTEXT_S>Val.Carac.</SCRTEXT_S>
    <SCRTEXT_M>Valor Caracteristica</SCRTEXT_M>
    <SCRTEXT_L>Valor Caracteristica</SCRTEXT_L>
    <DTELMASTER>P</DTELMASTER>
    <REFKIND>D</REFKIND>
   </DD04V>
  </asx:values>
 </asx:abap>
</abapGit>
